TripID,HighCarbon
2,0.9993035758305843
4,0.024322216555151467
5,0.9456502705979688
14,0.0013797594799058884
15,0.0003378983783557151
17,0.001688025904727503
22,0.9953322397970595
23,0.9990248120519722
25,0.00010133459121187182
30,0.02156140655230602
35,0.9957889976936457
39,0.00109535330520795
45,0.9991003316518542
50,0.002874617363421261
51,0.0037587347963461914
55,0.9951049090244167
64,0.9986250416966778
65,0.0010546761872639548
68,0.0060099315812709745
72,0.0015823448464508934
73,0.0009750780168513561
78,0.9982694054941018
80,0.0002107532566014181
86,0.0007961208364367034
87,0.0006276658157700336
96,0.0015105090834870692
97,0.005337026217990656
101,0.00014354840688591934
102,0.0009995282089380337
106,0.9988922089684865
107,0.00018735651218633483
118,0.0013998361044920199
122,0.0007178273118036872
130,0.0007687546215149313
140,0.9986250416966778
141,0.0001249335316824249
144,0.9992204912809851
147,0.00031913016975200286
157,0.9986150679886043
160,0.0009456668324539181
161,0.0013433931187105124
167,0.9998947182232344
168,0.9965792083182303
172,0.9998843388243792
176,0.0053820365090990795
181,0.9978871768210575
183,0.0007820658970728917
186,0.0006952652153043761
189,0.0022102510969845574
191,0.001118401768700014
193,0.9997048869149655
194,0.0013859655101329008
197,0.000716093078974964
204,0.0008102771646394526
207,0.0026034271767405273
212,0.0010702743449106339
214,0.0010515251242219138
216,0.001382159831341408
217,0.9986173639076616
218,0.9434841976691026
219,0.0010162356998530135
232,0.0003593481477031942
236,0.00026842146796269607
239,0.0009905850445355844
248,0.9975161092532244
251,0.2334037516018514
252,0.0006250764411693114
253,0.00031802703645052453
255,0.0006966879998615981
256,0.00020077750338377059
261,0.0008345853347868831
269,0.22616402368765462
276,0.0004776102517664871
277,0.23707900843612423
279,0.003979479019974733
281,0.996195564201025
282,0.005564197379757455
286,0.9986150679886043
288,0.22657127283688758
293,0.00033730234091850425
301,0.0003040796637317464
304,0.0006966879998615981
312,0.0009325510881552475
316,0.0009764150218833185
317,0.9991576791659289
318,0.997808141322145
320,0.0007687546215149313
324,0.001403374134628198
326,0.00013596646775542156
329,0.019714779477397554
332,0.9990151772300665
338,0.00016820181473910684
339,6.508105555354243e-05
341,0.0010659507768699394
343,0.0004785357156171342
354,0.9762227434509326
362,0.0013977062264361097
368,0.0014105118206887458
369,0.001569266383511211
377,0.0013598879185060396
381,0.9440090207245707
386,0.0016282755843287427
389,0.00020887746718513257
397,0.0013807078156257227
398,0.0017758087700145064
402,0.0009849372860514824
403,0.9999224140948996
404,0.0015418364775558083
420,0.0004565672965148778
421,0.00020884068315095503
423,0.9991055584941277
430,0.00016834333424056266
431,0.0001715994030949719
433,0.0015774287329373541
441,0.001443368728885193
443,0.05261139733623271
445,0.002223398407317649
452,0.001045566547486201
457,0.0009443391308612227
460,0.0006289196837838304
467,0.00014934220705054653
468,0.9928582326353693
473,0.0014063423287025028
474,0.003031382780646169
475,0.0013983658748103302
478,0.0001584743068609216
480,0.0016444973130404562
482,9.219678754883879e-05
485,0.0021692987623415545
495,0.0008064696689403108
499,0.0006975773853028527
502,0.0016815638592475367
503,0.0004605444677083014
514,0.9986148385569192
519,0.00042093688702251827
521,0.0010498717178804523
523,9.92072768368984e-05
526,0.0011659805210538926
533,0.0003833216440874912
539,0.00012810995138969595
541,0.9986152123415882
545,0.9979238899594705
555,0.0011115263726466994
561,0.0001715421380401947
574,0.0014213447137369202
575,0.0007136205926790002
578,0.08261133901483493
585,0.002267196645489767
596,0.0014083542789360148
619,0.00044842599056566857
625,0.0015077387480471806
627,0.0022297145041353782
629,0.9961847133112449
631,0.0343481214676826
632,0.010447108500273068
634,0.00045209351121736036
635,0.0065340052187193645
638,0.003328988748547192
639,0.0006966879998615981
652,0.00040078742750663144
656,0.0006952652153043761
659,0.9990224760242282
661,0.0007152804813962
666,0.2322909368814095
671,0.0003294762641287434
679,0.0010891633546953646
680,0.9986150679886043
681,0.0003391344488233109
682,0.0014327111694929886
684,0.00013960206760791328
687,0.978080334877037
692,0.0038749197707681387
700,0.0008610981647430659
704,0.001527182025207168
721,0.00014101076831544613
723,0.03173146431108168
725,0.0006966879998615981
726,0.23492172791525795
728,0.9999177462913829
730,0.9985304508398936
731,0.004527249387607052
735,0.0004438492226143948
737,0.9970701099818929
740,0.0021845998079069104
743,9.91908238384227e-05
744,0.0014165266333115599
754,0.9989381977636496
757,0.999222892450809
760,0.000941781062092533
765,0.9986220116109129
768,0.0002018334887145647
770,0.9985758113591313
771,0.9980521362461101
773,0.00031823880194634715
775,0.0014921645947210047
776,0.9997875786964553
777,0.9986148385569192
781,0.0001020200029126596
783,0.0009913590952857535
784,0.00012749985095464057
792,0.9985758113591313
805,0.03689517147892809
806,0.0010495789483104545
810,0.000606681329771722
822,0.00020602006767317228
826,0.9999218717285274
828,0.00014307994451519428
829,0.9986150679886043
831,0.001122797605020284
833,0.003191535193326797
840,0.00013438772727710066
843,0.9948958219981844
844,0.0022064227003185154
852,0.0004005507501715504
854,0.00014201681104252366
856,0.9970947342232688
857,0.9997025178172833
864,0.0036619486781165967
865,0.0004837671884255228
870,0.9973842694911359
871,0.0013362002191384499
874,0.9438863038036781
875,0.9997895042510794
877,0.001066492888589411
878,0.0010464430983698882
879,0.0016125113353659994
881,0.9433791685116685
882,0.0003189178113029457
883,0.0008040923358223019
884,0.00046108009743583376
886,0.998858241333915
894,0.0011574565388684864
897,0.001394361743636382
903,0.0007194461401356953
910,0.0002744002368313127
912,0.0014667610237057164
913,0.0013345187568387712
914,0.9992010986955515
916,0.0004562602850487787
924,0.0006909120325299358
927,0.0013620858330090969
936,0.0029479225815208393
939,0.9976702125219372
944,0.00031802703645052453
950,0.001327806224507608
952,4.746770054502868e-05
961,0.00043771478947017816
962,0.07935855596159443
963,0.0004540148083507719
967,0.00016539262278542473
968,0.1782862859348721
977,0.00012728058629516497
980,0.0013590216847347931
990,0.9992173748566888
1000,0.003320466928975873
1005,0.0004751250430986574
1010,0.9992539790978985
1013,0.22657127283688758
1015,0.0034519434727436587
1017,0.0032288331131824608
1021,0.9989548669773387
1029,0.0003862358095939975
1032,0.9989506302640918
1036,0.0007942882408871289
1039,0.0015384384182254762
1040,0.006147152496976822
1041,0.0006788364613492518
1043,0.0006315454715407686
1044,0.001543722541446402
1056,0.0010498717178804523
1057,0.0004542818517718138
1058,0.0003072319984197359
1059,0.9948673183602355
1062,0.000664710202014343
1063,0.9986511031320976
1068,0.00031966007170218405
1070,0.00020363357405752376
1072,0.9963475147063604
1078,0.03158607623039976
1079,0.0006966879998615981
1083,0.002552242517961433
1088,0.0010358251047668057
1102,0.996595616901156
1107,0.0006998527145761828
1108,0.004091446872082971
1114,0.0013354064721763487
1125,0.0007869543713214612
1126,0.0007000677441272146
1130,0.9977134869243741
1132,7.554506510654382e-05
1133,0.9988955185476442
1136,0.0006516582426375297
1139,0.9985189866100438
1141,0.00041818560321133153
1142,0.0010602011115298858
1143,0.0034017541553191043
1148,0.0001412760957164669
1149,0.006436881562970649
1150,0.9986213464399434
1154,0.0013807234226369343
1155,0.0006966879998615981
1161,0.0002303498886978759
1162,0.0015314094120294794
1167,0.03322448141963835
1174,0.01682813787281074
1179,0.0034230704925683033
1184,0.999025280608311
1185,0.0013807234226369343
1191,0.00019343363594046738
1192,0.9990370690216697
1196,0.0007485157762202784
1198,0.0008054993265285307
1207,0.0006987764805758616
1208,0.00012594118267952065
1209,0.00261520108947524
1217,0.0015673140133044914
1219,0.0002024316013305286
1220,0.996174660796501
1224,0.9999111818246753
1228,0.0003395731711185676
1230,0.0007053293608580809
1237,0.00014303030071388163
1239,0.0012374034617830027
1244,0.0005049528703674237
1256,0.000773789634902593
1259,0.0025757711358444235
1260,0.004999086436763649
1267,0.0007299368714411879
1269,0.00048419982464472056
1283,0.22616402368765462
1296,0.9988731279288929
1305,0.9984522375418247
1310,0.9984833821908372
1314,0.01868535653194431
1319,0.9841209882738221
1324,0.0012633570597341728
1327,0.00033657040717281186
1329,0.9978049268741408
1332,0.00010104203308898442
1340,0.9991740986237426
1341,0.03365721300009547
1342,0.00033657040717281186
1343,0.032129347712674165
1344,0.000129118428614376
1346,0.9972879581573668
1349,0.000201032646472747
1353,0.2316178747991679
1356,0.9972748034534136
1365,0.9992542590567387
1367,9.46023134591292e-05
1369,0.9986148385569192
1378,0.0005141137424482493
1379,0.0007776099047696272
1383,0.0014587434557046936
1386,0.9988590782506461
1391,0.0001383828100170408
1393,0.00035897881909963255
1397,0.9986250416966778
1398,0.002010828104581806
1401,0.0006524861954880793
1404,0.9938049374829087
1407,0.23419717249782482
1410,0.9984914172763768
1412,0.9980014057754125
1414,0.0008441986950615683
1419,0.0002066153384988237
1422,0.0004523145365478097
1423,0.03735620456663652
1431,0.9954389772012497
1434,0.024359673832553396
1436,0.001128068214592131
1448,0.0007304683593448643
1450,0.00020777043920261934
1453,0.00016827557509110677
1455,0.0017282781453393358
1456,0.01682813787281074
1457,0.0003373615511347423
1461,0.00043166422383975387
1466,0.0008591080886086861
1470,0.0005056783195396325
1473,0.996324094814836
1485,0.0015066468214914616
1487,0.0012569346666292764
1492,0.0010539603288021507
1497,0.9975587498833659
1498,0.00038504327987367936
1503,0.0008341315681914699
1506,0.003332839563664476
1508,0.0013845558987120139
1511,0.0002716590097863581
1512,0.001128068214592131
1516,0.9435740778560456
1517,0.0007095752559529764
1518,0.9986250416966778
1519,0.00044500198721634463
1529,0.0006975773853028527
1534,0.008972293365959554
1535,4.7150811992748025e-05
1540,0.0006966879998615981
1542,0.0015170809257357889
1547,0.9999171457417886
1550,0.0020586599262417023
1551,0.03748802351305655
1557,0.0006991751857918094
1559,0.9943315366556362
1560,0.0013360998596810979
1561,0.01970976453966462
1564,0.9986130612074188
1566,0.9994139485647233
1570,0.02201267173571774
1578,0.0011763478858765664
1581,0.999707550778298
1587,0.9468303464553104
1588,0.0010310149728292356
1590,0.00029975135599540043
1592,0.0014124224866748445
1593,0.0009796335361755824
1599,0.004152766496217619
1604,0.99889534276839
1607,9.358790263880217e-05
1610,0.03637620842422638
1612,0.0011050721376588872
1613,0.0005153982492839577
1615,0.00031802703645052453
1633,0.00014872963947502827
1638,0.00379515572591715
1644,0.0013357577876434072
1645,0.9441399216225865
1648,5.184478932309019e-05
1651,0.9989399409667612
1654,0.001093019335000773
1661,0.001087583569821518
1662,0.9984878332707315
1665,0.9986215084965827
1668,0.0048196701598743905
1674,0.00117665897177392
1678,0.9992179810030387
1679,0.9990454598647192
1682,0.0012724737608096409
1685,0.0008933456082518507
1689,0.0007149397458256945
1697,0.0013440388292621003
1702,0.0010568227369276986
1715,0.0010838726326008858
1716,0.9983730458788813
1721,0.9990698373458133
1722,0.0026656921793411317
1725,0.0011903645065151007
1730,0.0004662021157148164
1731,0.0021450668856547385
1732,0.22616074094976135
1738,0.9949821472742235
1739,0.00022642379618704298
1740,0.0013291188624175454
1743,0.0014838455200156238
1752,0.0013291188624175454
1764,0.9998839371965492
1766,0.9991956331740416
1770,0.998858241333915
1777,0.0021371690496769
1778,0.0026707206978534783
1780,0.9970192272901017
1792,0.00014217049444711094
1794,0.9993077191124073
1801,0.00033908595636436984
1802,0.0005741599417897565
1803,0.0013590831895222099
1805,0.0003030240665569263
1807,0.0014086027731200796
1810,0.0016649380353092717
1818,0.003114856458824918
1819,0.00020183324282521716
1821,0.00027488142307356667
1823,0.001047006435444386
1830,0.22616074094976135
1831,0.0005733908822528276
1834,0.024322216555151467
1836,0.0013345187568387712
1843,0.000429601126513085
1857,0.00021185458148756107
1859,0.03163701215661364
1860,0.9970312043244436
1866,0.0019316480855878888
1868,0.00020498372974372026
1876,0.006074447085320704
1883,0.00047943225322451933
1887,0.0013401025523787251
1889,0.0009465510075046604
1891,0.9992007789429506
1896,0.001128266723528221
1901,0.001088977383243208
1902,0.0026070764087928362
1912,0.0006492743906987432
1917,0.0016292557271405828
1919,0.0014396886315899773
1921,0.9986233753235936
1934,0.9969783919943701
1935,0.0004237316784229244
1939,0.23256578420239737
1941,0.0001588383601424352
1942,0.001166575133822266
1949,0.9992179810030387
1956,0.00014950440735487654
1962,0.00014006753523286368
1970,0.0006966879998615981
1973,0.9985874775387464
1985,0.0001931429418002607
1990,0.0013394070904072398
1996,0.0006975773853028527
2003,0.001128266723528221
2007,0.9988499804070835
2008,0.9990451041097878
2010,0.00044797526749627717
2011,0.00015229962517041606
2016,0.0005484094532444565
2018,0.001033677347273823
2022,0.23492172791525795
2024,0.00016036363718222808
2028,0.9984799216367759
2030,0.9431021164465473
2032,0.0011719449532482838
2033,8.64607205346125e-05
2035,0.0013807284361582355
2038,0.001049268343530753
2039,0.00013008253990832774
2042,0.23205063981404345
2047,0.0007870875850427992
2052,0.008381471876364437
2053,0.9970370609445781
2054,0.032372272373532976
2066,0.0005956633256520398
2067,0.0001397852917695352
2068,0.9982614761679669
2077,0.9990525046916845
2080,0.9985758113591313
2089,0.0001723499372431388
2094,0.0013362002191384499
2097,0.000622151618780263
2099,0.0003060436739026612
2101,0.0001473867082121607
2103,0.0006011759055944228
2110,0.0010675244341294464
2113,0.00033164426802707533
2120,0.0010515251242219138
2121,0.9973842694911359
2126,0.05939123486446589
2129,0.9486830464358856
2130,0.9990861459498478
2133,0.9439406534261792
2134,0.019676593562196563
2137,0.9432387644767656
2138,0.9986146802480945
2144,0.015885321505857586
2145,0.2336795148284603
2147,0.000310656403015013
2153,0.0007012711171792562
2155,0.00012697647159423683
2157,0.23199316952560484
2158,0.001326923554743817
2161,8.711212493589667e-05
2169,0.0003845501855031897
2170,0.0013242969579221372
2175,0.9990112681772476
2179,0.00043376422245854074
2182,0.9962365120106295
2186,0.002172185474184375
2187,0.0004783523770525555
2194,0.0007687546215149313
2195,0.9984914172763768
2197,0.0007687546215149313
2209,0.0010658334030472913
2211,0.22709659507387725
2216,0.000439558361938581
2220,0.22657127283688758
2222,0.0014327111694929886
2228,0.9449308547777269
2229,0.09231889731325169
2240,0.0016784801639841286
2246,0.001377461449166267
2247,0.0006998527145761828
2257,0.001978738136889753
2259,0.9992841207199434
2277,0.00036901975920612445
2279,0.00017178021203488738
2281,0.00020136452479231065
2282,0.0014278126277986506
2283,0.9999123187703027
2284,0.9931810537501129
2285,0.17211452472243136
2292,0.003872439375569188
2294,0.9993073192430538
2296,0.00031707509505408835
2302,0.0010864939261666432
2307,0.0007941023199898068
2313,0.0013394070904072398
2315,0.0012421535643830945
2318,0.0008478521599307629
2321,0.001706071801172197
2322,0.24891810476783513
2326,0.0005839639476483587
2329,0.0007422925291802978
2332,0.00045291476917140133
2334,0.9957885368809827
2335,0.942728111426505
2342,0.024588193697947725
2351,0.02444679654284496
2353,0.0014843643231298004
2360,0.23157203953511424
2364,0.9440090207245707
2366,0.9992425827201039
2367,0.9983789789611347
2372,0.23205063981404345
2382,0.0021914120222432634
2387,0.00043368632408815667
2392,0.0034842409669413356
2399,0.9992985052537583
2400,0.9977860862658291
2401,0.0010438782634250496
2402,0.002178928419834957
2403,0.9993043410398336
2406,0.001426375988093961
2410,0.0016901613657716154
2413,8.677135556275989e-05
2416,0.9976977837122145
2420,0.998872448005574
2421,0.000698492488714771
2424,0.001937191592689007
2426,0.9438279693268475
2427,0.0013782411134959298
2439,0.996816301389164
2440,0.9988581160053916
2443,0.00020183100930056523
2446,0.0006991751857918094
2449,0.0006216196888429342
2450,0.0006998527145761828
2457,0.0014984804924129
2462,0.00013805655010296376
2470,0.00030215286009641865
2477,0.000417938017186514
2485,0.0001394649015208636
2488,0.0009923190236818325
2490,0.00014213015286420865
2497,0.9439050937856768
2499,0.9986218533023167
2500,0.001403902349096692
2501,0.0006952652153043761
2502,0.017865516897115363
2511,0.9999039782897413
2512,0.0009423037110337021
2513,0.016192468557662848
2517,0.0007496685596809076
2518,0.0022002054652379933
2519,0.9992603193247441
2522,0.0009405276045379722
2523,0.0009010911273204876
2524,0.00011288487551074059
2525,0.003986569331467224
2531,0.0016623875153925058
2535,0.05127381348068822
2536,0.9965653306462401
2538,0.009122663233465663
2540,0.0014824607699460036
2544,0.0016513733409326062
2545,0.0007415961089447381
2553,0.001093019335000773
2555,0.001684180973993034
2557,0.0008018326342075145
2574,0.9951725963848707
2576,0.0009508290671455808
2578,0.0001429798464302825
2579,0.22709659507387725
2588,0.0011094027783283414
2592,0.03298377016331353
2593,0.23707900843612423
2606,0.23205063981404345
2607,0.0022330381120678907
2609,0.0001366828938668086
2611,0.00020758458840086272
2619,0.0021459776179318358
2625,0.22616074094976135
2626,0.019905507397316044
2627,0.000339088314131921
2629,0.10106443780498947
2640,0.00039909209240462614
2641,0.001104413153653622
2644,0.0014240746653871295
2645,0.00016504918013798971
2656,0.9973176188405037
2659,0.0001412258481723025
2660,0.0005670040430210271
2663,0.00019256725290958836
2668,0.0010739056390038435
2671,8.620270073444879e-05
2673,0.0004770873925318479
2677,0.2400271614213331
2680,0.0010599200231517234
2683,0.005814310227026288
2687,0.9953322397970595
2689,0.0001430215846373775
2691,0.0013341933050195392
2695,0.00020243184794869657
2697,0.0002895244264707033
2698,0.998573734809393
2707,0.0004902751750686793
2709,0.0027381479024551096
2714,0.0019020532464047717
2715,0.0015242959354436363
2716,0.00042996985041240146
2726,0.0013345187568387712
2730,0.9450450651373344
2733,0.001860233658713878
2735,0.0022242734441073127
2745,0.00038022064612457834
2750,0.99921181063249
2754,0.00031739835251124577
2756,0.0007814531275242853
2757,0.9988554390939568
2758,0.000803895851313978
2759,0.9997640284862449
2763,0.0014289310540068776
2773,0.003648585042484606
2774,0.0009897831352879414
2777,0.0016853800244004233
2779,0.9988807823369484
2782,0.9993077872289072
2786,0.9951907878615196
2787,0.0004301367719364042
2790,0.00013563059596470906
2791,0.0021690714613361345
2793,0.000995663509079374
2794,0.000304092077111076
2796,0.9985919046246926
2797,0.00012691815049867364
2798,0.0002451945010311225
2802,0.9997679926311841
2808,0.0007687546215149313
2809,0.0013354064721763487
2817,0.005855760230034376
2819,0.00014946247176227578
2823,0.9993049749471002
2824,0.00014178417050682616
2840,0.0004642554157577296
2851,0.0017296967932082423
2852,0.0013581728177123823
2860,0.1734165126169929
2865,0.23177621742667945
2867,0.0010495789483104545
2883,0.001333095347657979
2887,0.0013348698390800106
2891,0.0047586413884443445
2895,0.0006897317495355265
2902,0.9993376387071892
2905,0.0017058837416984642
2909,0.9986243406587032
2911,0.003204020179198192
2918,0.2332176730289052
2919,0.9944966196276431
2922,0.0013664876456010828
2925,0.001005400143313884
2929,0.0005847895337870189
2930,0.9993272232762381
2935,0.920931484100387
2936,0.9990049028568702
2939,0.9978176693093382
2948,0.03837496350471347
2950,0.0003280585013558878
2958,9.998492566135378e-05
2959,0.9999120960560768
2964,9.782513283019848e-05
2966,7.237823565171123e-05
2969,0.9991713219535672
2980,0.9991464471769107
2981,0.0003378983783557151
2982,0.22986748426052966
2986,0.9933895635971087
2992,0.0007971922020478478
2994,0.9989332837693996
2995,0.999269317073611
2996,0.00013376697852428672
3001,0.03405082329460306
3002,0.999911486303717
3005,0.00020196615289364326
3006,0.001333095347657979
3012,0.9992121292028981
3020,0.9987760569059596
3023,0.0003799730438733853
3025,0.9993008796815203
3026,0.0002628960977847964
3032,0.9954957257601585
3040,0.0003205945825388334
3041,0.000808456936193044
3044,0.03273402795082887
3063,0.23750327661741386
3066,0.99896457405083
3070,0.22657127283688758
3074,0.001403865816763393
3078,0.002578927574658031
3081,0.9990591511873794
3083,0.0028019526346541286
3088,0.9980658351186824
3093,0.9986225556061034
3098,0.00021622584782548802
3099,0.9986150679886043
3102,0.0013322091665977033
3106,0.9951188126164094
3111,0.00031987292424352906
3117,0.0003239266111061788
3128,0.0011152969642302805
3129,0.9911215022745803
3134,0.0011319631303481296
3135,0.0011096634453233688
3138,8.419125866723964e-05
3148,0.05652466751027627
3150,0.00031043376294386947
3153,0.00048322185492693696
3154,0.0007687546215149313
3155,0.0032816850364130157
3157,0.9986148385569192
3159,0.9979829314198065
3166,0.00070480483868547
3167,0.0010566623463535833
3172,0.9989969455531607
3173,0.0007493393618039271
3175,0.008624505245511766
3181,0.9991522296186082
3191,8.379101426163793e-05
3195,0.0007206304492522222
3196,0.999913241617262
3197,0.9988490297451414
3199,0.06844102407268712
3212,0.9986305855476181
3213,0.00021783776497457812
3214,0.00013580424230684983
3217,0.00014295308680796321
3224,0.00010135204227757216
3226,0.9990409335789594
3227,0.005086947668132208
3232,0.0011140061474853619
3235,0.003402645833669296
3237,0.001442539533473039
3240,0.00037700813202939563
3258,0.002609663192177894
3272,0.0010483764125740124
3278,0.018615181237199133
3279,0.00014354283628498896
3280,0.0071757185096528436
3281,0.0010697988637722617
3287,0.9970228561984132
3291,0.005888594111792991
3295,0.032936062951399975
3298,0.0006041499172625852
3306,0.9988581160053916
3308,0.0003234391516444407
3311,0.0013370890514789763
3314,0.0014241589761179538
3320,0.0015139652438961066
3321,0.001105101901805644
3322,0.9993194885757051
3352,0.9954485285887839
3353,0.0008069742022224117
3357,0.00014335451675092314
3359,0.0014482713171809483
3366,0.0015341998651143547
3367,0.9999111818246753
3371,0.008236923788719161
3374,9.1911811336896e-05
3375,0.9977099059174815
3384,0.9985921748732034
3385,0.9978459252491023
3393,0.0010501479945533093
3395,0.017592596350122013
3410,0.0005161456669141851
3412,0.0014602199553996797
3413,0.9974759352422579
3415,0.9981083466632792
3421,0.0013889207357647738
3427,0.00013117014010526285
3436,0.00017098076953840717
3438,0.9992583459400073
3439,0.000177186265464086
3444,0.0036442351020260924
3446,0.000194321986733226
3449,0.0010452471797766732
3452,0.9985921748732034
3455,0.999301762178127
3457,0.9959523595887182
3458,0.003612390477219154
3459,0.998814424661004
3460,0.9988922089684865
3461,0.22657127283688758
3469,0.0013322091665977033
3473,0.0003105500337149383
3474,0.0014529531307316851
3487,0.0013287682912674985
3491,0.00032261533156977413
3498,0.9429498299030813
3499,0.00048407581822976843
3502,0.0006384000072921074
3504,0.0011091020626980126
3505,0.0014569945799023246
3508,0.9756215100725497
3510,0.9991920947350585
3512,0.9986085048964958
3517,0.001986852880479414
3519,0.9986511031320976
3520,0.004794183850412196
3522,0.9986250416966778
3524,8.840230475933811e-05
3538,0.0010350870283492878
3546,0.0001267642169922797
3547,0.0010509522879562382
3552,0.0011718559485597512
3556,0.0007954883107179451
3557,0.9430255880593913
3560,0.0014069869734915654
3565,0.0004473043162086069
3568,0.9988525707111712
3572,0.0007089999174303763
3581,0.001545211016514071
3582,0.000495262699576131
3595,0.9999129494847196
3601,0.0014050584239404232
3605,0.9942831124001149
3607,0.00045832076947172344
3611,0.0004048186991226638
3613,0.0010478153746551816
3614,0.00095305195871153
3618,0.9972748034534136
3627,0.9992794069053658
3634,0.00026849868158010143
3639,0.00109917341256498
3640,0.9993043226025378
3646,0.008179357071606963
3647,0.00014244021765591307
3649,0.0028757405936597814
3653,0.0362920747539464
3654,0.0242666484493299
3657,0.9999057576819895
3664,0.9999111818246753
3673,0.0021527643544181534
3674,0.001333095347657979
3683,0.0009817812428014217
3685,0.0008011085783030556
3698,0.0006966879998615981
3702,0.008939607644796982
3703,0.9986794454611679
3706,0.0010438782634250496
3710,0.001425483066998217
3712,0.0010464430983698882
3715,0.0010498717178804523
3717,0.0007271522304302344
3718,0.000135971590930389
3724,0.001116115776531905
3732,0.00047912513225918766
3733,0.0013695215464835308
3734,0.003627774656689796
3743,0.0004964601434865803
3750,0.00043812886737434794
3751,0.0006952652153043761
3760,0.0010501479945533093
3761,0.00033634396696397944
3762,0.00045832076947172344
3763,0.9965250241249562
3764,0.003618522163506229
3771,0.9986145097923802
3778,0.0003320537579315885
3786,0.0009494656405846528
3787,0.00045949302308857397
3788,0.0013529425047233278
3790,0.0004900097209577174
3791,0.9961796972608673
3793,0.00014588449853182158
3795,0.23214765083129657
3797,0.001516402453107313
3800,0.0007687546215149313
3807,0.005309639518867752
3808,0.0010913575976601397
3812,0.9986290021442883
3813,0.00039931327947351664
3825,0.9986146802480945
3826,0.9945100789428988
3830,0.0003021953764853329
3833,0.00014328462012169277
3835,0.00015039406077757978
3844,0.9943614406169715
3845,0.9784524690895876
3848,0.002653320117505164
3851,0.0007792001975462697
3855,0.9985750852563301
3859,0.9988492322439689
3860,0.0006966879998615981
3861,8.620731962683254e-05
3864,0.9977188946541535
3865,0.0012228839911134486
3866,0.0005446791647044849
3868,0.00013885277478870855
3869,0.9988554390939568
3872,0.004514244336380136
3879,0.9992542590567387
3890,0.9967725434241057
3891,0.0006966879998615981
3893,0.00045293333997350706
3896,0.0013316091916898256
3902,0.0008321800873671592
3903,0.00015752612680351805
3916,0.9980743033337061
3918,0.9997088991142021
3919,0.0007006254789228897
3920,0.0014358286105807573
3923,0.0036222237807345264
3926,0.0010891633546953646
3929,0.9425764195448948
3930,0.0021890623395813946
3932,0.9986587194459242
3945,0.0004829529506778748
3946,0.9988596656641433
3948,0.9986137426461222
3950,0.9984883614884884
3955,0.00048723766324567286
3961,0.9984749579213259
3963,0.9988955185476442
3964,0.0001278334218218236
3965,0.0013348698390800106
3968,0.0004777696726750743
3975,0.0001012365211691143
3977,0.00048036365582085973
3982,0.9992599008673915
3984,0.0013621453380718196
3985,0.0035434214774711617
3989,0.0003485379425604365
3991,0.0008909718636022426
4000,0.001156748333679138
4006,0.00020183125518719229
4017,0.0004110238142832009
4018,0.0010501479945533093
4025,0.0007851023145472337
4028,0.0003768698160848307
4050,0.00013178423019619123
4051,0.0011108639574480648
4057,0.0324071035854402
4067,0.2336795148284603
4068,0.0013849201263588242
4076,0.0010464430983698882
4079,0.002859421827297925
4086,0.0013322091665977033
4087,0.0014758746799037447
4093,0.0003177170241375779
4106,0.033896226470991636
4108,0.9986250416966778
4109,0.00041082386707730865
4110,0.024322216555151467
4114,0.0002268038210374446
4115,0.22657127283688758
4119,0.00016547026129031423
4120,0.001193325636023346
4139,0.9970312043244436
4140,0.00116260493079709
4143,0.00033603557183788785
4149,0.03595970394452134
4152,0.9980649712819689
4154,0.00216778980690961
4159,0.9988720544081383
4165,0.9986236033432372
4167,0.000364916975385082
4169,0.9986278215642707
4172,0.001121999862567175
4173,0.0006991751857918094
4176,0.9993043226025378
4179,0.0019330180034337662
4183,0.003326414673201571
4191,0.9986143618724783
4195,0.005000408850907087
4196,0.002145049465927663
4198,0.001023679830253149
4199,0.9992639122615118
4200,0.00015225735176613948
4204,0.0010648544288156632
4205,0.9992616253557479
4210,0.0004030201558549232
4211,0.002184876232945153
4212,0.9999111818246753
4217,0.00012704607019991166
4223,0.9992204912809851
4225,0.0010702686943196375
4229,0.0052004788991834505
4233,0.9958867769539045
4235,0.00032729674593259925
4236,0.001105455984851117
4240,0.0039898570339430865
4245,0.9991478769546547
4260,0.002382517863968966
4262,0.9980880803884361
4263,0.001488731749301855
4265,0.0041492986570184085
4269,0.9985750852563301
4271,0.0004767764323170523
4275,0.9985353553713514
4282,0.00016301859540691083
4291,0.9986666229903549
4300,0.0009728869003561831
4302,0.00105095533253554
4309,0.9961303906823645
4310,0.00020634002776591905
4311,0.0012374034617830027
4314,0.0002018334887145647
4320,0.0035570779905819963
4324,0.0014394742387603859
4325,0.002103556164279308
4329,0.0014533353250831733
4331,0.0003101343658520099
4337,0.9273043970065654
4344,0.001128068214592131
4349,0.9440671783225519
4352,0.00012474784573301195
4355,0.0013238584416024682
4357,0.003819068831788301
4361,0.23492172791525795
4366,0.000947075185722398
4367,0.9982572956764255
4378,0.0025942663340626855
4379,0.9992136367498534
4382,0.0006977610194942836
4389,0.031868563737919575
4394,0.999263726970021
4401,0.0004660252502580687
4407,0.0001668939649951078
4409,0.23419717249782482
4410,0.9418272700047942
4411,0.0004817907376530783
4414,0.9997638203110374
4421,0.00020790936323252754
4425,0.0001282082840737831
4427,0.05059931075979407
4431,0.9988922089684865
4434,0.0031827441299414846
4442,0.0007453718051685474
4443,0.9988942956896195
4447,0.01990581927816746
4448,0.0014613104289424562
4454,0.0009489207132267238
4456,0.0010596790886252423
4460,0.001050701275533254
4462,0.0013362002191384499
4466,0.999302216605266
4471,0.0011222252809416286
4472,0.0010838726326008858
4473,0.00014217172418193915
4475,0.0006319373845008357
4476,0.0014621063289078176
4479,0.00015803590261380737
4481,0.9991773481045146
4491,0.99926454923244
4493,0.9992709557598848
4498,0.9990599377665664
4500,0.0010560282283087873
4501,0.0036300492629969187
4504,0.9986150679886043
4506,0.0004899540748145692
4511,0.0003013140288866148
4514,0.001373774971672036
4517,0.0010464430983698882
4518,0.0001017910825435664
4521,0.9993133733277564
4526,0.00048021879973457726
4530,0.2292080934253334
4531,0.00048433011630880633
4535,0.0003813627586005058
4536,0.9449540103353476
4537,0.00048032756966805384
4542,0.0013839083678178481
4548,0.03735620456663652
4551,0.9954389772012497
4561,0.9965911939570529
4564,0.9981961994725281
4567,0.23163315307971089
4569,0.001132061774223842
4573,0.007177405673105745
4575,0.050314029783845735
4583,0.0014702660060802563
4587,0.9986143618724783
4591,0.0019248389461373379
4595,0.9988449772842366
4601,6.0775849003685185e-05
4603,0.0015912396943863196
4606,0.0006952652153043761
4607,0.22625904865575544
4612,0.0003690539621486761
4616,0.0002106211550980722
4628,8.61742263806213e-05
4634,0.0007696865447883307
4640,0.9989222662579023
4645,0.0010558936155703842
4646,0.0013291188624175454
4647,0.000952912008441237
4655,0.0013314231022819125
4677,0.00012511544003679343
4687,0.00020183100930056523
4696,0.0003873626914821798
4706,0.0003189567747104205
4707,0.00011311366191554761
4709,0.0014838455200156238
4719,0.9898418365682756
4720,0.9985034602505928
4733,0.0010619616479565373
4734,0.0010478153746551816
4743,0.0036095881587631233
4754,0.013521959042299027
4763,0.9957685819509089
4764,0.001343942868083352
4765,0.0021679347275906586
4766,0.0019869203722098945
4770,0.004964434981450483
4771,0.9983976523360288
4774,0.9988525707111712
4778,0.0014433114793127879
4783,0.0001585454883450228
4788,0.9985758113591313
4792,0.00042188592604719714
4793,0.00015341656130983785
4805,0.0004520193961179287
4809,0.9914798427426428
4811,9.174396345329657e-05
4812,0.000996284334967821
4823,0.9972668810934519
4824,0.0014511020675689352
4826,0.0015037023124357435
4827,0.9999163758693163
4835,0.0007810042603928674
4856,0.22575401432258457
4857,0.9992542590567387
4864,0.00020773385007933766
4865,0.00013524359970631047
4868,0.0006975773853028527
4870,0.0017153127027397534
4872,0.032372602411515405
4873,0.0017103322846850144
4877,0.0012221922393955958
4878,0.9986511031320976
4883,9.918270096501619e-05
4885,0.0011502962449108495
4887,0.997782463745448
4888,0.0010580135512088076
4892,0.2312822821505752
4894,0.0010518989158008452
4898,0.0006241010200907878
4904,0.0004895503585138285
4913,0.0008137517709656246
4919,0.0034807363489869196
4924,0.004730782701480544
4925,0.0002619455245244047
4931,0.0010018529581161415
4933,0.00031987292424352906
4943,0.0016109475636407289
4947,0.0011079781063353979
4951,0.979432534339297
4954,0.9985325903156814
4955,0.0011766610890155676
4964,0.9990306508845914
4971,0.0010583133033099169
4975,0.010355475355914731
4976,0.0006966879998615981
4980,0.0013401025523787251
4984,0.0003580492533430476
4985,0.995101192331659
4987,0.00031737019391138834
4992,0.0009663408219942495
4993,0.0027643365385036324
4996,0.00016759917497031476
4998,0.032807738326873864
5007,0.00031987292424352906
5015,0.0013520431480391118
5016,0.9970243130043562
5021,0.0011152969642302805
5023,0.23205063981404345
5024,0.9953385804705376
5025,0.00048254460403707416
5026,0.0012265420086459522
5031,0.003357947726449014
5033,0.9984668420618729
5034,0.00021770122382252765
5039,0.9987284129861889
5044,0.0004251109009481212
5045,0.9963562608181036
5047,0.0002008763050282486
5049,0.002085177831468895
5050,6.13474450917531e-05
5058,0.9434841976691026
5060,0.001333095347657979
5061,0.0011759437925525625
5062,0.9992036686003223
5068,0.002716677062473684
5076,0.00019131131865524423
5077,0.0013526852184856703
5080,0.0007154138793939134
5083,0.999787631275367
5090,0.0002772433434527124
5091,0.9988057358330973
5095,0.9986290021442883
5098,0.9984897926481685
5103,0.0004631933781901019
5105,0.9996539719574311
5110,0.0013972936041477299
5111,0.999913297153706
5114,0.22668539031695156
5116,0.9986150679886043
5117,0.9986150679886043
5120,0.22657127283688758
5122,0.0013317733712112448
5123,0.9985921748732034
5126,0.0014947791931807014
5130,0.00048306707015556506
5131,0.0004702481442055019
5138,0.0004433551883954749
5139,0.000995663509079374
5142,0.9988534258364794
5147,0.00031966007170218405
5150,0.8838661595636111
5151,0.9986570818083514
5154,0.0032177892122139157
5157,0.9984949093687883
5162,0.0006303114137263103
5165,9.348565676054457e-05
5170,0.9948958219981844
5171,0.019676593562196563
5177,0.002946876208710404
5182,0.0006723701988920774
5187,0.9990106139850078
5188,0.7898385347145228
5191,0.9993035568844356
5198,0.9992641251832379
5201,0.0013357577876434072
5204,0.04740088250048394
5208,0.00018605845490637707
5215,0.0012239554423937057
5218,0.01996809586146814
5225,0.001054315271855709
5231,0.00031987292424352906
5235,0.9990788242273264
5240,0.9986511031320976
5248,0.943271840004247
5249,0.001294219400038108
5250,0.000303332545400035
5252,0.00020175178566211519
5256,0.00045330882597618364
5261,0.000128292685148039
5272,0.000502392727458985
5273,0.019676593562196563
5276,0.016158792887580563
5284,0.0009639287678082889
5290,0.0007407981402495873
5297,0.001060082620843184
5305,0.00041147317173688137
5311,0.0006952652153043761
5317,0.9995428729876866
5319,0.00036547230547210696
5327,0.004177177652720852
5328,0.0005783753876037016
5329,0.0011178403691784304
5331,0.00838366129222485
5335,0.999906682224107
5336,0.9987745643666053
5343,0.9208150512933682
5345,0.22616402368765462
5346,0.0003824595647760361
5349,0.0003011610287342049
5351,0.0012470423272491382
5353,0.0013983658748103302
5357,0.00020243184794869657
5364,0.0014264583021325458
5366,0.9983576290114472
5369,0.0012227398929870155
5370,0.0015104315634564757
5377,0.0001286465423396715
5379,0.020217381621404303
5383,0.0009792669155697185
5386,0.9988600838383584
5387,0.0002220158982308494
5391,0.006048530470051112
5392,9.166953845179774e-05
5396,0.0047354428474372995
5400,0.001199534240719473
5402,0.019714779477397554
5404,0.019867474153137547
5407,0.0007669559750051303
5410,0.0014435554740092865
5416,0.9978174300089245
5423,0.00016673933141434172
5433,0.00020183125518719229
5439,0.00031800205123983096
5440,0.0005811417934458553
5446,0.9992023460138423
5460,0.0010452471797766732
5477,0.0013915559361028632
5478,0.0004771096086696438
5484,0.2354605170449095
5485,0.9986148385569192
5491,0.9995018983884822
5492,0.9990248697052374
5498,0.00020839133399595423
5501,0.001128068214592131
5514,0.22625904865575544
5515,0.9990344099468911
5517,0.0014529531307316851
5526,0.9990272562241135
5528,0.9988753708559429
5532,0.001387094611115511
5535,0.0004433399885102694
5543,0.9891874023067948
5557,0.004481842007851147
5559,0.00014524186196945615
5560,0.9965996539371066
5561,0.0015662545963863884
5562,0.0015711419622502258
5563,0.00031966007170218405
5564,0.04745565952601919
5565,0.23231651120501481
5568,0.002180909169746279
5569,0.00027209554189587255
5571,0.9889368501954927
5574,0.0056513269062652815
5578,0.9975306755280706
5580,0.00010036933424020142
5582,0.000606104563712039
5590,0.9914087876637446
5593,0.22657127283688758
5599,0.9981091445604254
5612,0.0007494712748985762
5614,0.23541254908376777
5618,0.9928453563660418
5620,0.22936141743957172
5630,0.0004430330640211826
5632,0.000737485091342348
5658,0.9790606411642236
5659,0.22657127283688758
5662,0.9999117882675672
5665,0.0001017910825435664
5677,0.9875732769474007
5681,0.0003322110522207432
5682,0.0007982182529251263
5684,0.0029208288534184777
5686,0.9959415790836473
5690,0.00038174862249479606
5693,0.0013238454952592227
5695,0.9993002258951031
5700,0.0197870187544523
5702,0.033651484111093616
5705,0.9990226016463437
5711,0.0004388541033916265
5715,0.001411656003199459
5717,0.23750327661741386
5719,0.2336795148284603
5724,0.000337083784203145
5727,0.0008344902557602084
5733,0.00018469501099884416
5735,0.0006998389794799372
5742,0.9992257066626041
5751,0.9988581160053916
5759,0.00067126935929433
5763,0.9927557884988615
5764,0.0016415329348627077
5765,0.0010726180979726094
5766,0.052191074747424446
5767,0.0009345264547646527
5768,0.002181323158794997
5778,0.0045624112862134745
5786,0.0006141489212697429
5790,0.22657127283688758
5794,0.0014222780516814147
5798,0.00029875316984731234
5803,0.0036063437221573675
5804,8.654268880379265e-05
5812,0.0012467317646340595
5835,0.0009807278004244579
5836,0.0003950941561537601
5837,0.0020536589097470046
5838,0.007796038417743289
5849,0.0003468778706388117
5852,0.00017447483562664317
5860,0.00017311937277509858
5861,0.9970312043244436
5862,8.649805251146158e-05
5864,0.005009623268344012
5865,0.0006275553279716447
5867,0.999905377806714
5872,0.0038741719422689495
5881,0.001408037483652976
5883,0.00014946247176227578
5885,0.0009370290004866116
5899,0.0009472774326624179
5905,0.0013892050947572373
5916,0.0003142501062195209
5918,0.00020196337911097364
5921,0.0002018334887145647
5922,0.9984181145342967
5925,0.9972630097619801
5929,0.0011403390680993354
5930,0.9984368791096894
5931,0.00043614630996148627
5935,0.9997868881673441
5936,0.00048362684358529626
5940,0.9989063332089854
5943,0.0013322091665977033
5956,0.9984133109851254
5974,0.002038542853359648
5977,0.00031176567795579766
5985,0.9984878332707315
5989,0.00018642898799259622
6001,0.003993277029988805
6003,0.0014163113473202786
6006,0.0014613104289424562
6007,0.995449280083345
6009,0.0008158752442863702
6013,0.9979584009987668
6014,0.0014930651712654144
6015,0.0019926216168600313
6020,4.6911543745854906e-05
6021,0.0007053293608580809
6022,0.9999113113111305
6023,0.0004565672965148778
6024,0.0012278308161260834
6026,0.00418984976312591
6030,0.00013674838766269707
6033,0.995719188376884
6036,0.98740658950645
6044,6.941385841155314e-05
6050,0.0004702394490304431
6051,0.99990401111929
6055,0.00012829741859590242
6075,0.0014276999413647023
6077,0.003275750894242787
6078,0.0014482713171809483
6081,0.0011737924116964097
6082,0.9917418421000462
6089,0.0013791987181344433
6092,0.22616074094976135
6102,0.01760142039143241
6103,0.008220823577118959
6107,0.0012673278998811257
6110,0.00123782864851638
6113,0.9950136714533685
6123,0.0003383469836336513
6124,0.00015293242289611555
6127,0.9440994292152037
6133,0.9956393902899907
6134,0.0014790055638577082
6136,0.9991003316518542
6137,0.22575401432258457
6140,0.0001892410883137016
6143,9.83343496124972e-05
6144,0.03178989806162187
6146,0.004007790172396685
6149,0.0011033841723988866
6160,0.998353921164119
6163,0.0012146766829407778
6168,0.23277057286909314
6169,0.0034099259426946626
6170,0.0018538590219625774
6175,0.0007415961089447381
6185,0.00034497120057256427
6191,0.0003097596575447666
6192,0.22625904865575544
6196,0.001053358435747116
6203,0.2312822821505752
6208,0.0007129123002661965
6211,0.0006242167998889198
6212,0.0007295370697389793
6219,0.001794421520546495
6230,0.00036941230077389993
6233,0.0011673156445565229
6238,0.0003241423036934767
6240,0.00045824007775518196
6242,0.0014573049419790449
6243,0.0020028054491265817
6246,0.997471976529673
6248,0.006399351401446659
6253,0.9757961003985033
6254,0.9986150679886043
6255,0.0013354064721763487
6256,0.0008079292873365222
6259,0.998858241333915
6260,0.0010036611733965793
6262,0.0007932826048803026
6271,0.0014085345121767968
6273,0.00016649721997653527
6274,0.003994392348913577
6280,0.0002726804479057824
6282,0.9438823720907612
6285,0.0006966879998615981
6291,0.9990224760242282
6294,0.0021464926147590786
6295,0.0010568765580622932
6296,0.9979149685745987
6300,0.9978046861795473
6302,0.0013238454952592227
6306,0.04846951583260295
6317,0.00020090947360826077
6318,0.0001419395205490959
6321,0.9888080984631998
6323,0.00034018866694014347
6331,0.9996578716907432
6337,0.0002018266987975152
6341,0.0002752328788678178
6343,0.000491897931164606
6347,0.9972348316701964
6349,0.00020077750338377059
6350,0.000632566562506811
6351,0.9927713536623122
6353,0.0001497913075100758
6369,0.00032787032741860906
6370,8.622573461374274e-05
6371,0.0005469099249943722
6377,0.998836185464057
6382,0.00021506542030050608
6383,0.0015201793927486272
6387,0.00014194074828634837
6388,0.0004434512025181999
6390,0.003088343714327356
6392,0.22616402368765462
6398,0.0010657898976622173
6402,0.0031916688918015544
6407,0.0004569444207717073
6410,0.9990815105723142
6411,0.002387063830792621
6412,0.00017884806083657534
6414,0.0007400816804321923
6416,0.0007669559750051303
6422,0.00014056574110527472
6423,0.0013322091665977033
6424,0.0001467669283422817
6431,0.00030923247291348886
6434,0.9983381971865388
6436,0.00014946117897450187
6442,0.0012067098108090428
6444,0.0010438782634250496
6447,0.0014613104289424562
6459,0.0003033552237274345
6464,0.03420673269741965
6470,0.0010495789483104545
6473,0.23163315307971089
6477,0.9999171366374028
6479,0.0027007815761383868
6481,0.03419028037618402
6483,0.00094625256317033
6486,0.9997050261446828
6487,0.0006339230310815613
6496,0.9992167608027179
6500,0.0022687748911645435
6508,0.00042604522492163536
6509,0.0003235048242507313
6515,0.22657127283688758
6516,0.0038915161178401077
6519,0.0003788765779312807
6523,0.9988382864317635
6524,0.002155130400017141
6527,0.9988851187131449
6529,0.005943088788787677
6534,0.00031781306801495046
6536,0.9999064609501706
6537,0.00031966007170218405
6538,0.9996349155811852
6544,0.9992241362235756
6553,0.0003187421809468424
6554,0.05037896522834504
6557,0.9988554390939568
6558,0.9993459080894318
6560,0.015529098017687204
6562,0.0012179898887037673
6568,0.0014280612278732517
6570,0.001561317157206141
6571,0.001401832257624066
6579,0.0007687546215149313
6581,0.9981391174186861
6582,0.003204020179198192
6583,0.9990244367839166
6590,0.9993043226025378
6592,0.000290772596693378
6597,0.9993489776452047
6599,0.0013356627932642037
6604,0.001313761622631111
6607,0.2344029589311133
6608,0.0002007752815397839
6609,0.001004295077707185
6610,0.0003869053412345155
6611,0.004099569684750813
6612,0.0015365428116189152
6616,0.0013791987181344433
6618,0.0007247066216393471
6625,0.00021283540640743733
6627,0.00048741736575105246
6632,0.00020634264018534894
6635,0.07588168095506487
6636,0.0006116779590605422
6640,0.0006961772876538676
6642,0.9957889976936457
6647,0.001333095347657979
6651,0.9971520266814533
6653,0.0014306978738515197
6661,0.0004519524539877876
6666,0.0011322609851198324
6669,0.945465973189101
6676,0.9985111821298144
6679,0.0003855757635431926
6684,0.999253062271109
6687,0.0007817439399237306
6689,0.9998827567718245
6696,0.0008424255201266022
6698,0.03419028037618402
6700,0.0002985363325451228
6701,0.00498939782419523
6706,0.0014941759405621598
6724,0.9985914571013449
6729,0.0010501479945533093
6734,0.00021845762538105277
6738,0.0013322091665977033
6743,0.9988922089684865
6745,0.9965899096197229
6746,0.999222892450809
6755,0.0001684964725317918
6761,0.9993085464034809
6762,0.0013832327569996198
6763,0.2320220809319249
6765,0.00020196615289364326
6769,0.9986290021442883
6777,0.9963573862226558
6782,0.2323521827812824
6783,0.0001597515803543438
6784,0.9963770198247214
6788,0.003803422916838589
6789,0.001066492888589411
6794,0.0003236184123580535
6796,0.9982640788531559
6798,9.942010919138488e-05
6802,0.999107689212978
6804,0.0004952251883749581
6806,0.0014134351184083285
6813,0.00138971123633664
6814,0.00020196174005386851
6816,0.0013698331727575728
6824,0.00034525716525810203
6828,0.9889514488967234
6830,0.9927329338599136
6843,0.001160756405980692
6847,0.998480389568744
6851,0.00013629894527173792
6852,0.002724048874478239
6853,0.004893832936580978
6857,0.00047910389576803997
6860,0.0007304683593448643
6862,0.998357418259624
6864,0.9988552784221216
6865,0.0013832311007337212
6876,0.9956393902899907
6878,0.001343140019131108
6882,0.036152015692483115
6884,0.0026399751560656757
6890,0.9976266067007509
6902,0.0006975773853028527
6908,0.0009474575278462262
6909,0.9984767842381782
6916,0.0013892014678099985
6919,0.0010464430983698882
6933,0.9986225556061034
6938,0.00015751536544339416
6945,0.9990224760242282
6952,0.000318772402928196
6955,0.9427768727018315
6960,0.9970475031005077
6963,0.0001379840379990931
6966,0.0013834579050749532
6969,0.03140879133820953
6971,0.23053285568508228
6972,0.000959621776282255
6976,0.0013363001116608168
6977,0.945345947364365
6987,0.9996506546795758
6988,0.000718693216079994
6990,0.003202540473129391
6993,0.0014967806037291405
6994,0.002703516866313882
6997,0.9433131660052283
6999,0.006606072289290363
7000,0.00199692302894695
7009,0.9986051462284322
7018,0.22890387907949092
7020,0.9426575116380334
7022,0.0005451294349645769
7027,0.001031863891641218
7029,0.0010452471797766732
7030,0.0007104330836327694
7032,0.0015997153761267851
7037,0.9844401834559339
7040,0.001383204253034414
7042,0.00010252815319116099
7052,0.0010452471797766732
7053,0.0013394070904072398
7054,0.0001250254954285489
7055,0.0007645347466252566
7061,0.0011151007346656104
7070,0.0011319631303481296
7078,0.9988922089684865
7081,0.9878324599554973
7082,0.2487413454706251
7090,0.0016406837891818616
7091,0.9984861639326109
7094,0.0010532949351575692
7095,0.9951235572469284
7097,0.9992976006518928
7098,0.230073678156334
7100,0.005634923691759906
7106,0.0013628263118945119
7107,0.019706361272111856
7109,0.9993102093508271
7111,0.0010501479945533093
7120,0.000406387772268379
7124,0.0006316855469707332
7126,0.0033905769478340202
7133,0.07037184754348028
7136,0.0009489207132267238
7139,0.9942742363455944
7144,0.001049702239086422
7147,0.9981412739095373
7150,0.9927330691772777
7154,0.0007694839960761947
7162,0.7443526000923388
7163,0.999297079279981
7166,0.0011081534257842214
7170,0.00031966007170218405
7174,0.9973034354727143
7179,0.9968421261662822
7180,0.00048646562556061465
7194,0.0006820406126324021
7196,0.0007186587687559663
7198,0.9993483690762258
7203,0.0004552227780204413
7210,0.9986150679886043
7220,0.9970386081487832
7223,0.048575305298736916
7224,0.9999215521748185
7230,0.0004735696779368213
7238,0.0011090432487847013
7252,0.22709659507387725
7253,0.0037247957520881217
7254,0.0001422711647381584
7259,0.0012554333480095559
7264,0.0010864939261666432
7269,0.00045416587990649047
7279,0.0006828213632738831
7280,0.997972712154517
7282,0.998394667898818
7283,0.0007130060673398676
7284,0.9993325394608652
7285,0.0009817812428014217
7287,0.0004537363631607845
7291,0.003979956987148354
7295,0.9988096642703015
7300,0.00045617995593449093
7303,0.0026918356657741256
7306,0.0003992737617039411
7310,0.0014017390890457286
7323,0.998873068979574
7325,0.001372708599717587
7331,0.0010645251539008096
7332,0.00012588384737054282
7343,0.001113298972352885
7344,0.00015166557311948814
7348,0.0016812783921308669
7349,0.001048379449698907
7353,0.9988976171265169
7358,0.0004836675108670073
7361,0.0012256767306262355
7363,0.0005639760948752816
7364,0.0036483520050056596
7366,0.0021446593825267457
7377,0.23214765083129657
7382,0.0025926957306995563
7389,0.0001672928691157497
7395,0.0001245960707334438
7396,0.020384359162927575
7402,0.9982002204495336
7408,0.0006582544012998982
7409,0.0006986763636347407
7415,0.0004948044608389734
7421,0.9975066628021143
7424,0.0014375110054532364
7426,0.9961018374198267
7429,0.001007370797208889
7430,0.0005440057983371562
7431,0.00048068595889326726
7442,0.9438044130738553
7444,0.0007394615625910668
7448,0.0001582815016623945
7451,0.0014131002308162984
7452,0.9988511498181986
7462,0.0006975773853028527
7466,0.0003060436739026612
7468,0.0021827729330937077
7471,0.00047951223277896583
7472,0.0012359196711669174
7478,0.00020965061316163258
7481,0.0013642951478721461
7483,0.0004702481442055019
7485,0.032807738326873864
7487,0.0001470336381489246
7488,0.01682813787281074
7492,0.00031966007170218405
7493,0.22883240729811208
7494,0.0006977610194942836
7496,0.0010464430983698882
7498,0.9761940424802287
7499,0.03487408415334315
7503,0.0009362189135717205
7505,0.0063117834778925914
7506,0.01707463666387389
7509,0.0012395515623554723
7510,0.9990739177611666
7511,0.002034487698794176
7512,0.0001501489838421748
7513,0.00030908162105269257
7514,0.9942081244121351
7516,0.0014030680784605863
7523,0.00045426716341032087
7524,0.0003840051710607427
7527,0.004758693809032847
7529,0.0012445523607353482
7532,0.00046575100796246086
7535,0.0001266326253899909
7539,0.9439406534261792
7545,0.00010183995641433587
7546,0.9989216667032977
7547,0.9984941420814312
7552,0.9988922089684865
7557,0.9805947152164555
7558,0.23000195006996277
7565,0.001326923554743817
7566,0.0004005767454090052
7567,0.0007669559750051303
7569,0.9986225556061034
7575,0.0015772689601544184
7576,0.04951788144744593
7583,0.00037032800986781236
7587,0.9992179810030387
7588,0.001401832257624066
7590,0.23062333322743692
7594,0.0005435317250149179
7597,0.00014865258840206642
7602,0.00048255679791445085
7603,0.0010952839579055776
7609,0.0007493393618039271
7612,0.00154106732127076
7615,0.9992113061253615
7618,0.9986250416966778
7627,0.9991850547866911
7633,0.0016460282606715188
7635,0.9954957257601585
7636,0.0003443040264302574
7637,0.9981637484789319
7638,0.001687855818321891
7640,0.06337955615350578
7645,0.00020834501733069233
7646,0.0003060410271676292
7649,0.7625292892983357
7654,0.00016605075310728871
7658,0.0014556059277616093
7670,0.0009537516424858339
7673,0.00031781306801495046
7680,0.0002018334887145647
7689,0.0010464430983698882
7692,0.05636135716424233
7695,0.0003373615511347423
7696,0.00026703556489055794
7700,0.9990392734373351
7702,0.000463757399519638
7704,0.0013322091665977033
7705,0.0012537516963538014
7707,0.23750327661741386
7713,0.22616402368765462
7728,0.0020550238677099755
7729,0.9946106600410263
7730,0.0022248323792954496
7731,0.0012728849772567614
7733,0.0002130858547539347
7736,0.0012346549360878075
7742,0.0006987764805758616
7743,0.0005204899376025909
7749,0.0026661651081403654
7750,0.9796173382175236
7752,0.0012466452188324008
7753,0.00016707634248224888
7754,0.00020183100930056523
7756,0.9873608983834896
7757,0.0016381433373246813
7760,0.0014559174955348032
7762,0.000947273623376115
7765,0.0013314231022819125
7770,0.0004829315503440669
7772,0.9986150679886043
7775,0.006048530470051112
7779,0.23163315307971089
7780,0.0011178403691784304
7786,0.000621245243729661
7788,0.0010438782634250496
7795,0.0003189178113029457
7799,0.019596377205291216
7803,0.00047830157722544825
7811,0.00013286951506224866
7813,7.271628036378141e-05
7816,0.0010438782634250496
7822,0.0004743460585311476
7823,0.00012578602416895884
7830,0.9988505853894409
7831,0.9973580159441221
7833,0.9927329338599136
7835,0.997018844808916
7849,0.002605068761012814
7861,0.000785218181698667
7869,0.9992005052490918
7871,0.9984865060200966
7876,0.9991151314643084
7877,0.0020255584604227045
7884,0.0011024599775816795
7885,0.998573734809393
7889,0.0030365705822957036
7890,0.0013370890514789763
7892,0.00070707632278947
7897,0.00020196590684270645
7902,0.9961934954579512
7908,0.0003861434624495349
7909,0.0047586413884443445
7910,0.0009547303846696031
7916,0.9973698472737285
7926,0.998036887303758
7927,0.00020395181315199646
7931,0.9944958512857666
7933,0.0013315432830803065
7935,0.001494069196052373
7940,0.999903826989227
7944,0.0032706540381665507
7945,0.0004833202005795489
7950,0.9999032307470648
7955,0.0014658266644447843
7957,0.000912376939892306
7958,0.0007669559750051303
7959,0.00020031123660698268
7966,0.00013580996513210724
7968,0.017865516897115363
7973,0.9995553221921114
7979,0.9988877262868621
7987,0.0007483840311752833
7989,0.0036274916841409176
7993,0.0019620614503647773
7994,0.9990224943416612
8003,0.0003527051944587978
8009,0.0055524216339270195
8015,0.9889557082989044
8016,0.9999115516504657
8017,0.0010334366219609072
8022,0.0039626273527733225
8025,0.9978032244679116
8028,0.00012417916406104817
8035,0.00028791231879393475
8036,0.005150728605038145
8038,0.9999138129500039
8039,0.9927398371910668
8041,0.001326923554743817
8048,0.998480389568744
8051,0.9993043226025378
8056,0.00016053574502944586
8057,0.9435956353003266
8059,0.00035910803208111534
8063,0.0013346098029615927
8068,0.00031238168214354746
8070,0.000713702593573105
8076,0.001220165935468846
8077,0.993615324427563
8081,0.0011321036135814638
8083,0.9942441150294038
8084,0.0016513648246957177
8087,0.0016092569476333176
8088,0.9970635003588582
8090,0.9990547899194955
8093,0.0003229038261185578
8096,0.0001933202460947849
8100,0.00016637881683344502
8103,0.0014293069384780717
8108,0.22709659507387725
8118,0.9454027966159992
8126,0.0019344294452552726
8132,0.0029684477514821247
8134,0.00021283540640743733
8138,0.00043004307961615396
8141,0.0007959932013014753
8144,0.9964552584199873
8146,0.0010464430983698882
8147,0.001406658153196779
8151,0.0005049528703674237
8152,0.9985675336117084
8160,0.001221860064173727
8164,0.0001266247642108338
8169,0.9436689552719975
8170,0.0007184516068437734
8179,0.9986150679886043
8183,0.0014200463927561433
8184,0.9997808190824187
8196,0.9978438205744239
8201,0.0001381288232243248
8202,0.9990224760242282
8203,0.0014217301698571693
8209,0.9470143589507313
8210,0.0002044446625109737
8212,0.9990156288940137
8217,0.0012369704648522225
8224,0.9437274450387709
8225,9.251369140227483e-05
8233,0.22616074094976135
8234,0.9985133134650812
8236,0.0003274635313344766
8239,0.9983713825818336
8240,0.047516429554948204
8241,0.0009483160055806586
8245,0.005050747369168254
8247,0.990471046665713
8248,0.0003274098370096405
8249,0.0026928308836294892
8252,0.0002004367955628281
8259,0.0009984295909010548
8262,0.9976263735423284
8263,0.00015367721182539914
8264,0.0013677221166426274
8279,6.183816060908621e-05
8283,0.9992830752989881
8287,0.00048153759808803096
8288,0.03173556511636326
8290,0.0010478153746551816
8301,0.0007359693714270704
8310,0.0010478153746551816
8316,0.003275750894242787
8317,0.0001260093195347827
8320,0.9987631356891311
8328,0.0015676487588201845
8333,0.00200616963582571
8337,0.009176823241496353
8349,0.0010498717178804523
8351,0.0011025989652740508
8361,0.9900915603295622
8370,0.9464908875511642
8372,0.04756089001749497
8374,0.0012330340790229902
8383,0.0006966879998615981
8388,0.00012349055358586714
8393,0.0009456668324539181
8398,0.0015683096070341436
8399,0.0025926957306995563
8408,0.005531507209826494
8413,0.9991308490099624
8420,0.9985758113591313
8423,0.0033893325709733256
8424,0.00020183100930056523
8426,0.0014191710100907905
8428,0.0001433575963555462
8432,0.0010464430983698882
8434,0.0014060315944244748
8435,0.000943882454943388
8442,0.9997885346853576
8446,0.000470097478210276
8449,0.22616402368765462
8454,0.0016431773254191983
8456,0.004065810500213549
8463,0.9984097386271265
8475,0.07062837793234804
8479,0.008975292511485714
8489,0.9992952962111051
8490,0.22584891729924114
8496,0.9999111364813758
8499,0.23327015933792128
8501,0.997018844808916
8508,0.0015719083130624535
8509,0.0003385193981603424
8515,0.0012258082096828524
8519,0.9986215084965827
8522,0.01760142039143241
8525,0.0015663420635361087
8527,0.0010464430983698882
8528,0.0013881961670351795
8530,0.00015732017664712747
8534,0.0009995282089380337
8536,0.0015755592951280904
8537,0.9980676309565184
8539,0.22616074094976135
8551,0.0003836888072992154
8556,0.0009535176972495676
8559,0.001142763703423255
8560,0.00016272146803800606
8565,0.0013196104282543332
8568,0.00014841128985347188
8569,0.9965777650953128
8575,0.00015346955843162114
8580,0.0009526265644669518
8594,0.9932858470560906
8601,0.0014105430516357833
8611,0.0014113560771946943
8613,0.0025398395518006476
8625,0.00020196174005386851
8628,0.0007038253688636044
8631,0.00014340987878986935
8639,0.00040005077765778885
8642,0.9993426744389864
8644,0.00043009910096926493
8648,0.0003150863251797329
8649,0.9992253869752489
8655,0.00046017989198907815
8657,0.011706748636242525
8658,0.9984883614884884
8659,0.0006012173002771721
8662,0.0003853189826052191
8663,0.9981120651709523
8664,0.0011093666598945779
8665,0.005871591754457577
8666,6.178086318996334e-05
8668,6.437500785203157e-05
8679,0.001806014271137162
8693,0.99861785043631
8709,0.0009980567381267038
8711,0.00018236217555109603
8718,0.9991317441739019
8720,0.0369378301637463
8722,0.9987942719796166
8726,0.00021025279625876
8734,0.0014005338769207405
8739,0.0014482713171809483
8746,0.024395421591319848
8748,0.00019062718428536514
8749,0.9950880316644711
8755,0.001054398720555458
8757,0.001050644320867071
8763,0.0009759251483141696
8764,0.03209513243403101
8766,0.9999133413946015
8773,0.00026954734390288515
8777,0.0006348379483645363
8779,0.0013322091665977033
8783,0.001122797605020284
8787,6.277427669241793e-05
8789,0.17247025392354054
8791,0.0004818803588640793
8794,0.001093019335000773
8800,0.0036607596631057283
8803,0.012191916326959883
8805,0.9992621745493501
8816,0.0030751796532785367
8817,0.0009868298632301556
8818,0.0004536048032192564
8819,0.9929331812322626
8821,0.0014408250016522681
8845,0.047295143281383435
8849,0.0007687546215149313
8851,0.9951842471265216
8852,0.0011087710330509196
8857,0.00013731954414047086
8867,0.9988839962667025
8870,0.0011968186142622243
8871,0.002557986625334039
8876,0.9434681076062907
8883,0.00338831300417562
8885,0.00042454888666889885
8889,0.0013322091665977033
8891,0.0011082274786985216
8892,0.0002999066130987507
8893,0.9992745091065143
8894,0.03637620842422638
8906,0.000812469423456029
8907,0.9992051889104199
8919,0.0016650988917281527
8923,0.0010891633546953646
8928,0.9988896118921218
8931,0.997812927386409
8938,0.0001394327786370485
8943,0.00019539479970633335
8955,0.00020457929188462298
8957,0.9978028143253772
8964,0.0009509844100496512
8965,0.0005475633987591687
8970,0.0014667610237057164
8975,0.00353169224921668
8980,0.9986666229903549
8983,0.0017323368834336406
8989,0.005962447914543774
8992,0.00042979722269220945
8993,0.23494092363382552
8996,0.9965754625710954
8998,0.00047947466677219846
8999,0.0014119116205110257
9004,0.0006975773853028527
9007,0.9988554754257944
9011,0.01705906883415132
9018,0.9979970071134396
9020,0.0009847195534622342
9021,8.725104271770093e-05
9027,0.00032286696354008387
9035,0.0003759049183689042
9042,0.9992294546108477
9044,0.9798505304113068
9052,0.9992639122615118
9056,0.0001267368338029718
9058,0.002251271195393651
9059,0.0009660238836526672
9060,0.2343670686352531
9061,0.0050028171084852534
9065,0.9175905862251568
9068,0.00012620845945232305
9070,0.00016796278004229458
9071,0.0004662021157148164
9077,0.00018053141469416944
9081,0.0022497665591298833
9083,0.00014282430328737907
9084,0.0003144068190480264
9085,0.0007669559750051303
9088,0.0006705692811938436
9091,0.22616074094976135
9093,0.024359673832553396
9096,0.0013590831895222099
9098,0.00010060216956399446
9103,0.000275496482689124
9109,0.008737470378656109
9113,0.001363589702926147
9126,0.00037493855213533854
9129,0.0015711362584119168
9130,0.17835609782656017
9134,0.00043520940932960476
9137,0.0014313787776843666
9139,0.998573734809393
9141,0.9997901910473875
9142,0.0026803067382694225
9147,0.9986143618724783
9148,0.00012709262663780893
9151,0.9986146802480945
9153,0.00041482450423728127
9154,0.005007942908148725
9158,0.0003781611407505893
9160,0.0001761155826056662
9164,0.9962776304657767
9170,9.275818470244576e-05
9175,0.2316178747991679
9176,0.09199475635953143
9177,0.0015815725142700875
9178,0.00015864995086450808
9185,0.9977860862658291
9186,0.0031831390847041636
9187,0.00035299401283020736
9189,0.0014881074863969642
9190,0.1764444217557704
9195,0.9992238931926994
9199,0.0002018334887145647
9205,0.000634408764587688
9209,0.0010515251242219138
9213,0.9986666229903549
9218,0.9985255091908016
9221,0.0014106149278843066
9223,0.9965941440585163
9229,0.9971353556856135
9234,0.0007687546215149313
9235,0.0007002520334353098
9237,0.00127602101367918
9243,0.0014561008515759988
9244,0.9988896118921218
9250,0.9433175518072215
9252,0.0007068607485153335
9253,0.0013735878803886263
9255,0.00045483087904354426
9261,0.998858241333915
9262,0.9973729102735773
9270,0.9992983421172986
9271,0.9976547136809941
9273,0.23163315307971089
9275,0.0001217872742395366
9281,0.0030838811922276606
9283,0.0012442964753199496
9290,0.0007945245231257439
9291,0.0013755453232607133
9292,0.996389567571132
9295,0.0003033183183368073
9304,0.0014187977874165194
9308,0.22657127283688758
9313,0.9986143618724783
9317,0.0011411654774827332
9321,0.004041740463728382
9330,0.03638308071670058
9332,0.0003642473185049498
9335,0.00031438646308599104
9344,0.9990317645055871
9346,0.00399393806035005
9349,0.22616074094976135
9351,0.002588418677864591
9352,0.9999131847743193
9354,0.024536248999198935
9359,0.00030107452431799063
9371,0.02484826728285891
9372,0.0007488432953690479
9380,0.0001430259469485561
9381,9.969449032622026e-05
9382,0.9985163090439763
9384,0.00020719400326963061
9385,0.00020660780157861428
9388,0.9986083778861601
9395,0.0003376842708191078
9404,0.9951720684460563
9405,0.0007318835051208285
9415,0.0004823050450075859
9416,0.00015354985383808444
9422,0.0003189178113029457
9425,0.00017335212454512144
9426,0.0007042447108025233
9430,0.003758707312049325
9433,0.00038184717012975213
9434,0.9979290540199001
9436,0.0013357577876434072
9437,0.0013861524781698191
9445,0.001180244451046302
9447,0.000450740825875394
9452,0.0017099864268281903
9454,0.9986150679886043
9455,0.0048167697094546845
9456,0.0002007752815397839
9464,0.002146044300203583
9467,5.167575898728633e-05
9469,0.003922072956570359
9478,0.9985793807421331
9481,0.09579588925295117
9483,0.0014559174955348032
9485,0.001234760607856142
9488,0.0006975773853028527
9502,0.001023679830253149
9513,0.9961468043548581
9518,0.9986150679886043
9521,0.008100333187196062
9528,0.9980351606663534
9540,0.000551796397663162
9542,0.9915462260452791
9547,0.0007574097870313087
9554,0.9990253968039873
9558,0.9943241404907514
9559,0.005966693371378485
9560,0.00015370995740827297
9561,0.9990324344960276
9562,0.0014240746653871295
9563,0.0013322091665977033
9566,0.03419609774494028
9571,0.00031966007170218405
9573,0.9985750852563301
9574,0.0021501352885908123
9584,0.0014050584239404232
9588,0.00020905276843697092
9589,0.998626523204832
9599,0.0010478153746551816
9605,0.9984949093687883
9610,0.00020090947360826077
9612,0.0009156035752539304
9613,0.00034636267059070234
9615,0.0011056146061310232
9617,0.00020196615289364326
9626,0.9837058482891797
9634,0.9985325903156814
9635,0.001429083451001778
9636,0.0017315962052453413
9639,0.0010501479945533093
9640,0.00020457929188462298
9642,0.9927721422148598
9643,0.0007136639700658079
9644,0.0014116600841065927
9652,0.00022209198132285414
9655,0.9434322661828222
9662,0.8573212148893375
9663,0.0010891633546953646
9664,0.0004604753682361607
9670,0.00031707509505408835
9673,0.0014982825712805707
9674,0.036985386494643654
9675,0.9999205128150731
9677,0.001343942868083352
9685,0.00037924933527802373
9690,0.00020196590684270645
9692,0.0001729888249924167
9693,0.00012628001621940095
9697,0.0010815016972588966
9704,0.17690008167625568
9705,0.0008487071334534657
9706,0.0025879573933567874
9710,0.0009727570502747795
9717,0.0011152969642302805
9719,0.0029684477514821247
9720,0.994283736988738
9724,0.00035711573145384137
9729,0.002926649635895953
9739,0.9946482484320808
9740,0.9990526009744058
9741,0.22616402368765462
9747,0.0007851104944803678
9751,0.0010149931411315221
9752,0.0010010437098740403
9756,0.2343670686352531
9757,0.0014002029639938653
9758,0.00013286951506224866
9760,0.9997757403425445
9762,0.9989067930536256
9775,0.998626523204832
9776,0.998671373456099
9778,0.0032288331131824608
9779,0.0007928176675075546
9784,0.004830492653311143
9788,0.9983296720646201
9794,0.999269317073611
9804,0.9982694054941018
9805,0.994903147960157
9815,0.9986146802480945
9819,0.0013559315999209878
9832,0.0010438782634250496
9834,0.0007442256240102126
9839,0.9990248697052374
9840,0.0006966879998615981
9842,0.0008491626436949538
9843,0.9983878459714374
9844,0.001126334469665262
9846,0.0013845558987120139
9850,0.00018468144854566883
9851,0.04753631739454603
9852,0.9758946407385674
9862,0.24989769627650454
9863,0.000771477130364351
9864,0.000201362296453536
9866,0.0005485128290470257
9867,0.0007084937474378607
9868,0.00021269604792399763
9869,0.0004753964878276046
9875,0.00020113541668516434
9876,0.0014165266333115599
9879,0.9997885864697422
9882,0.0059825866308647144
9884,0.00018612586592610367
9898,0.0013698331727575728
9900,0.0031593616830731877
9904,0.0007725406566727759
9907,0.9990226016463437
9910,0.9871141554896692
9911,0.00016834862693973344
9912,0.9988711785971275
9913,0.0005952908495749304
9921,0.00021283540640743733
9924,0.000950570141668774
9930,0.0001268850978359677
9934,0.004746957115917875
9935,0.9999112469140946
9936,0.9652794110898094
9940,0.0006205899748619869
9942,0.0009588721080997161
9943,0.9996638413273062
9945,0.0002995124326682433
9956,0.0008390897439999709
9961,0.0003038741138741712
9962,0.00021086631678827978
9972,0.9972664009127634
9973,0.0038244193121905203
9975,0.0013401025523787251
9983,0.0014844162982345802
9987,0.019676593562196563
9993,0.001388555457439006
9998,0.22616074094976135
10008,0.0010464430983698882
10018,0.9984119200496475
10024,0.024322216555151467
10034,0.00013571081304658648
10038,0.005024519563553611
10039,0.0004895936911158499
10041,0.9954485285887839
10043,0.9993527616670553
10044,0.22601724241695728
10047,0.9993110819674208
10052,0.9827377481821199
10054,0.0010478153746551816
10055,0.99701374977702
10056,0.0036442351020260924
10057,0.9993035568844356
10062,0.0007859512953386592
10071,0.9988955185476442
10075,0.0002010354074752237
10078,0.9451789262630325
10082,0.2344029589311133
10087,0.9990248697052374
10093,0.0009454201454497365
10094,0.00012497734429402658
10095,0.0008469652325238427
10099,0.0013347052783396949
10105,0.03255081543165852
10108,0.9929121105372893
10109,0.0014027669815895017
10115,0.999256557152042
10122,0.0006977610194942836
10129,0.0007496685596809076
10130,0.9873706204864597
10132,0.0014523366454747802
10147,0.0075183227776658285
10148,0.999913786877534
10153,0.0022544170426156357
10155,0.00045624403902305016
10178,0.9437860158904255
10196,0.9952605412785681
10200,0.0014529531307316851
10203,0.9995691042163954
10208,0.00018679127353434446
10217,0.00031233690976133644
10220,0.9970559941147429
10222,0.00020612571681610128
10225,0.001123399227002422
10227,0.0016285619724726607
10235,0.004987532616874497
10246,0.010081232964157062
10247,0.000304629126748268
10248,0.0002629535739978557
10249,0.9440090207245707
10250,0.0015399644951938577
10251,0.23062333322743692
10253,0.001239610667365119
10256,0.0007145567270134344
10257,0.9996399760769213
10263,0.9993288096952992
10264,0.005171323163314689
10265,0.00045634133763084405
10270,0.006406866921663276
10290,0.00220039457007287
10292,0.0010833037614378677
10310,0.0007167558626409905
10320,0.004755001071873031
10325,0.00033120011685584675
10329,0.0010532949351575692
10331,0.0004760963790501433
10335,0.00017514706495875486
10351,0.22657127283688758
10353,0.9986148385569192
10357,0.0014982213990768181
10362,0.9437274450387709
10372,0.003087338870065247
10382,0.9999113113111305
10384,0.0007002520334353098
10385,0.001382159831341408
10391,0.24989769627650454
10397,0.0002018334887145647
10398,0.9986133079338542
10407,0.9990201803916118
10408,0.0010501479945533093
10409,0.9986061831636914
10414,0.0021587706201776726
10422,0.0006139538329856508
10423,0.7935270095719849
10427,0.0013946467787250005
10429,0.004168753409138086
10430,0.9992833840104269
10433,0.9990214702191721
10441,0.002770576628656962
10443,0.9954965155709099
10446,0.9992755347424443
10448,0.0014094574846528296
10455,0.0013748875716118494
10463,0.00012335520855530412
10465,0.9986051462284322
10473,0.03435823954918707
10481,0.9996638413273062
10483,0.0003375142854283795
10484,0.0004563116165224417
10485,0.00020519287780891517
10494,7.692111134623291e-05
10495,0.001419333636706254
10504,0.0001473867082121607
10519,0.00048751661220081447
10522,0.9992529364623042
10524,0.01678939659801079
10528,0.0014124224866748445
10529,0.2334037516018514
10536,0.001051248485630149
10539,0.0006977610194942836
10540,0.00014787080081613753
10541,0.00013204495801253692
10545,0.999248713626781
10547,0.00044906695259841646
10549,0.0007290725826560893
10551,0.0006952652153043761
10552,0.0008376605572776552
10553,0.9984064054108753
10554,0.046601755862498574
10557,0.0010452471797766732
10564,0.03637620842422638
10566,0.22890387907949092
10567,0.22657127283688758
10573,0.9977059883669228
10581,0.09685715316145761
10598,0.0003865849758685912
10608,0.0004702481442055019
10609,0.9992184881482749
10612,0.9457053650711768
10617,0.00045521884173819126
10619,0.0033427688349110833
10620,0.9986148385569192
10621,0.001382159831341408
10623,0.0021840399931247253
10627,0.0003166593545495756
10629,0.765918874660991
10630,0.0001621164007575805
10641,0.0014124224866748445
10649,0.005320663619082073
10650,6.477903839656232e-05
10655,0.00044697250711386844
10662,0.001541525539404889
10663,0.0014561169450252036
10667,0.0004020896965652224
10668,0.00016851339368504178
10669,0.0034444942698557174
10680,0.0009220723326207921
10684,0.0026174712305051515
10691,0.0014932088105465197
10693,0.00021185458148756107
10694,0.017240986518061156
10695,0.0033648840490596854
10708,0.0008347693645653064
10711,0.00014399959485774972
10712,0.0002035243842540647
10713,0.0012264928544217161
10717,0.0021827729330937077
10728,0.7927921584067468
10732,0.9442976846853355
10734,0.9958888673150683
10739,0.0022284144314219352
10743,0.22657127283688758
10746,0.0009922612704249935
10747,0.000572812717367446
10754,0.0006129293462670297
10758,0.00020196337911097364
10760,0.0004920155836979054
10761,0.0002014989568431085
10765,0.0005049338342625526
10766,0.9990269450134535
10769,0.0005469088632515855
10772,0.9441979512915524
10773,0.9991268299345181
10774,0.1782346869744821
10777,0.2339209848612568
10778,0.0013664876456010828
10779,0.003595091036252055
10786,0.0003363636868546234
10789,0.001132061774223842
10794,0.001348741065597564
10795,0.0008488258360866052
10800,0.0020020929370426735
10809,0.019676593562196563
10819,0.9437274450387709
10825,0.9973052269150993
10827,0.22657127283688758
10831,0.998671373456099
10834,0.99887117739747
10835,0.0028660603860769626
10836,0.22657127283688758
10837,0.0013370890514789763
10842,0.0013385167192114956
10847,0.002009744444056843
10848,0.9990248697052374
10849,0.9988922089684865
10852,0.000236553633375229
10853,0.0007961503244560431
10856,0.0013330005423693775
10862,0.0003853021160873329
10866,0.0014006538502956615
10871,0.22657127283688758
10872,0.9990224760242282
10884,0.0032342674892061655
10899,0.0004752520507097196
10902,0.9972997637404881
10903,0.0010682940005239247
10905,0.0002166006447193454
10912,0.9971472335429987
10913,0.0011858367571823823
10915,0.0001375096183054412
10919,0.0006952652153043761
10923,0.2296620029799511
10929,0.019809287862633335
10931,0.00027361966033123
10950,0.9984833821908372
10958,0.001326853788563219
10960,0.00044483065908733897
10962,4.7073466211761736e-05
10963,0.00015352485102565732
10966,0.9969476179387609
10972,0.037059625999789916
10979,0.004776129548933045
10980,0.2361036309532166
10981,0.9990224943416612
10992,0.0007687546215149313
10993,0.0007020059997731008
10996,0.00020805766382271638
10998,0.0010478153746551816
11001,0.0006891766546702833
11010,0.9975891927110325
11014,0.9986044350607051
11023,0.0004487490030948587
11030,0.0027971074018232336
11034,0.00020196615289364326
11036,0.0004940197649814351
11037,0.0006996685302855212
11044,0.9993165391089639
11048,0.23268245411767788
11050,0.0008371981153085633
11051,0.00015346621882501155
11052,0.9999125939603146
11056,0.0007687546215149313
11065,0.9984729705282964
11066,0.9980515216886168
11067,0.0019459101707921442
11076,0.018028617199912896
11077,0.0013211304709145673
11079,0.0010140914458899662
11085,0.0010589000881616629
11088,0.001326923554743817
11098,0.00015165986260606167
11099,0.0007186407321308786
11103,0.0012014808166521433
11105,0.00012840713379882253
11111,0.0007058744505614396
11114,0.9992578998106392
11116,0.0011151007346656104
11122,0.0001681014589028881
11132,0.998631957648832
11135,0.9986225556061034
11137,0.0011151007346656104
11155,0.001196362992081933
11159,0.0011116313560605167
11161,0.0014217301698571693
11167,0.0007870875850427992
11171,0.0015623698708997027
11172,0.00014710141614060444
11176,0.9814309022558508
11178,0.9942819347656837
11180,0.0017946785625651525
11183,0.9967549831751434
11187,0.00027023851287580114
11190,0.00045627238457388334
11191,0.007473535065524479
11197,0.0004922948014555959
11198,0.0008634833826594119
11199,0.00019512092682677504
11200,0.996174660796501
11206,0.9986150679886043
11217,0.0021986359611121157
11224,0.0010464430983698882
11238,0.9781458737406314
11243,0.0016066462608749694
11258,0.0003015247700133223
11261,0.007931128492938134
11266,0.004669607351467251
11273,0.0006659490515458521
11274,0.0016520352378865328
11279,0.0021372287295610697
11281,0.0004508538955822345
11298,0.00048419982464472056
11301,0.0010703986147962705
11303,0.0014930651712654144
11304,0.0010498717178804523
11305,0.0004375936253849304
11312,0.9888080984631998
11313,0.0010828212167872289
11316,0.22616402368765462
11319,0.00017459022607364079
11324,0.22657127283688758
11325,0.0007873184314972579
11327,0.092276201863631
11328,0.0004562400939140523
11329,0.001447533329676262
11339,0.0004957997192104473
11341,0.0014985459053597572
11350,0.9944744413563209
11352,0.001689674471711397
11356,0.0020390509758938433
11358,0.9984949093687883
11359,0.00012579397426606062
11372,0.0003193851664656977
11380,0.9984334143664989
11388,0.001206084802838615
11392,0.0014940959665530804
11395,0.0006966879998615981
11397,0.9440994292152037
11399,0.0015193400647605525
11404,0.9988334963229948
11405,0.7911244131677817
11406,0.001527182025207168
11409,0.9993487534399682
11412,0.0009535176972495676
11413,0.9929814283397977
11422,0.999460460263133
11426,0.998858241333915
11427,0.9454634709471909
11429,0.9993021363438689
11431,0.0004778859227238239
11433,0.9986150679886043
11437,0.0006010956841959866
11444,0.0015100400805556067
11448,0.0015719415954044413
11450,0.9979149685745987
11452,0.0010580933618531375
11454,0.9985758113591313
11459,0.05227311742562847
11462,0.2257055589106081
11464,0.0015755592951280904
11466,0.001702557150459592
11469,0.00029005404759620734
11475,0.9988685639332704
11483,0.0007495366118885642
11487,0.9988877262868621
11489,0.00033542734861926026
11490,0.9954370471763557
11495,0.0008074375752916974
11497,0.0007095752559529764
11499,0.0002007752815397839
11500,0.00043369884531684294
11503,0.9988517974708278
11505,0.00015976983205313918
11506,0.9438863038036781
11508,0.0014613229309719208
11511,0.0014083542789360148
11512,0.0001980350643751894
11516,0.0013345187568387712
11517,0.003434230938612775
11520,0.9992603193247441
11525,0.0013360998596810979
11536,0.00035968593791506565
11543,8.874298384412542e-05
11547,0.0014946087959036606
11549,0.00030419279747388885
11554,0.001479004315052503
11559,0.0019325518867181846
11560,0.0006952652153043761
11564,0.0021446597628233875
11580,0.0013844794871597068
11583,0.0016600324374479605
11584,0.16996626473725737
11588,0.0003795311102568876
11591,0.00040170446420960057
11597,0.0002767611198448564
11598,0.0014377729662385652
11603,0.000492252837566417
11609,0.0006987764805758616
11621,0.0014278126277986506
11622,0.00013113475338165126
11623,0.998722760084125
11626,0.9797011633002578
11634,0.0007067158972347171
11637,0.0010952839579055776
11650,0.000139051668688563
11652,0.0012303891847588568
11653,9.872475337201725e-05
11654,0.9999034744255405
11665,0.9927337885290469
11667,0.0029408997290400153
11669,0.00014301014651363657
11671,0.0001501489838421748
11677,0.00033526212400366076
11680,0.9975253395622531
11681,0.9978820413307319
11684,0.0010515251242219138
11685,0.00020077750338377059
11693,0.0034765461730734745
11694,0.001523895108533873
11695,0.9990247626493131
11699,0.990471046665713
11701,0.0014316305844270841
11702,8.843151526693133e-05
11704,0.9999057576819895
11705,0.0004693646274448132
11706,0.0007295370697389793
11717,0.0003379100720061988
11719,0.9986145097923802
11722,0.9873584640950569
11723,0.0014868485038076246
11724,0.000947273623376115
11732,0.0013902349147649831
11739,0.0007904483418370541
11744,0.00016666309238673967
11746,0.0009414398289509145
11749,0.9988033675670159
11751,0.00020077750338377059
11757,0.9988233635915647
11769,0.00048031580781089097
11775,0.00045624403902305016
11778,0.0003003338423354628
11781,0.00034161612178024186
11782,0.000425090833056529
11786,0.9996506546795758
11789,0.000947273623376115
11790,0.0011277773800632625
11796,0.0006977473254203455
11798,0.0010501479945533093
11799,0.9986639234678507
11802,0.0011282428406709894
11805,0.0001262844635460769
11806,0.0033540839621167173
11809,0.9943188409322351
11814,0.0007102841317687246
11818,0.004131695342586009
11821,0.005076386537163066
11828,0.9973597543338846
11829,0.997724741614139
11833,0.0013348698390800106
11838,0.99921181063249
11841,0.03533455784637158
11844,0.0014525688360629166
11864,0.001083249214126344
11876,0.00030394150072750445
11879,0.0015747883844338026
11884,0.998573734809393
11885,0.0021427118647269886
11889,0.0016386922630199142
11895,0.0004177503647187935
11904,0.0003476915230816365
11915,0.0006406436257792049
11921,0.04770606061832247
11928,0.9990247626493131
11929,0.0016626518184172613
11933,0.0013626929212718622
11939,0.0011025989652740508
11951,0.00012649867930297976
11952,0.0015100400805556067
11969,0.003463125800752814
11972,0.002144507365721266
11976,0.0013308955902274096
11977,0.001396070303730785
11980,0.019706361272111856
11983,0.00031966007170218405
11994,0.0512012790344701
12000,0.0010664257947783323
12001,0.9953322397970595
12002,0.000304629126748268
12005,0.0015815686967566567
12009,0.0003136626302509677
12018,0.0004524401949982825
12022,0.0015772209222376047
12031,0.9984883614884884
12038,0.002184530168595086
12047,0.9979303228514794
12050,0.00039453285607260306
12051,0.002002575276441327
12058,0.0011634474575666829
12060,0.001375389401531309
12064,0.0003858489705594985
12065,0.0003069992761861746
12066,0.0014307013277221482
12067,0.0006966879998615981
12072,0.004731996415015951
12075,0.0007158915692103695
12080,0.0011605635614117247
12093,0.005099356398994124
12094,0.9999128622235526
12095,0.003204047808203926
12102,0.9978581170559255
12110,0.000947075185722398
12112,0.0006952652153043761
12115,0.9451449906986888
12122,0.9991121930295982
12134,0.0004405674340665074
12135,0.00012364602423055085
12140,0.998463707648367
12143,0.9985921748732034
12160,0.001011327089670942
12162,0.00034235378700109265
12163,0.0051303440300206
12164,0.00022137252808241984
12171,0.0006977610194942836
12173,0.00016790698268056472
12174,0.03343579241680105
12175,0.0007794018887347024
12178,0.001236801577773544
12182,0.998573734809393
12183,0.0007417266599352397
12195,0.005937201489114732
12196,0.9988613851219579
12198,0.0031145744932374662
12199,0.9999133174958619
12205,0.0013617870919220025
12208,0.001366838096191584
12211,0.22616074094976135
12212,0.00031557865986354565
12215,0.0004783523770525555
12216,0.0006143508231706865
12220,0.9948010018984913
12221,0.001642013279292688
12222,0.9986099437682195
12231,0.00014385387355957496
12232,0.0008447466214360336
12233,0.9441918141431969
12235,0.0006457017423172845
12241,0.0037952338260567164
12246,0.024537473410321843
12248,0.998097496869052
12252,0.9990804601835348
12253,0.00012335414155656128
12265,0.008110128216620235
12278,0.0035806807717639042
12281,0.011706596775501827
12284,0.0014125731255043468
12290,0.9967901608524399
12291,0.0007131548183533392
12292,0.9988428048878634
12294,0.0016634468744414893
12297,0.22657127283688758
12300,0.2336795148284603
12301,0.00032787032741860906
12306,0.9966013171227158
12308,0.01996809586146814
12312,0.015400032006820103
12317,0.0039578568785478925
12320,0.22678385924336528
12327,0.0009958919835060464
12331,0.9875225646261303
12333,0.00021283540640743733
12339,0.00012683955714496787
12344,0.00043166422383975387
12351,0.23299543517510582
12356,0.0012321070152272288
12360,0.23231651120501481
12362,0.9999132087096476
12367,0.00026660475000518305
12368,0.23750327661741386
12370,0.0011010012526497179
12374,0.9986150679886043
12380,0.9992142777018423
12384,0.9944960181709218
12390,0.00042577842308795625
12392,0.0002007752815397839
12393,0.0014083542789360148
12396,0.9999148491007637
12398,0.0015060101718168838
12407,0.00014659310159765494
12408,0.001333095347657979
12413,0.0022520452786715787
12414,0.9999135047980304
12416,0.9779995657932281
12417,0.0010464200681433577
12422,9.944563450973201e-05
12425,0.0010498717178804523
12426,0.003789548473440408
12428,0.019714779477397554
12434,0.000771058971623664
12436,0.0029207984924494064
12439,0.0005920041130241305
12443,0.9987263473693766
12445,0.0031831390847041636
12452,0.9984949093687883
12456,0.9898808338995769
12457,0.00021787613335927283
12466,0.9984897926481685
12467,0.9946551087873088
12480,0.0003260759947808625
12484,0.0004619316549913385
12486,0.0010438782634250496
12496,0.003612390477219154
12498,0.0007651758749198382
12504,0.00039472161687234244
12506,0.9990186719790225
12511,0.0010515251242219138
12513,0.9767506877779281
12520,0.9985921748732034
12524,0.0008088203309399348
12526,0.00043851159950550957
12531,0.00031802703645052453
12532,0.0021930210776544656
12533,0.23226280976149838
12534,8.702272556779367e-05
12535,0.00048751661220081447
12537,0.0014548577165559163
12540,0.23750327661741386
12542,0.9983936811199694
12548,0.9441399216225865
12557,0.22657127283688758
12570,0.00010327704425557251
12572,0.9999129590491173
12573,0.9957181255904876
12575,0.032882360429674004
12576,0.0006314462775840144
12577,0.9948284416403744
12579,0.002187090224662646
12582,0.9899011552131404
12597,0.0003021258264455234
12598,0.000368436224645849
12606,0.000947273623376115
12611,0.001066305236631986
12625,0.00276357072526779
12629,0.0006792968683812484
12631,0.00020196337911097364
12637,0.0006966879998615981
12639,0.0009858155003893516
12641,0.016736069879905544
12644,0.03419028037618402
12645,0.0007216846657758989
12649,0.0002735533575555576
12652,0.0010010816546147266
12653,0.006327082650359057
12664,0.22657127283688758
12665,0.9970559941147429
12672,0.997854272375107
12679,0.0035781718771586628
12686,0.0011322609851198324
12692,0.22616074094976135
12698,0.00042743861774215494
12699,0.002159739029727854
12700,0.0004832176766555028
12702,0.22625904865575544
12703,0.0011604825651328446
12704,0.0014890093159753124
12707,0.0007042447108025233
12716,0.0016429577760294035
12718,0.00010184271106436614
12720,0.0003013129050736923
12722,0.23750327661741386
12723,0.00031532926963467927
12725,0.044662640341054834
12727,0.9950346345885428
12730,0.0013735878803886263
12731,0.024875264773115767
12738,0.0026468922470900386
12741,0.0008161144731619029
12746,0.9954957257601585
12750,0.0009036115756379364
12758,0.0009274106533397563
12761,0.0015119662127262385
12764,9.376307577766514e-05
12767,0.0016561829480166053
12773,0.22657127283688758
12776,0.9977282444917961
12779,0.001476643206603865
12788,0.0037482671909912658
12796,0.006653460284685526
12802,0.008366285388567807
12810,0.0016897870776272214
12813,0.9990248697052374
12817,0.9986148385569192
12828,0.0007023511906415592
12829,0.999011736774422
12843,0.0013345187568387712
12844,0.0019170549731095687
12845,0.0006966879998615981
12849,0.0002601125323857687
12851,0.0007669559750051303
12854,0.9975066628021143
12861,0.00027420784174033585
12862,0.00031728622687938253
12864,0.001466539729564132
12869,0.0011481635622746147
12872,0.9990496966569664
12880,0.23707900843612423
12882,0.001246953114828876
12883,0.0003322695588026054
12889,0.0006966879998615981
12894,0.0015434571253645215
12897,0.9870843032781131
12907,0.0003426222493892808
12909,0.9991824506484781
12913,0.002279304041575862
12914,0.0003827142871780402
12916,0.0007712741108100739
12923,0.23425244921339433
12925,0.00031211982415872545
12933,0.0010859862255312746
12939,0.0001282179946954109
12940,0.00031354803419106114
12954,0.00031823880194634715
12955,0.0026034022809335905
12959,0.9997896694068856
12969,0.0007417266599352397
12975,0.0006977610194942836
12981,0.9970474919012116
12985,0.0009442714362303326
12986,0.9993490855567737
12989,0.005042913565309198
12992,0.0022490457822699063
13003,0.0009401554540544832
13010,0.0011614439313589948
13012,0.0036318730320396547
13016,0.9539199176199418
13021,0.002196161070921853
13022,0.021172807737691916
13023,0.001424858796792386
13026,0.00014328585949201393
13029,0.22616074094976135
13031,0.00016870162174041582
13037,0.00016765811244958724
13044,0.0007755172427918714
13047,0.00030318819159411907
13053,0.22657127283688758
13059,0.0006334132521866274
13061,0.9951909863583365
13066,0.00047175099063604016
13067,0.00031608533768918935
13084,0.0020391336230023106
13085,0.0010464430983698882
13089,0.0033488899036188745
13093,0.0011218024549936852
13099,0.02458517189089366
13100,0.0027607212047566394
13105,0.0463550974776996
13106,0.0006977473254203455
13107,0.0012222059795232935
13111,0.005717316773803456
13117,0.001113298972352885
13118,0.0003476851836191016
13120,0.0006966879998615981
13123,0.9984927150373031
13127,0.9992502367170061
13146,9.211997868197038e-05
13150,0.0034134414809991035
13153,0.0025968088359251437
13154,0.9986290021442883
13157,0.0003570863122429131
13158,0.00034111522807912906
13164,0.9990202024033239
13169,0.0003136626302509677
13170,0.0010478153746551816
13174,0.0001229493466208193
13178,0.998573734809393
13182,0.9984927150373031
13183,0.0001279184468024736
13187,0.0006975773853028527
13190,0.16968893001534094
13192,0.020059470386784458
13197,0.9977643965327588
13202,0.00026061144754774534
13204,0.000606817245153028
13207,0.0017734132378352874
13208,0.9999266088209733
13209,0.0007493393618039271
13210,0.001327806224507608
13218,0.00020743561573707708
13228,0.0007442256240102126
13229,0.000304963077448226
13233,0.0013698450068812395
13235,0.002607383810610972
13236,0.0014214844122022864
13241,0.0007138223827040756
13245,0.002769438635714921
13248,0.00016936418814890555
13255,0.00044489171848583744
13271,0.07036032437063552
13272,0.0006292312427130113
13274,0.0007400816804321923
13281,0.001326923554743817
13288,0.0010498717178804523
13291,0.0013735878803886263
13299,0.9870843032781131
13302,0.002060010635035085
13303,0.0015184780110863206
13305,0.0014580846822301945
13307,0.23214765083129657
13309,9.146727630576054e-05
13311,0.0014017651614658601
13320,0.0015100400805556067
13332,0.00014069993153824199
13333,0.9985729265633272
13338,0.0010256050964427403
13339,0.00016726729938251812
13340,0.0010048553203068269
13346,0.0006952652153043761
13348,0.997977616512353
13357,0.001362025702535083
13362,0.9986134663992837
13364,0.22616402368765462
13371,0.004165463988765791
13375,0.9999121409097892
13382,0.9977993381025171
13383,0.2295231799323673
13387,0.0015493772364943783
13391,0.9978208789092736
13396,0.000305082335966064
13406,0.0006991751857918094
13413,0.9997445502018062
13419,0.0004939942290818522
13423,0.0059228735305323415
13427,0.9988365935479665
13431,0.00039801571784311285
13444,0.00014373714454037412
13450,0.0010478153746551816
13451,0.9991470184276717
13456,0.9999056200879407
13458,0.0007984481646260377
13460,0.9981657327569897
13464,0.22657127283688758
13465,0.00040257846799593157
13467,0.9968062076942444
13468,0.0001240151542109565
13471,0.9996267718893583
13479,0.001231594751984928
13481,0.22584891729924114
13483,0.0004921563389479917
13488,0.0003520001577142605
13494,0.9870843032781131
13499,0.9989234161270648
13500,0.00140770502765976
13504,0.0010498717178804523
13515,0.00031966007170218405
13517,0.0010515251242219138
13523,0.001403374134628198
13526,0.24989769627650454
13528,0.9997005131913295
13531,0.9986150679886043
13532,0.00017054974390470355
13535,0.00016720994553455628
13542,0.0010566367846566594
13561,0.00016635250029956874
13563,0.0013915559361028632
13568,0.001380740364277015
13574,0.0016581986639709236
13575,0.0012636579328134507
13576,0.0006166615116075624
13584,0.0004820999822552088
13587,0.0019870726335109857
13592,0.9991468719513982
13600,0.00031966007170218405
13603,0.9973381990070089
13604,0.9438823720907612
13606,0.0017580299073827173
13607,0.00034051068154402307
13612,0.00040510291798333026
13615,0.017238002036229435
13622,0.0001641518613447408
13624,0.9757559343279328
13625,0.000304629126748268
13628,0.0014755137634238473
13633,9.189240892763219e-05
13641,0.00017796250442438512
13649,0.002576399641430363
13657,0.9993389699266121
13661,0.001327806224507608
13666,0.00016585142384342033
13667,0.004806194506716805
13668,0.0013322091665977033
13672,0.0013834579050749532
13675,0.07117954048264327
13684,0.001978989135404128
13686,0.003200471101389327
13690,0.0012022068800088763
13695,0.0003359800467877094
13698,0.0016653398494102208
13699,0.22616402368765462
13704,0.0029233672105517952
13712,0.9989239163193946
13714,0.0006986763636347407
13715,0.999629724918507
13718,0.9742363728818977
13721,0.00014343393442212807
13725,0.00047951223277896583
13729,0.002179202214648903
13738,0.0001683689786551796
13740,0.0006977610194942836
13751,0.998119172999208
13756,0.001463733394312386
13762,0.0007817694076055295
13769,0.9774928278259665
13777,0.2336795148284603
13778,0.010124429445040987
13780,0.0033372442415415507
13788,0.9986278215642707
13789,0.0013314231022819125
13790,0.0001457591395207728
13791,4.790681214390378e-05
13798,0.0014073555020535577
13802,0.00039708401888137197
13805,0.0008221705632570829
13819,0.0005011586307302248
13821,0.22625904865575544
13827,0.0003664369843824368
13830,0.0014184556560980868
13831,0.0003028663615893787
13833,0.0001274237059844524
13839,0.0004773935306789473
13840,0.0010501479945533093
13846,0.001113298972352885
13854,0.0006756843499320963
13857,0.0010438782634250496
13859,0.020625625644513885
13860,0.00045010838904920416
13862,0.05276469183437895
13863,0.0008041063005895993
13866,0.0006322951995926206
13870,0.9999050964777161
13877,0.002250241403478113
13881,0.001426375041084579
13883,0.9999186861999291
13886,0.0013664876456010828
13888,0.0014340240179545522
13895,7.213201981584869e-05
13902,0.0002091530254426572
13903,0.9435809599899676
13906,0.0014106548353336689
13907,0.9944057760409197
13908,0.22657127283688758
13909,0.00019064255537942597
13913,0.05321895219737257
13919,0.2343670686352531
13926,0.0013455355545687361
13927,0.9990739177611666
13929,0.00030126881293437947
13930,0.0004803334989435008
13934,0.30112189735204203
13939,0.0005051530118389639
13942,0.9986250416966778
13944,0.9999129307302719
13956,0.01682813787281074
13959,0.0014900832599466839
13969,0.003405804461182058
13973,0.9958492452166454
13975,0.9439344896603188
13977,0.001376256483094018
13979,0.0006966879998615981
13980,0.00141134644385425
13981,0.00044008188447152303
13987,0.0027186192732956407
13988,0.0006539843696071087
13991,0.9965761227532046
14001,0.0011151007346656104
14002,0.9986225556061034
14009,0.999025280608311
14011,0.9993002258951031
14021,0.0004561429369903763
14025,0.001323660541068371
14026,0.0007370504039973009
14029,0.0003489740366257951
14033,0.00020916553558250473
14035,0.000608494834896177
14037,0.0010498717178804523
14040,0.034051202025733446
14055,0.0003333797667657057
14064,0.0021999139935454746
14068,0.0026056559452786038
14070,0.0015441777696291836
14075,6.13701046320998e-05
14077,0.0013859688561642983
14079,0.9996339410520025
14081,0.0003226588276428855
14084,0.00034277578814698905
14087,0.9985921748732034
14089,0.04675919824084482
14090,0.0006648416162898145
14096,0.00045509294679805016
14100,0.0014420017982032856
14106,0.998928484252556
14107,0.0012372606977058358
14111,0.001128068214592131
14114,0.0010515251242219138
14115,0.0013362002191384499
14119,0.9755831806178722
14122,0.0010073047510849784
14124,0.0010501479945533093
14125,0.9988358203518779
14127,0.9985325903156814
14131,0.001048379449698907
14133,0.0013354064721763487
14134,0.0016939143659874102
14137,0.0004113099070495708
14143,0.0013030087334578578
14145,0.001452719282055517
14150,0.001792999195298407
14152,0.002715744957450549
14153,0.9999125465730586
14154,0.0014375110054532364
14158,0.00027361729392966504
14159,0.0014511020675689352
14171,0.000486340388218161
14173,0.9989368117162746
14174,0.9991279542756274
14181,0.9954965155709099
14186,0.9981578324235922
14187,0.9765718290792312
14196,0.00016968646294979016
14197,0.9761003202714765
14199,0.0012208226793560056
14200,0.23231651120501481
14202,0.0009607313777071356
14207,0.9990928388349488
14208,0.9985325903156814
14210,0.0007971858033143135
14212,0.0007432733579125523
14213,0.22657127283688758
14220,0.0007990617011179749
14221,0.000771477130364351
14223,0.0007067588552168477
14224,0.001333095347657979
14236,0.004954068987088729
14241,0.0003189178113029457
14242,0.0013864201353538466
14244,0.9991696126099292
14245,0.9976602108869611
14247,0.0005657937064216321
14268,0.9815487402486075
14272,0.000718684863407877
14276,0.9991522296186082
14278,0.00034337435630393777
14280,0.0001422711647381584
14282,0.0003834129196399753
14283,0.00010144925508390866
14284,0.0010162576583493085
14285,0.9993110819674208
14286,0.0006209308311002483
14288,0.0013885486913984345
14289,0.0010501479945533093
14295,7.518276406535688e-05
14296,0.0015048554477712398
14297,0.0004251109009481212
14301,0.0004554534480191819
14302,0.23163315307971089
14305,0.0013807251027608634
14306,0.00016591627854893007
14307,0.0011416678539700098
14309,0.22616074094976135
14312,0.0013348698390800106
14324,6.450274122866884e-05
14325,0.9997888207587055
14326,0.9764336204397397
14329,0.00031966007170218405
14333,0.9954485285887839
14335,0.02459253574373249
14340,6.395956831135364e-05
14341,0.0006952652153043761
14346,0.0003056833753147048
14347,0.22616402368765462
14348,0.9986148385569192
14358,0.9988976171265169
14359,0.9954772378664049
14361,0.0038915161178401077
14362,0.00027425242246361374
14363,0.998480389568744
14364,0.23205063981404345
14368,0.0002680938490332172
14373,0.0003378384409522683
14374,0.22657127283688758
14378,0.0002943280546432569
14379,0.22657127283688758
14380,0.9992173748566888
14381,0.0010443716296044028
14383,0.00027361729392966504
14387,0.006510140944144372
14389,0.000578349010487102
14392,0.0004315893165013355
14395,0.0009427992298561287
14398,0.22601724241695728
14401,0.0034013176225513755
14406,0.00031056602672139194
14412,0.0002007752815397839
14413,0.00016235593691807458
14415,0.0006977610194942836
14416,0.9988849225221543
14425,0.07054377482503318
14428,0.0006227338387018931
14431,0.0012467317646340595
14435,0.03298377016331353
14436,0.003389304977595646
14442,0.0006952652153043761
14443,0.0013370890514789763
14445,0.9999063235516076
14448,0.9989351960630096
14451,0.22657127283688758
14453,0.0007810042603928674
14454,0.0019459101707921442
14455,0.9991454470738245
14459,0.9988033675670159
14461,0.998573734809393
14462,0.9914550799689518
14464,0.9974985074119823
14467,0.00010179269618203774
14470,0.001522891941353011
14481,0.00015800234717704243
14485,0.00018568531048121604
14488,0.0015100400805556067
14489,0.002594245070888917
14494,0.0025924383656428787
14496,0.0015676654125103854
14502,0.0006184673899911952
14504,0.00026728214306813945
14505,0.9457053650711768
14507,0.0006991751857918094
14513,0.998482134564802
14517,0.9999133413946015
14522,0.9999116594774123
14523,0.0007140102902643799
14525,0.0007066072394601969
14539,0.000437096490189543
14545,0.0025204668573161966
14549,0.00015249521587720906
14551,0.9990247626493131
14563,8.6799236625682e-05
14566,0.0002106211550980722
14568,0.0025987163038869512
14569,0.000814916717369738
14571,0.22616402368765462
14578,0.0014281882184853587
14581,0.0018511047226847225
14584,0.0011171000277732175
14592,0.0003029972601703118
14593,0.0003198501528713225
14596,0.00031987292424352906
14603,0.997610397310557
14605,0.10375937647054018
14611,0.0006158306508511661
14612,0.00016464982350043758
14614,0.00268052617524698
14622,0.17835609782656017
14625,0.0009456668324539181
14627,0.0010501479945533093
14629,0.9958487909694227
14634,0.9984833821908372
14640,0.9988908550653981
14644,0.00015514375872864038
14647,0.051255323663129834
14655,0.9448685339962664
14661,0.0016711091992829058
14662,0.0004817336698952671
14667,0.999262838233632
14671,0.0013978602906758507
14673,0.0013923905519389005
14674,0.003540995569541871
14675,0.0002543632792755217
14677,0.00012567067265323607
14680,0.00020122021623202003
14689,0.00041483402323059924
14690,0.9992997673814143
14691,0.94545500887448
14693,0.9985867988242589
14694,0.0010478153746551816
14698,0.0006611454670614383
14708,0.0005876513955515283
14709,0.9435215679947548
14710,0.04810309271722235
14715,0.997018844808916
14716,8.61742263806213e-05
14719,0.0008445243368034825
14720,0.0013322091665977033
14722,0.0006987764805758616
14726,0.0001522662717264409
14735,0.0011748570978735511
14736,0.0016431773254191983
14739,0.0014482713171809483
14743,0.0016815638592475367
14755,0.0014964659877516905
14759,0.0062808615353963475
14763,0.00029980778346921856
14765,0.9985304508398936
14772,0.22625904865575544
14775,0.0010246190998414262
14778,0.0006348318650477348
14784,0.0010033281887242291
14798,0.00034899347099992127
14821,0.9985297016447129
14824,9.90541074876334e-05
14827,0.04740088250048394
14831,0.9988581160053916
14832,0.001128266723528221
14839,0.0007083072452495462
14841,0.000771477130364351
14842,0.0003249361488445233
14851,0.00015260632712615842
14862,0.0196894417827647
14863,0.0001465979142846151
14864,0.9991339843796551
14865,0.0007943075637897192
14866,0.22986748426052966
14875,0.001228273148794417
14879,0.00026837899214517173
14881,0.0011055566126290488
14894,0.001378018010630024
14895,0.9999187690626427
14898,0.9990382207567631
14899,0.99926454923244
14900,7.212081385166558e-05
14903,0.0025867172104047467
14905,0.0014083542789360148
14906,0.00013795973681679096
14919,0.001722942030216101
14923,0.001045566547486201
14925,0.22657127283688758
14926,0.002693744252472827
14928,0.0010438782634250496
14929,0.0021437099277668093
14932,0.024353367909996055
14933,0.000313352615489291
14939,0.0013345187568387712
14946,0.0006976019373648895
14947,0.23419717249782482
14948,0.0006157358726841257
14949,0.0008370079753576739
14955,0.0004023952864466917
14958,0.001479413320303394
14962,0.00013006468360955036
14963,0.9993057808215099
14969,0.001066305236631986
14978,0.0010919869790949133
14989,0.0013562883077550864
14991,0.003925045332068801
14997,0.00256926597495819
15007,0.0010464430983698882
15009,0.0006195527320309746
15018,0.09186008517839735
15020,0.07279536566589168
15024,0.00012696967564261385
15030,0.9943056894943357
15032,0.0013825149878464557
15036,0.22657127283688758
15037,0.0001433323489398706
15038,0.9993057808215099
15039,0.9984921883385266
15042,0.03692303945944072
15044,0.00012702498459818117
15047,0.000339088314131921
15054,0.00105434279638433
15059,0.024322216555151467
15062,0.049672227435137495
15069,0.0016728742392610198
15070,0.00016837043496137515
15075,0.9990789460392538
15081,0.00033829862845268237
15082,0.00033657040717281186
15083,0.0004865525763272768
15089,0.0010950111592659018
15090,0.0013354064721763487
15095,0.9978531463750725
15100,0.0016148851018584712
15102,0.0038267155027442066
15112,0.0016623875153925058
15113,0.0013360998596810979
15120,0.001375744143421972
15124,0.997319165317357
15127,0.9984826018165908
15128,0.00021889264321957782
15130,0.0010510787848209667
15134,0.0011319631303481296
15136,0.0001679789993257408
15144,0.0026637100262814997
15147,0.0012247545439323308
15148,0.998111564002736
15153,0.07946130736652465
15156,0.0007244390859581536
15159,0.22936141743957172
15161,0.0021722659774766765
15164,0.9986150679886043
15165,0.00020767963365700632
15168,0.00016765811244958724
15174,0.9986511031320976
15175,0.0008424255201266022
15176,0.0014868485038076246
15183,0.0011074727196265833
15184,0.00044182684167391127
15185,0.9986215084965827
15186,0.9987969413030586
15187,0.005206845048604896
15190,0.0011581542600529956
15191,0.9875046581180301
15195,0.9974758837472858
15197,0.0009959687012969847
15202,0.00010276060707539517
15204,0.0007494712748985762
15206,0.9986188536771394
15209,0.9986236033432372
15215,0.9997792623223791
15220,0.0014853388757671846
15229,0.004009576401356574
15230,0.0009373271182826332
15232,0.00048503221995240957
15233,0.00044489171848583744
15240,0.9954957257601585
15242,0.0016642482199055125
15243,0.9980412444996816
15245,0.001031534560338987
15247,0.0011104059745004322
15248,0.9986143618724783
15250,0.9980508858734833
15252,0.00022517922250117256
15263,0.0014839136284482747
15266,0.0010498717178804523
15268,0.0014433114793127879
15270,0.9996472808847457
15271,0.9985758113591313
15272,0.0011605635614117247
15274,0.00014911406662583698
15275,0.9968395856012822
15276,0.9993000413050952
15281,0.0003426222493892808
15283,0.00030783081742797214
15284,0.0010464430983698882
15287,0.2828408598997128
15295,0.9992207606717809
15301,0.0006613770785315664
15302,0.001453004230480443
15304,0.02429773040616603
15305,0.9999192223236155
15307,0.9977623369843948
15308,0.0009759251483141696
15309,0.22616074094976135
15311,0.0012531595687157316
15312,0.001888412191729188
15315,0.00027063811354847587
15326,0.995449280083345
15332,0.0013782411134959298
15336,0.9781458689113575
15341,0.00045949699631272616
15345,0.0009931474009253693
15361,0.000605764859468165
15364,0.9988922089684865
15370,0.0001633592206348854
15376,0.0014631712474470636
15399,0.0014511020675689352
15404,0.00416998534116319
15409,0.0022065233548738614
15411,0.002588658903944584
15414,0.0014482713171809483
15415,0.24090041554296615
15416,0.0025106798451565004
15417,0.001066217637033153
15423,0.0003193856149348978
15425,0.003806797668590019
15429,0.0010532949351575692
15433,0.0013345187568387712
15436,0.00031313885700350475
15442,0.00047907423993838965
15445,0.00015536388077501577
15448,0.0016698221101993135
15450,0.00014210940864439988
15452,0.9997900839490551
15456,0.0009973740104466543
15458,0.0009377210347280434
15459,0.09185627848497273
15463,0.00043921350831230467
15468,0.9999125418425923
15469,0.945064614804504
15472,0.00034577143208559206
15476,0.001248071245996935
15483,0.0003117922879789838
15486,0.0008447466214360336
15487,0.9426242842870489
15495,0.005968045959647559
15500,0.22657127283688758
15502,0.9977790434627856
15504,0.0013874640415193944
15507,0.0014169036858882877
15510,0.0006998527145761828
15515,0.032807738326873864
15530,0.9985921748732034
15533,0.0001303869621212003
15538,0.9988986321893188
15539,0.0010438782634250496
15541,0.9987852753471281
15543,0.0010464430983698882
15546,0.9928309838928541
15547,0.9986075029300264
15549,0.9871104061138182
15555,0.9986504153638817
15556,0.9999187690626427
15566,0.9870843032781131
15571,0.00033649635044922957
15573,0.002520404896717596
15582,0.9972678493015408
15591,0.9439727999546137
15592,0.0009980567381267038
15596,0.23279735625649803
15597,0.0049330582211566144
15601,0.03162552091319136
15608,0.002178928419834957
15609,0.0006952652153043761
15610,0.9933169681178357
15611,0.0029426183600417756
15612,0.9988688066628232
15618,0.02526892576629375
15619,0.9927330691772777
15622,0.000771477130364351
15623,0.22616074094976135
15629,8.60827999387939e-05
15631,0.0009924030447927838
15634,0.9993129437650895
15638,0.0014027669815895017
15644,0.0014348599877570842
15645,0.233198575191002
15648,0.0013999039444806672
15651,0.0014115095425075075
15653,0.00025371142582577937
15657,0.0014537413755413725
15659,0.0013291188624175454
15661,0.9990226016463437
15665,0.0010697988637722617
15667,7.155071174196118e-05
15668,0.0007843067479768579
15669,0.2309655046758487
15670,0.22709659507387725
15671,0.9990804601835348
15688,0.07105367574462856
15689,0.00020694233679738054
15690,0.00014261950071319397
15694,0.0008041063005895993
15695,0.9984530471625616
15696,0.9976526094011618
15709,0.0006966879998615981
15711,0.0006891892163705278
15712,0.002148299392592672
15713,0.0004307202148885936
15715,0.00048110166660554057
15720,0.00027083178169489715
15721,0.9977837532490367
15744,0.002064423988575457
15747,0.00045624403902305016
15751,0.00048219450688571263
15757,0.0010529344919224094
15758,0.9992615044913079
15764,0.0037708222965552097
15769,0.00016991543617751455
15783,0.9441399216225865
15786,0.0007317239509054844
15788,0.9973094433001911
15794,0.00996063221224469
15795,0.22709659507387725
15796,0.230073678156334
15797,0.9450597259539749
15800,0.0031003522150455207
15809,0.9990234109255933
15813,0.00011250775800503343
15819,0.00012535988687705199
15827,0.00218799272280318
15828,0.0003033156951641165
15829,0.0026170325236297832
15835,0.0006282932410165435
15839,0.0006287264753473638
15841,0.0013782411134959298
15842,0.9975021609710363
15843,0.9986666229903549
15852,0.9999104045442117
15881,0.000126860203903555
15886,0.0001616209091840006
15891,0.001496621760820494
15894,0.0013314231022819125
15904,0.0013891878033095572
15912,0.00029973267586130197
15918,0.00021821963188420682
15919,0.9970243130043562
15934,0.0005010118925034165
15935,0.0010510189527774866
15937,0.9940656177880457
15938,0.0021240357995554664
15947,0.0001241802381952516
15950,0.0015122393745037258
15955,0.00015515366393004996
15959,0.998036487120302
15964,0.9954389772012497
15965,0.001323660541068371
15966,0.0006421437678824412
15968,0.998490562148364
15969,0.0006828677736344981
15971,0.9445960595585096
15975,0.0031901755452242177
15978,0.002613549595061087
15980,0.0010501479945533093
15981,0.0007831401949882937
15982,0.9962629304086258
15988,0.00045521884173819126
15993,0.00033265706518189936
15994,0.001497118256841877
15996,0.0010176138107057498
15998,0.00031707509505408835
15999,0.07252271817214817
16000,0.9954957257601585
16001,0.9441979512915524
16004,0.0003048449949821507
16009,0.0006975773853028527
16014,0.0010464430983698882
16017,0.00038619159874011817
16018,0.005908292229296289
16025,0.9975367362331262
16027,0.9440994292152037
16028,0.9988033675670159
16029,0.0009980905563257327
16032,0.003543945321263338
16037,0.00012912139716084905
16039,0.00047150757421798243
16044,0.0003333886087203893
16046,0.0009649815694597799
16058,0.0020185785671756754
16059,0.00016343807987133726
16061,0.9992641251832379
16064,0.0007051685544445562
16065,0.00047967642265628953
16077,0.0025945328767580213
16080,0.001326923554743817
16086,0.000547443803561582
16092,0.0014106548353336689
16100,0.0006966879998615981
16110,0.035878357303623584
16111,0.22657127283688758
16112,0.00016317712054236304
16114,0.002165232529372027
16119,0.00034111522807912906
16127,0.00033829862845268237
16129,0.998573734809393
16137,0.001333095347657979
16138,0.0012220078801142304
16143,4.69223959351899e-05
16144,0.9987760569059596
16148,0.0006966879998615981
16153,0.9990202024033239
16155,0.016255042951956542
16163,0.9464908875511642
16170,0.00016858241654218504
16191,0.00013441048803221063
16200,0.9986225556061034
16202,0.0010498717178804523
16205,0.22709659507387725
16208,0.0015158275207216765
16211,0.0004778859227238239
16212,0.999025280608311
16214,0.00030230665516661753
16216,0.0015623698708997027
16221,0.0021783558271618176
16224,0.9992707295621859
16225,0.9999064982700042
16229,0.9990249386448753
16232,0.977996815956283
16238,0.9741462753534155
16243,0.9988869646713325
16253,0.00020196615289364326
16259,0.9951057670267786
16260,0.0009432362751421224
16262,0.0010546761872639548
16267,0.9443201488220455
16272,0.0010069487839375515
16275,0.001066492888589411
16278,0.9986150679886043
16292,0.00035280694731222974
16294,0.0032587507112204336
16296,0.00012683955714496787
16298,0.00043254537013104257
16299,0.0014599497281557953
16300,0.9990201803916118
16302,0.001421308721918443
16304,0.002582421899921754
16305,0.0027623863473827852
16307,0.9987651601644494
16308,0.000472618944347074
16309,0.04753631739454603
16315,0.00020722031189396713
16316,0.0250867925267888
16321,0.0004202855886823828
16323,0.00020196615289364326
16327,0.0002735418132887877
16330,0.0007415961089447381
16331,0.0013354064721763487
16333,0.0009319027693065752
16339,0.0010498717178804523
16348,0.0008332182127838957
16351,0.9929324101238457
16354,0.00032073979239174354
16357,0.230073678156334
16363,0.9990698027752929
16377,0.0016115651946798386
16381,0.0004918735473603132
16384,0.0014733518777560507
16387,0.004006818374796747
16400,0.0005871009613523354
16402,0.98740658950645
16404,0.0007815636816856438
16405,0.0014253418085878598
16408,0.9976606530423061
16410,0.00045498079333478535
16420,0.0005136841848332441
16425,0.23419717249782482
16430,0.0007937970298646343
16435,0.0036164448118134254
16441,0.9992557990960942
16447,0.004935522911790743
16449,0.0010464430983698882
16454,0.0009380852848429234
16457,0.0010566279329613157
16458,0.0004579999755617664
16460,0.002800421457977794
16465,0.998573734809393
16468,0.0014910607701002392
16469,0.00265040371138268
16475,0.00030479700413875606
16478,0.002641512594915466
16480,0.9993102093508271
16481,0.0004604971872639137
16482,0.0002669129261891366
16489,0.0007029700334007912
16496,0.005665586671080554
16498,0.001053017831449094
16502,0.0008120780408435931
16504,0.09250796913585939
16510,0.0007850875999936141
16523,0.2297580612889669
16527,0.0004951795801086534
16529,0.9985325903156814
16533,0.9960448261532447
16534,0.0008069751847476737
16540,0.0010478153746551816
16552,0.00048488610588298664
16558,0.0015108288544368755
16559,9.367131186082485e-05
16566,0.0001682963787201067
16568,0.0013357577876434072
16570,0.22709659507387725
16571,0.9985874775387464
16572,0.04729598845243396
16575,0.0011613838491904124
16581,0.001643133107272159
16591,0.0003778372950452287
16598,0.00481683524240495
16600,0.0001630544566867146
16606,0.9990327993869412
16608,0.0004153003855717269
16614,0.9993490855567737
16615,0.001802160194691603
16619,0.0033658263442586972
16640,0.002865710854817811
16644,0.0015418364775558083
16646,0.0017094264748092535
16647,0.0013397594569352074
16648,0.9944803412490505
16650,0.0015501578160606435
16651,0.2310852208586498
16653,0.0004850450383186131
16658,0.0010861773372488493
16666,0.00033557975106457655
16667,0.0010077590123777967
16668,0.0015410392435130618
16672,0.0013965618682314908
16675,0.9998721632837677
16679,0.0026664226650899908
16683,0.0006966879998615981
16686,0.004994662023646452
16688,0.943603821067792
16690,0.016465857363645812
16696,0.0014809031230961058
16705,0.034106064869879126
16708,0.0003163958690901064
16709,0.0001413248251847245
16713,0.0006966879998615981
16718,0.9893958274562927
16723,0.00020196615289364326
16730,0.22585219683199012
16735,0.9761395035115393
16737,0.22657127283688758
16749,0.03419609774494028
16754,0.9999133413946015
16755,0.00016252381517768905
16760,0.00027488678797706035
16765,0.0003731469351616871
16770,0.0015061310194401116
16786,0.9986150679886043
16790,0.0006976019373648895
16793,0.0014005338769207405
16794,0.9431055649239604
16801,0.22616402368765462
16810,0.00020183125518719229
16811,0.0017489864928011925
16814,0.00048081552338680275
16815,0.9977041341730732
16816,0.9996539719574311
16825,0.001333095347657979
16832,0.0010478153746551816
16835,0.0002162255844060346
16837,0.9986278215642707
16839,0.0036543768456051185
16840,0.0003355593059528003
16843,0.0011588891145343698
16853,0.9990714804243344
16857,0.00031781306801495046
16861,0.0006986763636347407
16863,0.9970307188079839
16876,0.16905193245705435
16878,0.9437274450387709
16885,0.0012114340714022914
16887,0.0013694328630738193
16890,0.9782787171971308
16895,0.0030920640776859053
16898,0.0007304683593448643
16905,0.24989769627650454
16910,0.0010912805547004815
16912,0.9944755314365148
16920,0.0017340668064009955
16927,0.000995663509079374
16931,0.0004519524539877876
16932,0.23268245411767788
16933,0.00016273722028334713
16941,0.001106126140257884
16944,0.0025982931460778462
16947,0.9983730458788813
16948,0.0017030606597924348
16951,0.004912102507819227
16957,0.0010595081970099136
16961,0.9963475147063604
16964,0.01682813787281074
16966,7.605065910900878e-05
16971,0.9992829965701494
16972,0.001513546107660214
16975,0.999056432151701
16977,0.00034642777593322746
16978,0.00015196656261851025
16995,0.0010498717178804523
16996,0.0014288942547906194
16999,0.0012179898887037673
17005,0.002025762818508541
17006,0.0013362002191384499
17007,0.0021781062336981684
17026,6.359951596837005e-05
17037,0.0010871363406750047
17038,0.9991468719513982
17039,0.0011317639717975667
17042,0.0003248789331221526
17045,0.9984796148905395
17046,0.0035488940190993084
17047,0.9988033675670159
17050,0.0001718626845130853
17054,0.00020529234976437503
17063,0.00012649867930297976
17065,0.9991357039765899
17066,0.9973532722491685
17067,0.019676593562196563
17073,0.0012381493116785955
17077,0.997812318767212
17083,0.00045789516116549864
17084,0.00030248416782780704
17087,0.9999129618981596
17093,0.0005341794162242806
17101,0.9970863546155908
17113,0.9970243130043562
17114,0.0012356332314215868
17119,0.00020884068315095503
17120,0.00013546759943547585
17121,0.004947994291482584
17124,0.0001575057790783626
17125,0.9442976846853355
17131,0.0003603120926406438
17132,0.0007977422855968048
17133,0.00016348497209365748
17134,0.00273645531664909
17138,0.0010501479945533093
17142,0.0014105430516357833
17148,0.001048379449698907
17152,0.9753041907325172
17153,0.9986008511207343
17158,0.9951725963848707
17159,0.0021427118647269886
17163,0.9986148385569192
17177,0.9988942956896195
17178,0.00178267202676959
17185,0.23328682997639552
17186,0.9988896118921218
17187,0.00014227363874139956
17189,0.005978276393458544
17190,0.002937295531979372
17191,0.00012355845158283873
17195,0.0005987171948699767
17202,0.998573734809393
17204,0.22709659507387725
17205,0.0013800259370472928
17207,0.00031966007170218405
17214,0.23492172791525795
17215,0.0007887764988647327
17217,0.000959621776282255
17219,0.00013981345973346923
17220,0.9984811710789845
17221,0.01682813787281074
17223,0.9981731031318309
17224,0.001566512094138969
17227,0.00013137305960582402
17230,0.0007155511203027327
17232,0.00031802703645052453
17236,0.9986250416966778
17244,0.9990381151651898
17246,0.9993077191124073
17255,0.0007483840311752833
17259,0.9457933032816628
17262,0.000788295066086921
17269,0.003577638531108971
17277,4.745741773464514e-05
17279,0.0029409218256362868
17285,0.07640273413069254
17289,0.0002007752815397839
17293,0.9988233635915647
17295,0.0006728790623436668
17297,9.999411726586185e-05
17298,0.0025942663340626855
17304,0.9997808190824187
17306,0.2336795148284603
17321,0.001253860763853564
17323,0.0003469958098217962
17334,0.9997905272553462
17335,0.994879666256233
17337,0.0011918345987131207
17343,0.0004602526698565005
17344,0.02490079516552518
17347,0.17020612911508678
17355,0.0026005660142895746
17357,0.00012335244729008184
17361,0.0001278334218218236
17365,0.9990202767725479
17368,0.0004499265370367138
17374,0.0006236061802048712
17375,0.0035836032588581444
17377,0.9961303906823645
17378,0.0006966879998615981
17381,0.0003360323508237022
17387,0.031811651145503377
17389,0.002590779485126907
17391,0.002629173133332581
17402,0.00033414170332179895
17403,0.0007975074183763981
17414,0.0014237001549568147
17415,0.00020529234976437503
17416,0.0010569272929100472
17418,0.0013322091665977033
17423,0.9986225556061034
17426,0.0007495366118885642
17437,0.23163315307971089
17438,0.0009975932182683357
17442,0.9978371694834317
17444,0.01740793687085609
17445,0.07615342702723028
17453,0.0011495610463264359
17454,0.000437588121276908
17456,0.9982694054941018
17465,0.0007134227855665918
17473,0.0008041063005895993
17476,0.0014529531307316851
17478,0.9952428558057864
17479,0.004972705940867929
17484,0.9948958219981844
17485,0.0013825149878464557
17486,0.22657127283688758
17487,0.9982614761679669
17488,0.9992755082135074
17497,0.05222638964473216
17498,0.9991856058254354
17506,0.0007694839960761947
17507,0.0006977610194942836
17519,0.00034235378700109265
17528,0.0001278257180259243
17530,0.02503280900820939
17536,0.0001288400729378977
17541,0.0025987163038869512
17542,0.004041740463728382
17546,0.0016725708652689385
17562,0.9999123495811186
17564,0.0021854417583290734
17568,0.0003163505215530493
17570,0.0012509243934423263
17571,0.9889082354630914
17575,0.9977945184529071
17578,9.406676930466453e-05
17579,0.0011658152119755393
17582,0.9999133413946015
17592,0.004768434711444565
17593,0.9992583459400073
17601,0.0012356253581595879
17604,0.0016455054882978568
17613,0.00031966007170218405
17614,0.9949028274393292
17619,0.9986511031320976
17622,0.00014237199822298016
17624,0.0010962946056139616
17626,0.000808456936193044
17634,0.00047581515394942936
17649,0.9981744876023263
17655,0.001326923554743817
17665,0.0011091020626980126
17673,0.0012471898071843648
17678,0.9984350821818194
17680,0.001096558612165264
17683,0.00016562312745268753
17690,0.003975862555980447
17691,0.9992149650708547
17693,0.0001732891871497463
17694,0.0010478153746551816
17695,0.0013866553544251423
17697,0.0010714603643304315
17700,0.0007306606456103839
17709,0.00020030901992176356
17712,0.00012628306595283682
17716,0.998573734809393
17720,0.02192651363097559
17729,0.0026128630889436667
17730,0.0010498717178804523
17736,0.0010464430983698882
17738,0.0007020592249695567
17740,0.9780036137296211
17742,0.00012570237645546866
17747,0.000303815142486532
17749,0.00020183324282521716
17750,0.0006999303952574562
17753,0.0004253755494749425
17754,0.00020908415248652065
17756,0.0003855953421952301
17759,0.06616062435495727
17760,0.0014140851671555655
17761,0.0006977473254203455
17765,0.00040332814068581223
17774,0.00021692706909423135
17781,0.000434860585530917
17782,0.004871198968117094
17787,0.0013898692912985818
17788,0.9990224760242282
17791,0.9992616253557479
17796,0.00022263464792756973
17798,0.0006975773853028527
17803,0.00020149435892303092
17807,0.0003290169678024363
17809,0.001065640959465873
17810,0.0010891633546953646
17813,0.0015623698708997027
17817,0.0036442351020260924
17819,0.0014825286630888346
17823,0.0003731469351616871
17825,0.0013797496088208774
17828,0.9992914785355284
17844,0.00010234656025746396
17854,0.0007083072452495462
17859,0.9946595126629848
17860,0.06756015699500513
17875,0.9988529730562994
17876,0.9951057670267786
17882,0.9986150679886043
17890,0.0003437013075675292
17891,0.008203480302004882
17894,0.002648627728575561
17898,0.008173535311798437
17904,0.0009350550161109488
17905,0.001030407956404172
17907,0.004131356023331862
17909,0.0017758087700145064
17913,0.998858241333915
17918,8.712517408951054e-05
17921,0.24090041554296615
17922,0.22657127283688758
17924,0.0004496943289009299
17925,0.00034828272906691437
17926,0.00034784478574785793
17928,0.0003167586111341264
17936,0.998858241333915
17938,0.00020457929188462298
17939,0.0004884709821071193
17940,0.00013699232646054884
17945,9.147329651675196e-05
17954,0.007145382223698085
17964,0.999222892450809
17966,0.020014586208566134
17967,0.0007493393618039271
17970,0.0006966879998615981
17971,0.00046648947557831794
17972,0.9970863546155908
17976,0.01730949793710311
17977,0.99807308280733
17980,0.998573734809393
17983,0.998573734809393
17987,0.0014237001549568147
17988,0.9990382207567631
17991,0.01682813787281074
17992,0.00017420313809002823
17994,0.0003403757031195967
18002,0.0001359683152366182
18006,0.0007687546215149313
18009,0.0006277239827606902
18014,0.9435591630984821
18019,0.0007712741108100739
18021,0.9992680686267094
18025,0.9953119986158411
18026,0.943735749693732
18035,0.0019924421061760155
18036,0.00015663071584738728
18037,0.0012050822830378357
18039,0.007706398290825442
18046,0.0013322091665977033
18049,0.0010464430983698882
18055,0.9990179040312731
18056,0.0006048487578216077
18064,0.9984446721193284
18069,0.005856867358740182
18070,0.00044878076380639603
18072,0.000825617659122967
18073,0.9889234876581035
18077,0.23286779359570378
18082,0.05941154644361531
18083,0.9450450651373344
18084,0.0013291188624175454
18085,0.0004829315503440669
18087,0.9992308971504665
18097,9.446342192202479e-05
18098,0.9972841734474556
18106,0.08430036250983722
18110,0.2344029589311133
18115,0.0009480002422298329
18117,0.01678939659801079
18118,0.0013440334615720244
18128,0.994954181727073
18135,0.00023013172890053453
18139,0.0015597166665064213
18141,0.0028756712931167945
18146,0.0006909120325299358
18147,0.0007400816804321923
18150,0.9989366246122648
18155,0.00031966007170218405
18166,0.0014212364422210746
18169,0.994290438132642
18170,0.998573734809393
18191,0.9950855361169707
18193,0.9970297508822306
18195,0.002793485558660576
18198,0.9954669979928151
18204,0.9992515299322076
18207,0.0004970424011765187
18212,0.9992458286435087
18215,0.00020839133399595423
18218,0.9988534258364794
18220,0.9992539790978985
18222,0.00012572651944680683
18224,0.9991338846120607
18241,0.00041686105232057423
18242,0.0003395731711185676
18246,0.9986051462284322
18260,0.9970485101900304
18262,0.9975321845546155
18264,0.998385847337123
18266,0.9944847240973979
18268,0.22616402368765462
18275,0.9983862268969735
18278,0.0008376698211943433
18282,0.23069519703894745
18290,0.0021612876862916516
18291,0.00014030980544611137
18294,0.9988753708559429
18296,0.0005500938696167412
18299,0.07731623701250105
18300,0.0022020929253979593
18304,0.01682813787281074
18306,0.00048632205343966613
18315,0.00038365249912107683
18320,0.00016206003618059905
18323,0.0034725249495785203
18330,0.9993135417821257
18337,0.978402765533057
18342,0.00012335144613035285
18343,0.9991650262254984
18345,0.9997746988772825
18350,0.0011735859023134763
18351,0.001051248485630149
18364,0.0006987764805758616
18368,0.0004912838797354899
18383,0.003076268158785518
18385,0.0003265271015828384
18390,8.665437157656455e-05
18392,0.0006966879998615981
18401,0.0010833037614378677
18404,0.0022210154102944944
18406,8.694806463943905e-05
18408,0.0014561043666829377
18411,0.05105596208419571
18422,0.0013322091665977033
18428,0.0014288942547906194
18430,0.0039610705143227265
18432,0.0002106197076725534
18435,0.9441918141431969
18437,0.1711678477842239
18441,0.004003594151018444
18443,0.0007064914303522705
18444,0.0012294427703133937
18446,0.0010464430983698882
18451,0.0007995177351779863
18460,0.0009886879650227688
18464,0.997852302408591
18465,0.002782672038284621
18466,0.00030522779231059944
18469,0.03708626583827935
18470,0.0012986607197372668
18472,0.9999133174958619
18476,0.9944747554635109
18481,0.03637620842422638
18482,0.002697492950190407
18485,0.9986150679886043
18500,0.9943129864616044
18505,0.0025529909461989493
18508,0.9990960190719045
18511,0.000350252975907166
18517,0.003100317230552026
18528,0.0016293683715179641
18531,0.22625904865575544
18532,0.00045949302308857397
18540,0.9990970771400416
18541,0.0016690492552193595
18545,0.0010864939261666432
18550,0.0006975773853028527
18553,0.0013808448435939074
18559,0.0016943251626841225
18560,0.00043976976926846545
18561,0.0004207111481806112
18564,0.0017171236180683186
18568,4.744888934734594e-05
18572,0.9978790525707938
18573,0.0005792922886669001
18574,0.0002184930505606923
18575,0.0007773213822516704
18579,0.0016919993230913157
18583,0.005506423951689278
18588,0.0021828177054674333
18589,0.9944718514131606
18590,0.9987318238265205
18591,0.9998846208030273
18594,0.000478740011523884
18595,0.001104164090389858
18597,0.0006026949337611229
18603,0.00035936148289733745
18611,0.00143492266949084
18613,0.0012400733546673052
18614,0.9992411255919188
18615,0.998490562148364
18626,0.0011095287643404007
18627,0.0002018266987975152
18628,0.00041686105232057423
18631,0.003703898872077073
18633,0.998370270940025
18636,0.23273485653406706
18640,0.9986074984408119
18642,0.006446399823269538
18643,0.0013317733712112448
18646,0.005502138554531198
18648,0.0012130184627487082
18650,0.0010526893599509244
18651,0.0014248153644022025
18653,0.9930596007699539
18654,0.9980473138095404
18658,0.9992862596230613
18659,0.0018100023970506823
18661,0.0003062223275312181
18662,0.002143423423621061
18663,0.9988922089684865
18668,0.0014070551595431054
18680,0.9992616253557479
18681,0.9965306965287798
18684,0.9989234161270648
18696,0.9986146802480945
18699,0.23214765083129657
18706,0.0006457074145372672
18711,0.000947075185722398
18716,0.03375218143595169
18724,0.0003185943857548138
18728,0.0010272018646589238
18734,0.00016032547402155704
18738,0.000596663869959662
18740,0.8738264735539855
18750,0.9988922089684865
18756,0.0016027422653373295
18764,0.9967442776665206
18765,0.0004983407183204623
18766,0.03637620842422638
18767,0.9992401814445196
18771,0.00047150757421798243
18772,0.002206225746654215
18775,0.00042908384758851654
18776,0.0010438782634250496
18778,0.0002077662678408605
18784,0.002064347983573796
18786,0.0010246190998414262
18792,0.003347793784115691
18795,0.0014027669815895017
18796,0.9986201592766308
18797,0.00044501146764748024
18802,0.9996056104470042
18809,0.9980319247077571
18814,0.002874540102452998
18820,0.0013694328630738193
18823,0.001045299037408042
18831,0.0016596726666375258
18833,0.9438859785599762
18836,0.9986148385569192
18847,0.00046216287871989444
18848,0.0009585106989578344
18855,0.0010464430983698882
18857,0.001132061774223842
18861,0.9950333579073495
18867,0.9453992819939768
18872,0.0036367670285084334
18876,0.9782416585045994
18877,0.9982148674168728
18889,0.00096729110270627
18893,0.00012810995138969595
18895,0.001051248485630149
18899,0.0716026029576504
18903,0.0013307988318624966
18904,0.0007415961089447381
18909,0.00012612992568163556
18912,0.9992976777782924
18914,9.9960274088862e-05
18918,0.998119172999208
18920,0.0007694839960761947
18923,0.9965553476348837
18924,0.00474373111700658
18925,0.0002772433434527124
18926,0.0196894417827647
18927,0.0004967895822650554
18942,0.9988922089684865
18945,0.0004042902103102728
18953,0.002766929529180382
18958,0.0004702481442055019
18962,0.0001359683152366182
18963,0.003388135225136558
18973,0.2318152533770567
18976,7.163298165447478e-05
18977,0.0007021663492745114
18983,0.00046490275547860074
18990,0.024322216555151467
18992,0.00016700601602764794
18994,0.06111648890732973
18995,0.2487963958245805
19000,0.9986150679886043
19001,0.03780079152969999
19003,0.00020196337911097364
19015,0.0004751768585722899
19016,0.9991826225834685
19017,0.000464502552856285
19018,0.0016642482199055125
19020,0.998781983467862
19023,0.0010438782634250496
19035,0.001326923554743817
19041,0.002622208690919476
19042,0.00016657682191367185
19045,0.0015752426869993677
19057,0.9999138129500039
19060,0.23707900843612423
19064,0.0007092377360465842
19067,0.0007669559750051303
19069,0.9873370620516003
19070,0.00020919349631414537
19072,0.0013345187568387712
19073,0.9992529098159644
19075,0.9970312043244436
19078,0.0015032391399290204
19079,0.230073678156334
19087,0.9999187690626427
19088,0.00013596646775542156
19089,0.000952494839662357
19092,0.9980543464766206
19093,0.0020301901590570465
19094,0.9430080365155141
19095,0.0008679047732264703
19097,0.9988033675670159
19099,0.0021899278538121477
19103,0.9965969943378123
19109,0.00012851172924348964
19111,0.9990224943416612
19115,0.0003449285171650097
19117,0.0006094915368802549
19118,0.0026128630889436667
19120,0.0003298195205203224
19122,0.0010501479945533093
19125,0.001425131473868082
19127,0.00048427733502183067
19132,0.23256578420239737
19146,0.0003903909702220903
19158,0.0011894622409905605
19159,0.9981557417264053
19169,0.0007865737361657133
19173,0.0013242969579221372
19177,0.0011112634676526002
19178,0.9999187147259503
19180,0.00037313816988440924
19184,0.00020405047284515363
19185,0.9971778234015279
19188,0.008871471770332354
19191,0.0014379229175321819
19198,0.000638706141098628
19200,0.999399970942231
19202,0.9986243406587032
19208,0.0014083542789360148
19213,0.9989009105663195
19216,0.9986150679886043
19221,0.0013613929300559577
19225,0.0004419622185462237
19229,0.0006792473091325917
19230,0.001413528874628642
19232,0.9986051462284322
19233,0.22625904865575544
19236,0.0013387682921931767
19237,0.0004167234008886274
19238,0.9993035364903039
19240,0.0003411671200416504
19243,0.9986236033432372
19246,0.00015830924155243892
19248,0.0010495789483104545
19249,0.00020196615289364326
19250,0.0010498717178804523
19252,0.002760929319300781
19259,0.00020183125518719229
19263,0.0006952652153043761
19270,0.23163315307971089
19273,0.0007304683593448643
19274,0.051729912054195616
19281,0.00014237199822298016
19288,0.00041902910358567575
19297,0.9992892021697103
19299,0.001419097518253866
19305,0.024537473410321843
19306,0.00047907423993838965
19308,0.0014761775962393259
19310,0.001498036569265362
19311,0.007952500594544257
19315,0.0009510793052828226
19322,0.9927329338599136
19323,0.9992917570752354
19329,0.9998734755311098
19331,0.003618522163506229
19332,0.0016864199342802753
19334,0.002670716394960283
19350,0.00045307130137253705
19353,0.996517561557527
19360,0.9765178844682684
19363,0.23419717249782482
19364,0.001377461449166267
19367,0.002448777527123088
19368,0.0013280058435466498
19370,0.9993194885757051
19371,0.9972703605462115
19374,0.0008368363152898501
19375,0.9988581160053916
19382,0.002190971894920391
19383,0.001508507383360896
19388,0.0016455236716783601
19394,0.00048367973310645053
19399,0.9999119465855592
19412,0.0010501479945533093
19415,0.035989482656315554
19419,0.001650199034111762
19432,0.0014691371169027574
19434,0.00038504551731948113
19435,0.00020870834591779473
19440,0.00027065756560433956
19444,0.9979970484061402
19450,0.0010927317919206519
19453,0.02669274582941195
19455,0.0004490708357091139
19464,0.0002669129261891366
19469,0.03812084809576528
19471,0.0002742602479490432
19477,0.005316225829852816
19478,0.0026116023878574287
19483,0.00014902199166057182
19496,0.9453424292943235
19501,0.2344029589311133
19503,0.999913317101172
19504,0.00016298649936763446
19505,0.9984826018165908
19509,0.00015044412555906796
19513,0.9992440788167842
19517,0.0006991751857918094
19519,0.9999129146130442
19524,0.00020919375116846433
19535,0.0012170530252955977
19539,0.9986051462284322
19543,0.0052749552040229795
19549,0.0014394742387603859
19554,0.00013667900624563962
19555,0.031711605404335215
19561,0.0005005299853545444
19565,0.0004575262955171524
19570,0.03298377016331353
19574,0.001049268343530753
19585,0.00034141414917104873
19588,0.0006759731917044564
19590,0.005052752166539619
19601,0.9434841976691026
19602,0.9436784984454363
19609,0.996324094814836
19610,0.001348906897435223
19612,0.00016155628032546066
19616,0.0021614734528066994
19617,0.004121939839130551
19618,0.9797446043745808
19619,0.0002018334887145647
19623,0.001401832257624066
19625,0.0051246196853135155
19626,0.003040324136375575
19627,8.648399122935252e-05
19633,0.002062436217189402
19638,0.0003608757018147082
19640,0.00013289951124839146
19641,0.00045949302308857397
19643,0.000508905646556149
19644,0.00033110975778566067
19653,0.9990333474287444
19665,0.00010097142827202096
19667,0.995028694782105
19668,0.9990238657148593
19674,0.9982554428641802
19675,0.0003260450351726425
19678,0.002150449698109743
19681,0.000487326499679963
19682,0.9986148639539733
19685,0.00014789307193441536
19687,0.9992607728186575
19688,0.0016087429945692493
19690,0.9999042879599834
19697,0.0001720733744488809
19701,0.0001616801029008827
19703,0.9989232979449342
19708,0.0004688052105750313
19713,0.00156017922038156
19714,0.0016954483464700159
19715,0.0009348894651321102
19716,0.0013291188624175454
19723,0.999033453343978
19731,0.9980880803884361
19735,6.277427669241793e-05
19749,0.0014803457381784325
19753,0.9947310997107002
19758,0.0009462563683545165
19759,0.0006227261257728228
19760,0.22709659507387725
19780,0.0006973494338747249
19782,0.9993463874515077
19789,0.9943614406169715
19805,0.00019210672280311233
19807,0.0011313126304716937
19810,0.03161312442079885
19813,0.0004064603041295719
19827,0.0013322091665977033
19832,6.171153557629136e-05
19838,0.9985914571013449
19840,0.01277075172975536
19844,0.0197870187544523
19847,0.0005954116057466161
19848,0.9990226016463437
19854,0.005881380815698007
19863,0.0013366048867058235
19866,0.0009444469422217596
19873,0.0009525960139949388
19880,0.9985711356653991
19887,0.9976048582501703
19897,0.0010515251242219138
19899,0.9977886211178657
19904,0.9999124488739528
19908,0.00020585530255949383
19910,0.008020479821123288
19914,0.00013498889385852385
19917,0.9991997818421556
19920,0.000129118428614376
19930,0.9981957127852432
19931,0.0004562400939140523
19939,0.9782277251188874
19942,0.2339209848612568
19944,0.00045949699631272616
19961,0.00021033422393663162
19963,0.9997720624730206
19980,0.020384359162927575
19982,0.003396888335566895
19985,0.9738740606008743
19990,0.9942884450958499
19995,0.0004674943813686139
19997,0.05422771657787748
20005,0.9993019564047637
20011,0.0010619746825112403
20025,0.997087248386135
20029,0.0006966879998615981
20036,0.9986439648149862
20040,0.998899082935096
20042,0.0011082065339969506
20044,0.0003038741138741712
20045,0.24019970819324146
20053,0.0019942731593620908
20060,0.10089958642470517
20080,0.22678385924336528
20083,0.00011179248224577935
20088,0.0016816878055508921
20091,0.9984842994556329
20094,0.9988382864317635
20095,0.22601724241695728
20099,0.0011603514701015991
20100,0.9992014488815003
20102,0.00021283514711754612
20104,0.0007712741108100739
20105,0.005843305023675665
20106,0.999025280608311
20107,0.000101097877424738
20116,0.0015696760435176278
20117,0.0004950563856474501
20123,0.00015870296173163426
20124,0.0014552404111720625
20128,0.0010580933618531375
20142,0.9984811710789845
20145,6.264236570784537e-05
20151,0.00011081367957617667
20158,0.0004808777632525682
20163,0.011999479888254705
20167,0.0011425626467843589
20168,0.001327806224507608
20169,0.0035552530669962323
20170,0.00375689765171054
20176,0.997360088590413
20179,0.00018893839412092729
20180,0.9993486454733753
20182,0.9990127510554224
20185,7.3488427922947e-05
20188,0.00044868985208870434
20190,0.9999035630857681
20193,0.0027420557659784137
20199,0.0015830873058975358
20200,0.9991499227684895
20203,0.00115355749618499
20207,0.0004487490030948587
20212,0.001382159831341408
20217,0.03347062303401683
20222,0.9990559254773228
20223,0.0007366733075305433
20235,0.0013849201263588242
20238,0.0027201054565084213
20241,0.765918874660991
20249,0.0006975773853028527
20250,0.0009454201454497365
20251,0.9986173639076616
20252,0.0017397191383814567
20253,0.00014611290592401308
20257,6.090781818026528e-05
20263,0.003792449479440011
20271,0.006389902621302592
20272,0.0003941278785415905
20279,0.0013866863557185478
20290,0.9559872607709845
20292,0.0008424255201266022
20293,0.0006966879998615981
20294,0.0008621561792788015
20295,0.006371162810066335
20296,0.020329337220553367
20297,0.9952229324920792
20306,0.0002106211550980722
20308,0.036733235771846624
20313,0.003548303977928856
20318,0.0011243050832610143
20319,0.9988021593885079
20324,0.000688343797146975
20326,0.9962091970883314
20330,0.0002766486526323799
20332,0.9999158061277644
20335,0.999913241617262
20339,0.0014343406128154424
20343,0.9928309838928541
20348,0.22657127283688758
20349,9.222842708865853e-05
20352,0.9434952832787388
20355,0.00033549882461901954
20356,0.052588143973736345
20361,0.000495440917835961
20362,0.0007400816804321923
20363,0.004550577161654688
20369,0.0015872603485895163
20380,0.9750059372767302
20381,0.9945100640573794
20382,0.001333095347657979
20384,0.00041222464788673107
20385,0.0003078326085873089
20388,0.001352846289883246
20390,0.00041997500807198807
20398,0.0005153923020133588
20409,0.002147347949071867
20415,0.9986044350607051
20416,0.22616402368765462
20426,0.00034768819038008965
20430,0.00010041159117070852
20436,0.00031728856680523024
20444,0.000210615479118704
20454,0.0014877841621575448
20460,0.0009481397812859226
20461,0.9973117803929721
20465,0.9980940380300245
20468,0.0004615937621148311
20472,0.9974626893216426
20475,0.00600159929012844
20479,0.000301133690947877
20482,0.23268245411767788
20487,0.0016561829480166053
20488,0.22657127283688758
20490,0.00016821351032437324
20493,0.00030167468350580825
20501,0.0002166980640122969
20502,0.005493460750920813
20506,0.0006977610194942836
20512,0.00040821576419791715
20514,0.9966097784446284
20516,0.0011628575607564836
20522,0.0015048554477712398
20524,0.0016691324384127994
20526,0.0009508290671455808
20528,0.9955887905578863
20535,0.0011613838491904124
20536,0.0013892050947572373
20539,0.01682813787281074
20541,0.0012347210415772636
20542,0.0007969145249459301
20543,0.22657127283688758
20545,0.00047823373083991886
20550,0.9992515145126272
20551,0.00133426332010287
20558,0.0009817812428014217
20559,0.0013347052783396949
20566,0.9991193873492776
20570,0.9993096400061148
20576,0.000304092077111076
20579,0.9998888204323951
20580,0.004024629684088701
20588,0.000346153164058511
20589,0.0007443150102521952
20600,0.03419028037618402
20602,0.0014162583939143956
20606,0.0016730417680409203
20608,0.0003031305796342189
20617,0.9992011864098008
20623,0.995449280083345
20624,0.2302794176613532
20628,0.999153228315766
20630,0.9992542590567387
20631,0.0010438782634250496
20632,0.0014216826041676674
20642,0.0010478153746551816
20644,0.0014377729662385652
20646,0.0041680018269026325
20647,0.0006987764805758616
20654,0.0016468699192272154
20670,0.00014710141614060444
20671,0.0011152969642302805
20674,0.004050967421662088
20681,0.0021497641178720725
20688,0.000411694356401403
20691,0.0038244193121905203
20701,0.003674292749071393
20716,0.0015372321622737664
20718,0.9972848787259172
20725,0.001518311615188835
20728,0.0013839083678178481
20729,0.0011151007346656104
20731,0.9440090207245707
20737,0.0011025989652740508
20738,8.60331737419945e-05
20739,0.0021992300059914694
20740,0.0014106548353336689
20749,0.0004932601700452062
20752,0.0007669703499864773
20754,0.00040303615336322073
20758,0.0003679422203593775
20763,0.005126365673382538
20767,0.9980880803884361
20771,0.0014068190724576377
20789,0.008866474882514333
20793,0.867437005431048
20794,0.004091249133070475
20795,0.9972950802647897
20796,0.9437274450387709
20806,0.0010501479945533093
20809,0.9977849584257709
20810,0.0014533353250831733
20815,0.0005563331544845982
20820,0.00018234033258077511
20823,0.0016730417680409203
20826,0.9986511031320976
20831,0.9984522375418247
20832,0.9984826018165908
20833,0.0003186698154476255
20836,0.9988837675106006
20837,0.0003260759947808625
20839,0.9990248697052374
20840,0.0007453718051685474
20843,0.997103398272831
20848,0.9983761604260234
20856,7.155169455386121e-05
20859,0.0004300185026422455
20864,0.0011178403691784304
20866,0.0014278512067683314
20872,0.0006975773853028527
20873,0.0005824097248252397
20876,0.0009563715007190842
20882,0.0003426222493892808
20884,0.0003366479572534049
20885,0.0006299634592159369
20886,0.9992124414329403
20887,0.9970068180621801
20893,0.00012594118267952065
20899,0.001333095347657979
20904,0.0005990603472349462
20908,0.002884698866554793
20910,0.0196894417827647
20918,0.0001618520844396058
20923,0.0029121945341176233
20926,0.9927721422148598
20929,0.999179712404427
20942,0.001407968775247175
20946,0.0007712741108100739
20956,0.00018095817393161065
20958,0.00010066741689938095
20961,0.9992970993856126
20966,0.0006409006927113581
20973,0.000993955207679495
20974,0.0015123559604324345
20975,9.91908238384227e-05
20977,0.0015043464222506571
20980,9.990862990169273e-05
20981,0.0011339615788140205
20992,0.001398298109252877
20996,0.9986146802480945
20998,0.0019966989778180673
20999,0.03419028037618402
21007,0.0014329490911793343
21010,0.9986141323239783
21013,0.06548677583775567
21015,0.0013574286842262826
21016,0.0001289426321265619
21017,0.002663443843993073
21020,0.999194792454165
21024,0.0003834096040547975
21045,0.23256578420239737
21053,0.00045962265090673956
21056,0.0002983083710441466
21059,0.9986124476957253
21060,0.03161312442079885
21061,0.0009408929438153713
21064,0.0004539793410095326
21072,0.002638342145276309
21078,0.00360620402179533
21088,0.9974863189890122
21091,0.001540237066396443
21092,0.0013950955111701195
21094,0.0004320918548386758
21099,0.03419609774494028
21104,0.0006977610194942836
21109,0.001406044658400723
21115,0.00014159135802745035
21119,0.000102874119717787
21123,0.9464908875511642
21134,0.0001650918739465472
21146,0.000946034166126691
21147,0.23750327661741386
21150,0.9435293977437437
21152,0.00031781306801495046
21165,0.22657127283688758
21166,0.004734306387641175
21168,0.0022052458791359244
21169,0.9988717567631635
21179,0.0010478326906379356
21181,0.0002007752815397839
21186,0.0005461629971754533
21191,0.0009377210347280434
21195,0.22709659507387725
21201,0.9975340023795719
21206,0.0014131002308162984
21209,0.9493169787454009
21214,0.000785476385593065
21215,0.002205720014783134
21221,9.102411827777962e-05
21222,0.03423646479068002
21225,0.0010501479945533093
21227,0.07218471156879049
21228,0.018391491444156832
21230,0.9988899527960862
21233,0.005996867681990464
21236,0.998202739941499
21237,0.019714779477397554
21238,0.0019075163104079291
21240,0.9954957257601585
21241,0.01743378005255176
21245,0.22946180779370506
21246,0.9984726911428452
21247,0.001495169818143304
21252,0.22625904865575544
21253,0.9783054836978871
21258,0.0004947854901297331
21261,0.0013681383211619103
21266,0.0027932109455496537
21275,0.0007776099047696272
21276,0.0014845613265491455
21277,0.9986082967154717
21278,0.00020090947360826077
21282,0.8807865858307737
21285,0.0001725817107915094
21287,0.00034045072434562624
21289,0.0024441403209790828
21301,0.0001245193248277228
21306,0.0013656935075132826
21308,0.9979849005814945
21312,0.999222892450809
21314,0.00016771926355827895
21318,0.0025613199448177217
21319,0.0001692213400837101
21321,0.9818275279098825
21322,0.22657127283688758
21328,0.2344029589311133
21331,0.9441399216225865
21337,0.0003152376855719524
21346,0.0026334906755437672
21352,0.9992539790978985
21359,0.002720927432708555
21364,0.031811651145503377
21365,0.00014981348012026697
21366,0.002359026238957101
21367,0.9755074526115829
21368,0.001403865816763393
21372,0.00044489171848583744
21378,0.23750327661741386
21390,0.000464502552856285
21394,0.00034401380269227317
21396,0.9988554390939568
21399,0.0022052458791359244
21401,0.0003295495957361513
21402,0.0013360998596810979
21404,0.003587804092309111
21405,0.9951875644075525
21410,0.9993135417821257
21412,0.00011084921831444741
21413,0.9986511031320976
21417,0.0036217043412497566
21419,0.00010202181831112457
21420,0.00048306707015556506
21423,0.0003858489705594985
21428,0.005802752449060785
21429,8.731288456159996e-05
21441,0.0003855990852000085
21448,0.0010891633546953646
21451,0.0004795699708631713
21455,0.0014631712474470636
21459,0.9983802812989184
21465,0.9984132949819566
21468,0.0015852162007255423
21471,7.193983156825989e-05
21478,0.0004539714882174331
21485,0.0004861592322755274
21492,0.0009471702991090449
21509,0.0013387682921931767
21513,0.00210638173564201
21516,0.9973387284557274
21523,0.9980719647925965
21524,0.987054622492629
21529,0.0005698720912605566
21531,0.00044906695259841646
21532,0.9990242080542144
21536,0.052588143973736345
21538,0.0002173947713305555
21550,0.9992051889104199
21558,0.00012543452214481448
21564,0.0022366034327652926
21567,0.9990233123026723
21571,0.9437212592281552
21573,0.000491755360419332
21575,0.22585219683199012
21581,0.0002372336082847182
21591,0.0014311254577093113
21593,0.00014854086883896053
21602,0.001425941319869793
21605,0.9978459252491023
21617,0.0021523365990258198
21619,0.0010566279329613157
21625,0.9996506546795758
21627,0.0021427118647269886
21629,0.001326923554743817
21630,0.003540734997726456
21631,0.00044906695259841646
21636,0.0006966879998615981
21637,0.22616074094976135
21642,0.998891654755527
21646,0.002609663192177894
21647,0.0014567213917040394
21652,0.0010452471797766732
21654,0.0010564115448589676
21657,0.9978174300089245
21664,0.0005049528703674237
21676,0.018445342707661214
21683,0.00031914120857143204
21690,0.0013322091665977033
21695,0.0002102898289623569
21699,0.02532672940982466
21701,0.0015193269411104067
21707,0.23492172791525795
21708,0.0015787039388791765
21719,0.00020528477622299706
21720,0.0368313589455097
21724,0.998576827868118
21737,0.9986150679886043
21743,0.0003468808704206272
21744,0.23750327661741386
21746,0.9988650324003847
21750,0.0008634330362687634
21758,0.008265065741976685
21762,0.0009413460016482543
21770,0.00045425273756463555
21772,0.0011354675657713562
21775,0.0002024316013305286
21786,0.9986150679886043
21787,0.0009656503904178026
21796,0.9999038219002371
21799,0.9988216489874121
21805,0.00031966007170218405
21816,0.0007002520334353098
21820,0.0006555457808916715
21826,0.9988868580993341
21834,0.00040487834441145634
21835,0.0014311254577093113
21839,0.0033167984312406384
21841,0.0007735860072678485
21851,0.01682813787281074
21854,0.0007002520334353098
21855,0.002255675077653128
21857,0.0014235229643085388
21863,0.0007966737301091263
21866,0.0015314057154112895
21867,0.9990902903372318
21868,0.00012548800451378107
21872,9.422380213546979e-05
21874,0.001326923554743817
21875,0.0009453915198253732
21877,0.00014298761167071277
21889,0.9954957257601585
21890,0.0059410732174818804
21891,0.000494564868594985
21894,0.00036475489475669296
21897,0.0003189567747104205
21898,0.9977640597530617
21900,0.22657127283688758
21905,0.998490562148364
21907,0.001685380018033032
21910,0.001700375813862782
21911,0.0014887861368611001
21912,0.00015524581565231574
21915,0.9988753708559429
21919,0.003804426221536325
21922,0.9984391546010148
21934,0.9989723470676318
21935,0.0015169902917834036
21942,0.00045090314521307426
21943,0.0034194316887927022
21952,0.0013737122820008999
21954,0.00012348165033732814
21956,0.0003031908136644514
21964,0.00020742140917634163
21966,0.2312915931836164
21968,0.0006977610194942836
21970,0.9988575174833867
21971,0.9990327993869412
21974,0.000599921709246529
21976,0.0003363368332655155
21977,0.0013356627932642037
21982,0.22575401432258457
21983,0.0021491171764421555
21991,0.9988882807891464
21992,0.0014050584239404232
22003,0.9970957517749578
22006,0.0004956531537251205
22009,0.05418716327442705
22010,0.001657361731488851
22011,0.000304092077111076
22015,0.22657127283688758
22017,0.015595493620957126
22019,0.9988955185476442
22025,0.0045141945963723595
22027,0.05194974630883259
22028,0.9937308602000143
22034,0.01682813787281074
22035,0.00012897454027668753
22040,0.9980518406165478
22047,0.0003163505215530493
22053,0.00014255647443954072
22064,0.00020183125518719229
22065,0.000387553971588373
22067,0.012093261405635259
22068,0.002607383810610972
22072,0.00040428961600052577
22073,0.0015437055635581394
22077,0.0010501479945533093
22081,0.22616402368765462
22087,0.00014564883853828897
22090,0.9990751884687517
22100,0.0004464959697190362
22102,0.9985921748732034
22105,0.0005141908258765644
22107,0.22657127283688758
22112,0.23300479427181303
22117,0.00012578602416895884
22118,0.0010464430983698882
22119,0.0019602754577117093
22121,0.0007712741108100739
22123,0.00012641633637804618
22126,0.017240986518061156
22131,0.000315193671042985
22147,0.00017182772535089536
22158,0.9993459080894318
22169,0.0006991751857918094
22170,0.0007687546215149313
22178,0.000157747768795515
22181,0.03209513243403101
22185,0.9435370167272088
22189,0.0013864799808329682
22193,0.0001363955465739316
22196,0.0004738612796083169
22200,0.9990009495683004
22211,0.0012534020037823469
22212,0.0028724317490400548
22213,0.0316911818964987
22221,0.0013345187568387712
22223,0.0009761711614105314
22224,0.0003861434624495349
22231,0.00030111028423958336
22233,0.011687153384743097
22234,0.9970218231607654
22239,0.0002007752815397839
22241,0.0028571768422346096
22244,0.22657127283688758
22245,0.9986411387260136
22247,0.005747436497032253
22250,0.0007669559750051303
22252,0.00042576371342663565
22254,0.0004167234008886274
22257,0.00033213682753713774
22259,0.9992857935584866
22268,0.005232227656507763
22269,0.0014352972436646521
22273,0.9973698472737285
22279,0.0007669559750051303
22283,0.9985750852563301
22284,0.0006275917615015194
22287,0.0002725218806146841
22288,0.06885772448720796
22293,0.0013288540810732347
22294,0.9988978110864347
22301,0.0006952652153043761
22303,0.0003403519636436379
22310,0.9993256861298305
22317,0.0013322091665977033
22318,0.019634410564360803
22320,0.0013782258795662207
22328,0.0005998216477176328
22337,0.00031966762230548523
22338,0.9914181588985743
22341,0.0010515251242219138
22346,0.0009353025480297586
22351,0.000368564783860384
22353,0.0003053330215358307
22360,0.9992615044913079
22370,0.8722812739451072
22371,0.0013881961670351795
22372,0.0010438782634250496
22377,0.9999121388938638
22382,0.001327806224507608
22387,0.0007295370697389793
22394,0.9984949093687883
22401,0.00015811644892837476
22402,0.233198575191002
22414,0.033525554888497254
22415,0.2296620029799511
22422,0.0017759472695429016
22428,0.998097496869052
22429,0.9449308547777269
22444,0.9999113113111305
22449,0.24019970819324146
22461,0.0197870187544523
22462,0.9888068823131431
22467,0.2336795148284603
22478,0.9991978847668291
22480,0.0006456640857296439
22486,0.0008751310245278258
22488,0.0014070551595431054
22498,0.0007042447108025233
22505,0.00036793909629512017
22507,0.0004168572567689558
22511,0.9984326295719221
22517,0.0014612978058030886
22518,0.0004822642418899009
22521,0.0003029638390191127
22533,0.0001038200464418245
22538,0.9991535965223988
22545,0.0003060436739026612
22546,0.9993234156922597
22551,0.0004949281285899268
22557,0.00030312032875933707
22561,0.0004662021157148164
22563,0.003393799558115074
22568,0.24090041554296615
22570,0.9927221278489312
22572,0.9988110601806842
22576,0.9989172287175194
22580,0.000717295926949684
22583,0.0007289886804550515
22584,0.0013810294876348903
22591,0.9990296978682425
22592,4.739604309911056e-05
22597,0.0009318372518386458
22599,0.0015172521661288413
22604,0.0007280472492937065
22605,0.0014633153781299921
22607,0.9958492452166454
22613,0.9916125105014074
22628,0.00037888208715895067
22630,0.0009535007019019639
22631,0.0006725887123344221
22636,0.0001378218165738066
22637,0.001326923554743817
22640,0.9968022023236722
22641,0.003569358157009559
22642,0.024378024574693503
22646,0.001031806016521841
22654,0.0007108362726492098
22655,0.00216534924809884
22657,0.23635571639867728
22664,0.0013729880462250428
22666,0.22657127283688758
22668,0.0006314846265279526
22672,0.00016281915426708687
22675,0.00014725527939461055
22678,0.17457650368781563
22679,0.0013348698390800106
22680,0.0015810080178300875
22687,0.000418609854568849
22688,0.00048435341345559656
22691,0.003361279395602462
22695,0.00016687137132218044
22696,0.0001434275190009074
22702,0.9981019075606308
22703,0.00012452265135092866
22706,0.9985758113591313
22708,0.001114574490188212
22713,0.00020834501733069233
22715,0.22702552144972182
22716,0.0010891633546953646
22719,0.008516465247564336
22726,0.9990277833397894
22731,0.0012309675379113588
22736,0.0014028591313599184
22738,0.22657127283688758
22739,0.0007186407321308786
22754,0.0002773328087911212
22756,0.0014803457381784325
22758,0.0004803334989435008
22761,0.002705260714498658
22762,0.0013611804066618496
22765,0.9970947342232688
22772,0.0013322091665977033
22773,0.0005738990652375122
22774,0.0011012523524906298
22777,0.0004508992462655635
22780,0.0007171464685188777
22787,0.0016693674384963464
22795,0.00012386718644698543
22807,0.9990106139850078
22809,0.0008398572691858547
22814,0.9997727749583218
22820,0.9997022147841962
22823,0.0001670134878267668
22824,0.2344029589311133
22830,0.0022222074484614524
22831,0.998482134564802
22832,0.01996464889652046
22835,0.001132061774223842
22846,0.0019545258091890356
22855,0.0015799312086464657
22857,0.0004158607552274249
22858,0.0011082892107763282
22868,0.04740088250048394
22869,0.9986051462284322
22872,0.00012566678650213303
22875,0.0014959458178434844
22876,0.0007110273036140295
22877,0.0004942226159926916
22885,0.0041736340012790505
22886,0.0010515251242219138
22887,0.0016661203378215569
22890,0.00046063451225721616
22891,0.0010536013140696756
22892,0.0012780320396123049
22898,0.9992539790978985
22899,0.0003380980909551226
22909,0.006388980722261724
22910,0.0036867681887898453
22912,0.9931721875653107
22919,0.0013300029905555474
22926,0.0013497268458443651
22935,0.999656327586173
22936,0.998573734809393
22937,0.00018489891356522593
22941,8.722755723608048e-05
22942,0.22657127283688758
22943,0.00045832076947172344
22945,0.00047830157722544825
22951,0.0021527730009174672
22952,0.0004955669229278846
22953,0.0001464698783583706
22955,0.024836995777248332
22957,0.9976166335580837
22962,0.0015815508230857948
22970,0.001333095347657979
22977,0.9985750042881401
22985,0.0012222059795232935
22995,0.9973851667397755
23000,0.0027186192732956407
23015,0.00045949302308857397
23018,0.001053358435747116
23019,0.001401832257624066
23022,0.0007295267593384662
23023,0.22657127283688758
23024,0.00015703481063475638
23025,0.0004794146150433534
23026,0.003387081793383529
23028,0.001067038384399214
23034,0.9970243130043562
23036,0.00031987292424352906
23039,0.22657127283688758
23040,0.017155077774277477
23041,0.0002726188013515594
23042,0.00028952798285163003
23043,0.00106711148226702
23054,0.0014075499607225247
23055,0.9929390531182086
23058,0.00043922776397013166
23059,0.9995115897508622
23062,0.0006484539896183896
23070,0.0003205945825388334
23071,0.9511282883941792
23073,0.9437274450387709
23076,0.0013681383211619103
23079,0.0003853845535693973
23080,0.000345830799425616
23081,0.0013889073730695364
23086,0.0004899419233233813
23094,0.0010495789483104545
23104,0.0006975773853028527
23106,0.002655894051449366
23107,0.05009344848065268
23109,0.001460283700607584
23111,0.004969739620279897
23112,0.9966177536590382
23116,0.002021019326204019
23119,0.9989159616990104
23122,0.9986250416966778
23124,0.998573734809393
23125,0.0007495366118885642
23128,0.0007432733579125523
23132,0.9965644577488387
23135,0.0007918861668948008
23136,0.9984799216367759
23140,0.23750327661741386
23143,0.000740211965019346
23145,0.0006617116893769951
23150,0.0010438782634250496
23151,0.00020196337911097364
23154,0.001534201731708133
23155,0.2309655046758487
23159,0.9986290021442883
23167,0.001990070925522926
23168,0.00886514979570632
23172,0.0004573003530020684
23173,0.00031713729023153265
23176,0.019859265286498513
23177,0.0001429446828247107
23181,0.00011215754135092516
23188,0.9992085974595643
23192,0.003981429354756008
23197,0.0012414164673816336
23198,0.0001419320574723075
23199,0.9990277833397894
23204,0.00045330882597618364
23205,0.9993042072751286
23208,0.0013498770121798292
23214,0.9435775386032649
23218,0.9980632084907708
23222,0.0013322091665977033
23224,0.0014532932533407206
23227,0.9988717567631635
23234,0.001222146705343223
23245,0.0004927860476301982
23246,0.0007510454663222032
23251,0.0004778859227238239
23252,0.999263354378967
23256,0.9991002880295605
23257,0.22657127283688758
23271,0.0002712932261139265
23273,0.0003180114914746394
23274,0.0011719317774956711
23277,0.22657127283688758
23285,0.9970312043244436
23286,0.0003474423866489722
23287,0.0014658266644447843
23293,0.0026418845226581396
23298,0.9988621982484032
23300,0.9988914597134387
23312,0.9978269888887906
23314,0.992769235740685
23315,0.00047897242026993185
23321,0.9939493391056549
23323,0.001512301349894392
23326,0.0021501439245533325
23332,0.0004750674472485071
23337,0.0014511020675689352
23338,0.2323521827812824
23340,0.07288059487457445
23346,8.623530506384462e-05
23348,0.0010438782634250496
23353,0.0016661203378215569
23355,0.0004501218048749632
23356,6.507937561155121e-05
23362,0.0010540381612981424
23363,0.000950570141668774
23364,0.9458040129078595
23368,0.00026821636354141485
23370,0.0001274319922071401
23372,0.992791185548896
23379,0.9992070048160002
23386,0.0001273558312936454
23392,0.0003177170241375779
23402,0.0013322091665977033
23406,0.9986615075859822
23408,0.00018679127353434446
23411,0.999222892450809
23412,0.008597839525817788
23420,0.9984582308379054
23422,0.0021691698542774646
23426,0.0010660054835055924
23429,0.0013357577876434072
23434,4.805318618800074e-05
23435,0.0014667610237057164
23436,0.0013370890514789763
23438,0.00022768961254628894
23439,0.00020874510664769616
23441,0.001677246816294157
23442,0.00013425703061314823
23444,0.9999134098680367
23454,0.0004921122586783726
23455,9.206709958606205e-05
23459,0.002152909204067919
23461,0.9984865060200966
23469,0.001540155990389874
23472,0.9988534258364794
23475,0.0020656889085330643
23484,0.0013606039802980408
23488,0.0003556372181260641
23491,0.06684938511248466
23495,0.00016040352275842744
23498,0.00035855557446243854
23500,0.0004777713500560634
23503,0.00047397135827154774
23504,0.00014113245320396066
23506,0.9963471147883654
23507,0.0038750087526863673
23508,0.0010464430983698882
23509,0.0016338641082798084
23517,0.0005668978086073678
23519,0.00016155849924318614
23526,0.001333095347657979
23529,0.001074320085240866
23532,0.0003136860806535719
23539,0.0013889207357647738
23547,0.9987804668268921
23552,0.00048111269827669185
23553,0.9441979512915524
23556,0.0013291188624175454
23557,0.9990217821883137
23559,0.0034185942513837186
23562,0.002139588601562236
23563,0.0002960726723766196
23573,0.00034761460016563913
23576,0.0004565633486119729
23580,0.9986143618724783
23587,0.0496846624316482
23588,0.9455936641990684
23589,0.22616074094976135
23600,0.0003375142854283795
23603,0.9995377155357074
23605,0.00012548800451378107
23611,0.9988922089684865
23614,0.0010498717178804523
23618,0.0013348698390800106
23619,0.0014687109985773953
23632,0.0012747281368264648
23635,0.997977616512353
23641,0.0022717119757589
23642,0.23707900843612423
23652,0.9970736748893122
23653,0.00030046682316776474
23656,0.998573734809393
23665,0.0010498717178804523
23666,0.000808456936193044
23671,0.0003745271367756776
23678,0.0004884709821071193
23681,0.23750327661741386
23688,0.0013834738682019735
23690,0.008520802865496654
23691,0.0003904528247608225
23693,0.00020918986447955468
23695,0.003373560314610726
23698,0.019682553936254534
23699,0.9990513349836075
23711,0.0030136199587920054
23714,0.0010464430983698882
23717,0.00014309755370404948
23719,0.0004769344042975078
23726,0.00031966007170218405
23733,0.004674665137468379
23736,0.9966215344993359
23738,0.001998368462958055
23741,0.9997753590669524
23750,0.00031966007170218405
23753,0.9993077872289072
23754,0.9991978847668291
23755,0.0009342465813609599
23758,0.0011662549065172007
23761,0.001566512094138969
23764,0.9990761855923281
23770,0.0003163505215530493
23775,0.9990515635576355
23779,0.0014247922032117946
23791,0.00047973326366247427
23793,0.005025215916433747
23799,0.0015711185024549078
23801,0.0022154186829335515
23802,0.0007687546215149313
23805,0.0013322091665977033
23806,0.003364403750596857
23812,0.0013205900407750025
23814,0.23492172791525795
23835,0.008674428425040907
23840,0.0001940048733435028
23841,0.0025958661216993854
23848,0.9999163430029361
23851,0.00012223216267607604
23861,0.0006296419048611712
23864,0.0007068607485153335
23868,0.9985325903156814
23872,0.9990202024033239
23880,6.251287908507791e-05
23883,0.00018559031494021534
23887,0.23419717249782482
23892,0.0001818130363759621
23906,0.0026704339614279596
23909,0.9999121505630186
23917,0.00036334685259223424
23922,0.00034235378700109265
23925,0.003488894000670408
23929,0.00021041756230895966
23930,0.9989009588544749
23949,0.23211325760483065
23960,0.9985325903156814
23964,0.00014262073433124646
23967,0.00039324086287244537
23974,0.0002039515646824668
23981,0.00011821407496132944
23986,0.00045001409582291616
24000,0.2376212085797983
24003,0.0009722372362869251
24005,0.0009398603060169152
24008,0.0001379075356684274
24009,0.9984883614884884
24010,0.00033829862845268237
24013,0.00043297387366521435
24014,0.054113336403373256
24017,0.9988581160053916
24020,0.00048068595889326726
24021,0.0004719659299732377
24022,0.0014237001549568147
24023,0.9993110819674208
24027,0.0005478133112086589
24031,0.0005956633256520398
24034,0.9989398905180504
24035,0.00045262414218656693
24043,0.001386674376304095
24049,0.0009953396731521744
24050,0.0003769795282996261
24053,0.0007106999353931927
24054,0.9986148385569192
24057,0.9975397549051526
24059,0.23226280976149838
24062,0.001327806224507608
24063,0.22616074094976135
24064,0.0013317733712112448
24065,0.9991517143777228
24069,0.00045343820075074683
24071,0.00016878736908149775
24075,0.999103256302679
24076,0.0013307988318624966
24077,0.00992115062625367
24080,0.0035029412287434732
24082,0.000987186257727277
24085,0.000597743175811149
24102,0.000771058971623664
24110,0.00283260444750988
24116,0.9984826018165908
24118,0.2343670686352531
24119,0.00043009910096926493
24120,0.0017764736414641986
24122,0.8718007538774836
24123,0.9993109677597874
24124,0.0003354397496134094
24126,0.0004372394614684145
24129,0.00047946847440056596
24130,0.9999102017062151
24143,0.01960917409472575
24146,0.0014596388036426035
24149,0.001333095347657979
24154,0.00034277578814698905
24157,0.024322216555151467
24159,0.03270505754599585
24164,0.9984093437640139
24166,0.0003021258264455234
24172,0.00012938356670113505
24180,0.9990675667799338
24182,0.001608386018649083
24183,0.00044501146764748024
24184,0.0010452471797766732
24185,0.0033427688349110833
24190,0.0010211623725533518
24193,0.00020919375116846433
24199,0.0005453250228123918
24200,0.0006966879998615981
24203,0.000791939838351305
24204,0.9990381235503908
24207,0.9970949247675729
24217,0.9965836429590018
24222,0.0011581708979149885
24233,0.002038147204388633
24237,0.0019902543143674105
24240,0.00013131541511467363
24242,0.9990476927772307
24248,0.0007302296677954079
24252,0.9999119090930352
24255,0.0008346743971714706
24272,0.9981995640605472
24276,0.0004764393288929477
24279,0.2332176730289052
24280,0.00015042053762473695
24281,0.0016526417422672182
24282,0.9986051462284322
24294,0.001813250941107984
24295,0.9999133174958619
24308,0.0013843643934177278
24311,0.00045405928279170887
24313,0.0013314231022819125
24314,0.0014014840250311568
24317,0.998573734809393
24318,0.9976809080876742
24319,0.0010421599689731248
24321,0.008617823005064649
24324,0.9438279693268475
24325,0.002150121580150481
24331,0.00031914120857143204
24334,0.17817538023357432
24342,0.0015829884981067774
24345,0.9997087733943456
24352,0.0014560843937781419
24355,0.0016498581684904077
24362,0.0010013071501998496
24365,0.0003964715733874288
24366,0.0002729351827648929
24367,0.000771477130364351
24368,0.9964848984559965
24371,0.0001420118641699484
24373,0.00040339973211065935
24381,0.00029923117058129
24383,0.22657127283688758
24385,0.9990247626493131
24386,0.0010501479945533093
24387,9.433835684997942e-05
24392,0.0004186972273210243
24397,0.0019896432859041542
24399,0.00020243184794869657
24400,0.9986511031320976
24401,0.00020243184794869657
24402,0.23205063981404345
24403,0.0016353661176617613
24406,0.9997108985361384
24412,0.22657127283688758
24417,0.9970587727361969
24425,0.0007400816804321923
24426,0.0014714754459265627
24432,0.9990612953484097
24433,0.03392143627953371
24434,0.17152967738426106
24438,0.0036780268024289324
24446,0.0013345187568387712
24465,0.0002024316013305286
24466,0.9993043226025378
24469,0.9986250416966778
24475,0.0002676547345044403
24478,0.00014148248996624446
24479,0.9986290021442883
24480,0.04745565952601919
24482,0.9985758113591313
24491,0.0014289310540068776
24493,0.024322216555151467
24502,0.0007438662214173498
24504,0.9996520473256709
24507,0.9992370138654837
24516,0.9990247626493131
24521,0.9997782853347974
24522,0.9983876975784026
24526,0.0011734320503428816
24541,0.0014083542789360148
24548,0.002674533895951655
24556,0.027267772219893346
24559,0.0014124224866748445
24563,0.22625904865575544
24566,0.0028043550545287436
24571,0.0005324025594623139
24572,0.0013354064721763487
24573,0.9951324293748179
24574,0.998573734809393
24576,0.0013800209260732901
24579,0.0005005199392657788
24586,0.0004945096700395119
24594,0.0004092384166040886
24601,0.00173828211096954
24611,0.0007095752559529764
24613,0.994283736988738
24616,0.22657127283688758
24621,0.0015085204986666038
24639,0.0013360998596810979
24644,0.23750327661741386
24649,0.005121078230804422
24650,0.9957885368809827
24655,0.9990281160351784
24659,0.0023320094512606624
24663,0.9431765953598499
24669,0.0005023608490517821
24671,0.9985758113591313
24684,0.9999029137739205
24688,0.01682813787281074
24690,0.004093275205962486
24691,0.22616074094976135
24694,0.001035021116103344
24695,0.9988922089684865
24697,0.052774432701483194
24700,0.00016829783439845536
24708,0.000717558454882265
24710,0.0008404904138636179
24718,0.03685146349154607
24722,0.001279993175453764
24726,0.005777243145267853
24727,0.0003206249801018777
24728,0.9784411025977227
24732,0.0014162935549510156
24740,0.0014083542789360148
24741,0.00031913016975200286
24746,0.990399326397661
24750,0.0010532949351575692
24754,0.9997104372881415
24758,0.0028800642860908918
24762,0.00015499540999429318
24768,0.0006975773853028527
24774,0.9992308971504665
24779,0.06709776945855322
24781,0.0010478153746551816
24783,0.998490562148364
24786,0.9980774099715736
24787,0.0004569444207717073
24791,0.0005876513955515283
24798,0.0013354064721763487
24799,0.9997109302938214
24800,0.9971353556856135
24801,0.0002710541759761985
24802,0.23226280976149838
24812,0.017211922742429265
24816,0.00029945699757800634
24822,0.0003048449949821507
24823,0.8592886654012906
24824,0.001326923554743817
24826,0.001333095347657979
24827,0.0007833269579950483
24836,0.0013354064721763487
24840,0.0007794018887347024
24842,0.0006966879998615981
24844,0.0033887187379203834
24845,0.9986213464399434
24855,0.00048309602244606673
24869,0.0013594303738674537
24871,0.00036746265147733593
24873,0.0014219767528340593
24874,0.0026458390744212705
24884,0.0010507086076651387
24885,0.0008352394661841655
24887,0.22616074094976135
24889,0.9988426012593347
24890,0.0005026218831961815
24906,0.00027523525923805456
24907,0.0014277002311524631
24908,0.0010464430983698882
24911,7.163298165447478e-05
24914,0.040852113546077
24915,0.22625904865575544
24922,0.9996367980786233
24927,0.23226280976149838
24932,0.0010206633569083362
24938,0.9986229419631962
24939,0.03461965808044935
24944,0.9989551297087083
24948,0.00026904645135244213
24952,0.9988776914676549
24954,0.9986037771597573
24955,0.03188233377093868
24957,0.0026017309328696435
24958,0.9152979799394535
24963,0.00020175178566211519
24965,0.0011322609851198324
24968,0.00012788711437033314
24971,0.9980319247077571
24974,0.0028471761644608498
24975,0.0004568758611988706
24978,0.0004794146150433534
24980,0.9963475147063604
24981,0.002767241382186853
24983,0.22657127283688758
24993,0.002178733134904394
24994,0.0009924499410599182
25001,0.0004579337798461023
25005,0.22657127283688758
25010,0.0001860310539512273
25014,0.23492172791525795
25015,0.0012307857346182329
25022,0.00020809926523259674
25025,0.0001293883403926238
25027,0.0003357179121063202
25028,0.0006116136022837396
25036,0.0014226435556328912
25037,0.0010478153746551816
25046,0.00012794790256400278
25055,0.0010464430983698882
25057,0.0002750820383580243
25059,0.00021283540640743733
25064,0.9945589700942357
25066,0.9985325903156814
25071,0.0017853513490756346
25072,0.00045476678207300575
25073,0.9976038990820385
25078,0.0004817336698952671
25079,0.9999121505630186
25081,0.9970516532313565
25083,0.009069480230219942
25101,0.0013864184483095854
25102,0.9985750852563301
25104,0.024312132938062926
25107,0.000952877275216341
25109,0.004767538135240357
25111,0.0001502345413119711
25140,0.0002106211550980722
25144,0.9991613130451537
25148,0.0006861214596246138
25150,0.00037448383638326283
25151,0.0004585475316479409
25152,0.0014042716589530175
25153,0.00043705321169870573
25158,0.0006284058912785119
25163,0.0006952652153043761
25174,0.00048068595889326726
25176,0.000101097877424738
25195,0.22616402368765462
25199,0.000771477130364351
25201,0.9979324268897898
25210,0.0007306606456103839
25211,0.23310081627397164
25214,0.00039909875905757
25224,0.0006123405613026898
25225,0.9997727749583218
25227,0.9914491194130787
25228,0.9991340287077737
25230,0.019676593562196563
25235,0.0028976520255757482
25236,0.00018965670848185206
25241,0.9986290021442883
25252,0.0013930814486927986
25254,0.9980945548703563
25256,0.0002998103763134469
25265,0.004187342845816304
25271,0.00020194364563854022
25272,0.996542229692206
25274,0.0003426222493892808
25279,0.9992581790623635
25280,0.9993041141349552
25282,0.0004773647465782796
25283,0.0014529531307316851
25285,0.001333095347657979
25288,0.001598237764019856
25292,0.0013944384753881325
25297,0.0013558845729476515
25300,0.0013362002191384499
25317,0.00010192474435717469
25322,0.9990381151651898
25323,0.9999176064276466
25334,0.0002018334887145647
25340,0.0002649577123016012
25344,0.23492172791525795
25350,0.0033447631689644585
25351,0.22625904865575544
25355,0.001234760607856142
25359,0.01703305666232179
25363,0.9986051462284322
25367,0.2336795148284603
25371,0.0009505330275864851
25378,0.0006975773853028527
25382,0.0012127417081485492
25394,0.004471467502132252
25396,0.00046278589593325554
25403,0.0009536748314380794
25405,0.998573734809393
25406,0.0003189178113029457
25407,0.9999187690626427
25408,0.9975250254906207
25422,0.0013340638662453254
25423,0.0025926957306995563
25431,0.0047755845972680296
25433,0.006294509259361591
25434,0.0018103020916127453
25436,0.00031897144999666307
25437,0.00020090947360826077
25438,0.0013345187568387712
25440,0.9983989181716845
25462,0.0007507595057569152
25463,0.0016358132412245666
25466,0.0014612978058030886
25471,0.0019008013757119023
25472,0.22657127283688758
25478,0.0016583664076615615
25479,0.0005585868006121476
25482,0.0014511020675689352
25493,0.0007447472580112204
25502,0.0006787526406186717
25507,0.00105095533253554
25509,0.01704980143417155
25510,0.22616074094976135
25511,0.0015531174200684157
25512,0.0010546761872639548
25518,0.9957885368809827
25519,0.997084286366949
25522,0.001965020276280099
25526,0.0014552404111720625
25529,0.0014561043666829377
25531,0.0003342005498021483
25534,0.019596377205291216
25537,0.019350458523658316
25541,0.0006966879998615981
25545,0.0014433114793127879
25547,0.00020870834591779473
25548,0.00019282138028915905
25552,0.003621073441345568
25556,0.001338872824365021
25560,0.0014314295860506985
25566,0.22657127283688758
25567,0.0014599532525405477
25568,0.0013322091665977033
25571,0.0002065789527509092
25573,0.00035690014465773523
25575,0.23492172791525795
25577,0.008265534414820641
25579,0.9993462790929271
25586,0.0013354064721763487
25594,0.0010614422925178367
25595,0.9992794069053658
25598,0.9993310144526354
25599,0.0010438782634250496
25605,0.0003166593545495756
25608,0.000995663509079374
25609,0.0006975773853028527
25613,9.901665703322012e-05
25614,0.0036423415054415887
25617,0.002706407070357092
25621,0.9974621614089126
25623,0.0014106548353336689
25624,0.049227708643536185
25635,0.011716790307078607
25636,0.0009943979776599221
25637,0.0007493393618039271
25638,0.0006334372767131431
25640,0.001132061774223842
25642,0.04108375367699764
25643,0.0004753867768341878
25644,0.0013627130502829074
25646,0.0003443656693332025
25649,0.03743620997929175
25655,0.0021852458909235495
25663,0.9991433875216132
25666,0.0007196865578575865
25667,0.00038489606298831934
25672,0.0059825866308647144
25673,0.00045090314521307426
25676,0.0009813292622552975
25679,0.0003703695530893346
25681,0.9947778315467838
25690,0.9997811788219838
25692,0.002629451819126399
25710,0.23069519703894745
25711,0.0006952652153043761
25713,0.9993135417821257
25720,0.005806193484922684
25722,0.9993098574118701
25729,0.0003026139924987443
25731,0.0006976019373648895
25738,0.9988585089224477
25740,0.000771477130364351
25743,0.00030234534964383394
25748,0.1673570708863096
25750,0.9991231396969287
25753,0.0014134719568379994
25755,0.0021721855345018097
25757,0.0013401025523787251
25759,0.0003861385190203799
25770,0.998086492716285
25771,0.0001662514080680467
25772,0.22657127283688758
25776,0.004759759903873326
25779,0.9999113113111305
25781,0.0003342005498021483
25785,0.9972882804781288
25803,0.0004332319821669116
25808,0.03637620842422638
25812,0.001374976607777887
25819,0.0004936469097351504
25824,0.001651377326658402
25831,0.998480389568744
25836,0.00016831670702659786
25837,0.0034397685609419432
25858,0.0006982642384619177
25860,0.0010501479945533093
25862,0.006587732615019618
25865,0.994520637471267
25866,0.0026827742512279215
25870,0.9463651828724532
25871,0.9986150679886043
25887,0.9988835225981451
25889,6.140658129514897e-05
25895,0.0003617386799974603
25896,0.8690534234997209
25906,0.9986167252952735
25914,0.00016883349330778317
25915,0.0007031970719207732
25920,0.0007669559750051303
25922,0.9983761604260234
25924,0.0003843642139532142
25926,0.000350865875182006
25927,0.006176674432875437
25938,0.02003983464767585
25939,0.0013237346600132231
25943,0.0007083072452495462
25944,0.0007400816804321923
25945,0.9999121075309305
25954,0.000101196936658572
25959,0.000422396565773267
25968,0.978184224400551
25969,0.9428400716784969
25970,0.943705934966017
25971,0.9997075509813755
25972,0.9783461716075111
25975,0.00636829149717939
25977,0.0013387682921931767
25979,0.0010697988637722617
25988,0.0007126292153494179
25990,0.0014131002308162984
25995,0.22657127283688758
25997,0.0010927317919206519
26004,0.9986044350607051
26007,0.0014109673205015569
26011,0.9976453820987796
26019,0.0019974518222708763
26020,9.90578306527095e-05
26021,0.0010464430983698882
26024,0.00048000088765327555
26032,0.0004042701227480785
26033,0.0021356346701689355
26035,0.0007776099047696272
26037,0.001197499593755285
26039,0.00010269540465212354
26042,0.00013490768024620043
26048,0.0002013647701107435
26052,0.9992302066326846
26054,0.0024698973723414424
26056,0.0013345187568387712
26059,0.001519467173335085
26061,0.9986290021442883
26064,0.9994159410296029
26065,0.0009526265644669518
26071,0.0019329129478281885
26073,0.998490562148364
26075,0.0016431773254191983
26076,0.000773789634902593
26077,0.00018646748719302808
26078,0.2302794176613532
26091,0.0009570100803966086
26092,0.0007101914608151483
26100,0.0006986763636347407
26104,0.9892486536830412
26107,0.0015125256889509393
26114,0.00012552909728872868
26117,0.00012801654904761285
26119,0.0057337134199528265
26121,0.0006966879998615981
26127,0.9988976171265169
26128,0.0004808964960648889
26131,8.697145670450796e-05
26132,0.001164269781310848
26133,0.98740823275633
26134,0.002588658903944584
26137,0.001571258506074674
26140,0.0003066479103552214
26141,0.9441918141431969
26154,0.9989051223115961
26156,6.436188883347026e-05
26157,0.0014279975440503426
26158,0.0017484037046373742
26160,0.9834858217909206
26162,0.9990982389517317
26165,0.0060657293666604006
26173,0.0013354064721763487
26175,0.0007815250050899329
26177,0.00020196615289364326
26183,0.0026184932288317608
26189,0.00014435618840963465
26200,0.0014372480181461614
26205,0.00033657040717281186
26216,0.00047959342476631175
26220,0.00032258951243352966
26222,0.00016815530483379578
26229,0.9434707144568089
26237,0.0013737804734548344
26239,0.003394690549857606
26246,0.9986143905357386
26248,0.0004500153402837648
26255,0.00021215386618538608
26259,0.9989239163193946
26261,0.9990982766089633
26263,0.9971319912557163
26276,0.9990226016463437
26277,0.00020080505730099744
26279,0.24989769627650454
26285,0.0013522427339947437
26286,0.00021172187164064104
26290,0.0009382721343348937
26291,0.009998744837749688
26292,0.22678385924336528
26295,0.0027685796116111707
26296,0.00026544246623131393
26300,0.9962222232500059
26301,0.9951127704004478
26307,0.9929072157341529
26308,0.9428798594141724
26313,0.9954082177033318
26319,0.0009991551404286707
26332,0.002059891906880648
26333,0.0007810119472820578
26337,0.0047527004691592135
26339,0.0014212364422210746
26342,0.002515595006144326
26344,0.9985127861381652
26347,0.000210615479118704
26348,0.005943088788787677
26353,0.9985304508398936
26354,0.00020395908904789937
26357,0.0010464200681433577
26369,0.0010498717178804523
26371,0.2323521827812824
26374,0.000488493312778314
26375,0.00048221006863176933
26388,0.1666169353038783
26392,0.0006512818693817534
26394,0.0014754841774182038
26409,0.002163517027600815
26415,0.0009717727129436174
26419,0.0012127417081485492
26422,0.0003130380491041334
26430,0.9984949093687883
26431,0.0011152969642302805
26441,0.00017004435487499877
26445,0.0001723499372431388
26448,0.0022359447462487097
26459,0.9976378844721201
26462,0.0060218080657774235
26465,0.0010278013429622214
26466,0.00047705228930509046
26468,0.9927908807834499
26469,0.001385408672056956
26470,0.0019156756934633873
26472,0.22657127283688758
26473,0.9992586646284075
26476,0.0010731698433208362
26477,0.0005685166138751005
26481,0.0004473629160291006
26482,0.9986051462284322
26483,0.00031966007170218405
26492,0.9999117712113117
26499,0.0022647831147677958
26500,0.00015288613666982365
26505,0.0007687546215149313
26507,0.23163315307971089
26516,0.9431716503071207
26518,0.00030379923419628855
26519,0.9992728614129792
26523,0.9985895341082224
26526,0.05359933609152188
26534,0.22883240729811208
26539,0.001054398720555458
26543,0.000384302545951745
26545,0.9987031161910881
26551,0.2336795148284603
26553,0.0011941253536381974
26556,0.0007687546215149313
26559,0.0050028171084852534
26560,0.0036063437221573675
26565,0.0006193276164593603
26568,0.00018808402263661988
26570,0.9999114672313397
26575,0.004689877893332289
26576,0.9973755099007396
26579,0.23000195006996277
26582,0.00017349699687683779
26583,0.9963086129840174
26588,0.9915541608642704
26592,0.00035062736466687965
26594,0.00021244474399972687
26601,0.01678939659801079
26604,0.9990476351980438
26606,0.994283736988738
26607,0.0006966879998615981
26610,0.0001675030723182412
26611,0.0025819616813388614
26616,0.03419609774494028
26621,0.9989009105663195
26623,0.998480389568744
26627,0.0007694839960761947
26631,0.0013475508729426586
26640,0.0014900832599466839
26642,0.0002034163368086262
26649,8.532649197384654e-05
26655,0.0004911068937878549
26656,0.9988955185476442
26661,0.00048000088765327555
26662,0.0014106548353336689
26667,0.003819068831788301
26669,0.9944080153568209
26676,0.0003381546077255529
26679,0.03298377016331353
26684,0.0014482713171809483
26687,0.9992615044913079
26698,0.0029344032745388985
26703,0.0009954189771872472
26704,0.0013387682921931767
26706,0.010058973523535944
26708,0.000335914355654044
26712,0.0012906168032093535
26718,0.0006048606670982985
26720,0.9993724789651806
26728,0.00401082068062484
26730,0.02450563517416658
26731,0.0003029159250521255
26734,0.9986818949786482
26736,0.0014069869734915654
26740,0.9990247626493131
26744,0.0001889549013247689
26746,0.9985730076494048
26753,0.22616074094976135
26759,0.000992982341946757
26760,0.0058874584903077344
26761,0.00010036933424020142
26767,0.0004706783325573401
26777,0.001343140019131108
26778,0.0015896546756031136
26781,0.00041758715910306045
26789,0.0007712741108100739
26791,0.00033827499684544653
26792,0.0008641713684604673
26794,0.9986165672017837
26796,0.003979575171536515
26799,0.002146687094582191
26800,0.0010703986147962705
26809,0.9988581702918075
26814,0.017211922742429265
26818,0.00037807361426030574
26820,0.0014266269160082222
26822,0.9976868073885202
26827,0.001159723120631116
26829,0.00015164356449685247
26830,0.004678221862875576
26833,0.00038584553097732033
26834,0.0026578926621982453
26835,0.00012570346376361216
26838,0.9976715460367331
26844,0.0014561008515759988
26845,0.001382159831341408
26846,0.9989377390244781
26848,0.0026977108794323727
26849,0.99963375422407
26851,0.008198243959630314
26852,0.000379323802291444
26858,6.359951596837005e-05
26859,0.9986051462284322
26865,0.002637464922273101
26866,0.0012534020037823469
26869,0.00022927972153026968
26880,0.9999184138384352
26882,0.0014594576416300917
26884,0.0006966879998615981
26886,0.03707451788504232
26887,0.0014070551595431054
26888,0.0006215980238608693
26890,0.0004912838797354899
26892,0.0026924467439521263
26898,0.0014758746799037447
26902,0.0003011867260610436
26907,0.9954389772012497
26909,0.008942779225359116
26917,0.9987220467121716
26920,0.0496846624316482
26928,0.9999171899795671
26931,0.00014288708807098287
26940,0.0008441986950615683
26944,0.9994268083189148
26946,0.0017259612399584238
26948,0.00017716311123374193
26952,0.001684337658081494
26953,0.9992333119349907
26955,0.0014002250497501464
26958,0.001343140019131108
26959,0.0014080805581574115
26963,0.9990739177611666
26964,0.0006891587535624326
26965,0.9993035758305843
26970,0.0014248153644022025
26975,0.00038426209507831004
26979,0.9993009267757315
26981,0.001398298109252877
26983,0.00018840474488533322
26984,0.004456260553669873
26996,0.0025973708797850693
26997,0.988782334009161
26999,0.9993310144526354
27014,0.00499373130657878
27023,0.9440457904125491
27027,0.9957685819509089
27030,0.001333095347657979
27032,0.0010635697470032463
27034,0.0011613838491904124
27038,0.00033414170332179895
27043,0.9999119915155332
27044,0.0004863020391467908
27048,0.9984368791096894
27054,0.0003977281593149102
27061,0.0004016970100151213
27062,0.0002895254789066702
27063,0.004591701332921035
27064,0.0014282776950693043
27068,0.0014857808831981608
27069,0.0016481749123388515
27072,6.475929220102154e-05
27074,0.0003775722889689509
27082,0.0009847832433123593
27083,0.034106064869879126
27084,0.99840004465066
27091,0.0003525344319806659
27098,0.0011137364413808142
27099,0.9953322397970595
27105,0.9986150679886043
27107,0.0035182196347421386
27109,0.00019472112230580247
27117,0.22585219683199012
27124,0.16996626473725737
27130,0.00034702468653120995
27135,0.0010601355796548907
27136,0.9990451323264595
27142,0.000475247941317976
27149,0.0015736110904422632
27151,0.9784610843746083
27153,0.22657127283688758
27160,0.0006977610194942836
27166,0.9988110601806842
27168,0.00021266876885744457
27174,0.0010606930865641913
27175,0.0014426417067133052
27178,0.00010005929758183608
27182,0.9992590530406781
27186,0.0006966879998615981
27195,0.9946522588902035
27198,0.0009849372860514824
27200,0.00031532926963467927
27202,0.9990206203693445
27211,0.024964103543075225
27213,0.9981255986572064
27214,0.0006977610194942836
27217,0.0016996184353628362
27218,0.22625904865575544
27219,0.9434841976691026
27221,0.005915623464036522
27222,0.0362920747539464
27229,0.0004416383097462031
27232,0.9993008796815203
27234,0.0010501479945533093
27237,0.9990711560144245
27238,0.00018565705881421472
27240,0.9992204912809851
27249,0.001128068214592131
27250,0.0017434535200138252
27251,0.0011112446676658264
27252,0.001137086188277065
27256,0.0007348243792755392
27258,0.000715681933354946
27260,0.0013357577876434072
27265,0.0022624173101100913
27267,0.23419717249782482
27268,0.00031966007170218405
27275,0.00014106846934605142
27278,0.00215687809090465
27279,0.23421657491251888
27281,0.008429909786424869
27287,0.9170296304940345
27290,0.00020359135803818472
27307,0.008489791650880426
27310,0.0009922782808519204
27318,0.9986278215642707
27322,0.00084225951913382
27327,0.00033721001691148323
27345,0.020384359162927575
27351,0.9989287282264477
27354,0.00031823880194634715
27356,0.0029615731467821926
27359,0.024353367909996055
27363,0.0017814885967365524
27365,0.0006498297423286961
27370,0.0007495366118885642
27371,0.0014591517241105785
27373,7.263250069644212e-05
27383,0.99807308280733
27397,0.988885855773
27398,0.9990947384070042
27401,0.00047734595463674737
27406,0.9988922089684865
27409,0.0001376260165153757
27410,0.0010084131250114848
27413,0.0016498541864251573
27415,0.9904859882362689
27430,0.0007095752559529764
27433,0.0013748875716118494
27434,0.0009580058726891818
27439,0.0010498717178804523
27440,0.002624107382553201
27442,0.0007495366118885642
27445,0.0022472819474982507
27446,0.0014016309652829261
27447,0.0011614439313589948
27449,0.018018487298654805
27450,0.0006979071943099859
27451,0.02175274724727234
27453,0.001943545824637248
27459,0.998671720703371
27462,0.9999102536786987
27465,0.0007669559750051303
27467,0.0014125315386637428
27468,0.007502982174210597
27472,0.00046192080823453973
27473,0.00047627426860609413
27476,0.9983976523360288
27477,0.9990664125082335
27482,0.0007735860072678485
27483,0.000549509412120722
27484,0.0006976019373648895
27486,0.0014599497281557953
27490,0.004756094474192406
27500,0.9986150679886043
27507,0.0013314231022819125
27509,0.9930434251076503
27516,0.0033209784781936713
27521,0.001128266723528221
27524,0.00012777940115133368
27525,0.0014221182371250511
27528,0.001066492888589411
27532,0.0007184516068437734
27534,0.0003830881668676929
27535,0.0006975773853028527
27541,0.024322216555151467
27545,0.024588193697947725
27546,0.00012747236643729167
27548,0.008565130550162675
27551,0.00030941452664987404
27555,0.22657127283688758
27561,0.998838693779839
27562,0.9984826018165908
27566,0.000495311494361357
27573,0.001069413487151518
27574,0.9986290021442883
27575,0.0002106211550980722
27577,0.9986319049212742
27579,0.9984045796887182
27583,0.000203869004398714
27586,0.00013571983037741894
27589,0.22657127283688758
27595,0.0006183374116861658
27598,0.0013807284361582355
27599,0.01441110148942297
27603,0.00017451058166736803
27604,0.9889094407244808
27605,0.0009630937072375049
27610,0.0010501479945533093
27615,0.0007843067479768579
27623,0.0013322091665977033
27630,0.9985982730925195
27633,0.000129118428614376
27634,0.0006701438892184399
27640,0.9929331812322626
27641,0.0007158291629525414
27651,0.22883240729811208
27656,0.0014232462834741352
27658,0.9992179810030387
27662,0.0009561198714867812
27664,0.0010501479945533093
27669,0.22709659507387725
27673,0.00029062554990687864
27687,0.0009565329512174675
27694,0.9888219464967972
27701,0.001047006435444386
27704,0.020385426773296425
27707,0.9992635367186665
27708,0.00038556954772591356
27711,0.9984883614884884
27713,0.0002081561143412988
27716,0.011225578157804882
27717,0.22657127283688758
27719,0.003405054413991074
27720,0.0014188479127957723
27722,0.00045521884173819126
27723,0.0004566245897737696
27726,0.0010971107616403243
27728,0.03734479413748423
27729,0.0026149422912204283
27732,0.001333095347657979
27744,0.003077351632897379
27748,0.0001706639297786092
27750,0.005076572907060524
27760,0.9989985776580208
27761,0.00021185458148756107
27763,0.0014601000104200975
27769,0.00045727215353235013
27786,0.0006952652153043761
27793,0.998490562148364
27794,0.0026551182634996116
27799,0.0010741024696910707
27803,0.00045343820075074683
27806,0.00031707509505408835
27816,0.9997738692700111
27817,0.00010134912462465942
27823,0.002202488195183686
27825,0.9988922089684865
27826,7.189902788640155e-05
27828,0.9975927989500474
27832,0.9441918141431969
27834,0.0014106548353336689
27846,0.0013348698390800106
27848,0.0011744535160556604
27849,0.9973819662135035
27852,0.0014934353081237914
27853,0.9986150679886043
27854,0.0014930651712654144
27857,0.9466603530725152
27862,0.0003785262624373559
27865,0.0058429785131423094
27871,0.0009497839252277654
27875,0.012764317960277737
27878,0.0013630514053934975
27879,0.0010490389825117395
27881,0.9986148639539733
27882,0.00014290982410049207
27888,0.0020764376059180596
27890,0.0016657826324674363
27894,9.192769790954751e-05
27898,0.22709659507387725
27902,0.00015311566131038484
27905,0.00012395390569890416
27909,0.0008068331586652182
27910,0.0010515251242219138
27916,0.0004604753682361607
27917,0.0006302672997407141
27920,0.9984391546010148
27921,0.021828265060433217
27922,0.002604768506217599
27923,0.003978131187188162
27932,0.9983762391003898
27933,0.00013913696813234978
27935,0.9957393752452806
27937,0.04117226739481832
27943,0.0013291188624175454
27951,0.0015097745033694188
27954,0.0015921614482953426
27957,0.0003363080140098044
27959,0.0011892866096745681
27960,0.001588312455814787
27969,0.0003873626914821798
27977,0.9990202024033239
27991,0.0003229038261185578
27993,0.9992607728186575
28002,0.9452170459253929
28005,0.0010623694789828528
28011,0.003426084029631523
28022,0.001519551034186689
28024,0.0010040392409182601
28028,0.00048538402770762054
28029,0.0017204494854906537
28034,0.9987742370955348
28035,0.0009536748314380794
28037,7.278022290551252e-05
28039,0.003391612288950701
28045,0.0033919998509845247
28058,0.9990327993869412
28059,0.001064043633116093
28062,0.0008942613445499302
28063,0.002787225998287091
28064,0.9986290021442883
28065,0.0016406979593663305
28068,0.0001496183141331161
28069,0.00038315773242875726
28074,0.0002014989568431085
28078,0.03173556511636326
28081,0.0013360998596810979
28083,0.8597590311145219
28085,0.00031405269053708936
28092,0.0025882560435850164
28096,0.9980771060202689
28110,0.0008056142295610448
28115,0.0011569245484610818
28121,0.9983815752472135
28128,0.9990247626493131
28132,0.0010933128879114624
28136,0.00016611914097149674
28138,0.9993779655653705
28139,0.00014575071077200806
28140,0.0010540381612981424
28141,0.0009614706150121041
28146,0.0005899865156195122
28150,0.0004918880582436986
28153,0.9993319053938889
28156,0.0007494712748985762
28159,0.00031823880194634715
28160,0.17155739955620203
28164,0.9984221200912305
28165,0.00045737350573627107
28169,0.00014187164017824967
28174,0.9985866770694851
28181,0.22657127283688758
28188,0.00012600078782469708
28190,0.0011926769625084741
28194,0.06779845975630133
28196,0.0016475438981525736
28200,0.0012611564571293457
28205,0.00020090947360826077
28208,0.00021185458148756107
28210,0.0007160002715469234
28212,0.0004529161419900929
28215,0.0002897780356064193
28217,0.22709659507387725
28218,9.174396345329657e-05
28219,0.0006138232520630638
28223,0.9981199268344811
28225,0.9986233753235936
28226,0.00048391385805862257
28235,0.00018602182349093584
28242,0.0010498717178804523
28246,0.9988978110864347
28248,0.00010122180327125259
28249,0.0010952839579055776
28250,0.998858241333915
28256,0.0010498717178804523
28260,0.04942567349055585
28266,0.2263533797569321
28269,0.9990888175651124
28270,0.9989243069721541
28273,0.9452711611758983
28276,0.0003277620526848101
28277,0.9991162439101663
28278,0.9983469193251899
28279,0.0019966989778180673
28280,0.0009982165548116336
28292,0.9977906685325328
28293,0.0013952313986071315
28296,0.9929331812322626
28301,0.9988807823369484
28310,0.0015992757987778224
28316,6.50559924578829e-05
28321,0.050738865587595064
28322,0.00042819326073359037
28323,0.0005104335893712545
28326,0.0008113199347866156
28331,0.0013826332402320535
28337,0.002143423483141544
28338,0.9986511031320976
28344,0.0015044597252046445
28348,0.0010131730257520513
28351,0.033484198413658746
28352,0.9986511031320976
28361,0.0004573730536744841
28362,0.0010891633546953646
28365,0.9971892727383553
28371,0.00020090947360826077
28380,0.003547622550864336
28384,0.0015091458844492312
28388,0.9986290021442883
28393,0.0021330265385012203
28394,0.00018640706887100697
28396,0.0004796286294303364
28397,8.665437157656455e-05
28402,0.945465973189101
28407,0.0006536566901115517
28413,0.0001973182988629135
28420,0.22890387907949092
28421,0.0004773647465782796
28422,0.9999119465855592
28423,0.9991793755544011
28426,0.0003717899471267664
28430,0.0007494712748985762
28444,0.0005934521941448175
28446,0.0011719449532482838
28449,0.9978176693093382
28451,0.003621073441345568
28457,0.0014177061120866424
28459,0.0022624173101100913
28460,0.0016612139562242401
28461,0.9999073507957078
28462,0.9931622096908558
28466,0.00119416338373467
28469,0.0014970433425882579
28470,0.2343670686352531
28472,0.9999127210670554
28475,0.0036106887415310895
28482,0.22657127283688758
28483,0.0020122000843835423
28488,0.0003433989450179163
28490,0.001128266723528221
28492,0.0001672375555543898
28493,0.006567738036595282
28498,0.0026034271767405273
28500,0.020082963813148544
28503,0.001065640959465873
28505,0.0010464430983698882
28506,0.001571138169873873
28508,0.9983900589094804
28509,0.0015636933527051389
28513,0.22657127283688758
28516,0.0196894417827647
28518,0.0013621453380718196
28532,0.23419717249782482
28543,0.9985874775387464
28547,0.0010972842476293708
28550,0.00048356398961534725
28551,0.9737375401547337
28562,7.20681151582049e-05
28565,0.0027663569602711983
28571,0.9987769037517044
28576,0.0013588247371123397
28578,0.0014278126277986506
28579,0.0007020592249695567
28585,0.0014068190724576377
28589,0.999301762178127
28597,0.9989233077181676
28599,0.9990804601835348
28609,0.0013526852184856703
28614,0.0021523365990258198
28637,0.00020090508385165772
28639,0.9724557319155094
28644,0.00199104998403262
28650,0.9981101319012696
28653,0.9990247626493131
28656,0.0006987764805758616
28658,0.2336795148284603
28661,7.346664641347263e-05
28665,0.006657890039358743
28666,0.008178977698418778
28667,0.0009992346901047053
28670,0.0010483494447491475
28672,0.0019795549382531316
28674,0.9999126003840909
28681,0.00033643043331429544
28695,0.0013963146391111788
28696,0.9993076043476719
28707,0.0014587434557046936
28713,9.192769790954751e-05
28719,0.0005998733477509378
28726,0.003320917018291227
28731,0.0013072572088879072
28735,0.0014281882184853587
28738,0.0005662134146402299
28747,0.000995774528908621
28749,0.9990186719790225
28750,0.0036686569392569857
28751,0.0010612227954673716
28752,0.00030394150072750445
28759,0.9954965155709099
28761,0.22709659507387725
28763,0.005323108584301448
28767,0.9997058825590683
28770,0.007768862490183822
28771,0.024322216555151467
28775,0.9990454598647192
28776,0.22625904865575544
28778,0.0010037508529298367
28784,0.01612664594629648
28785,0.9986735399075944
28789,0.0011731937590629489
28791,0.003940615751656226
28792,0.22657127283688758
28794,0.232888453559135
28799,0.002017817530363417
28806,0.0002018334887145647
28813,0.0010498717178804523
28819,0.0010668307475455
28822,0.23490497624138762
28825,0.001049668052132826
28832,0.00012520279416550025
28833,0.0006998389794799372
28836,0.0014623613453630536
28837,0.001326923554743817
28842,0.00046457225637157676
28844,0.00030322946963008874
28846,0.0014376618872979274
28850,0.0014353662370378336
28857,0.0011184420988784294
28860,0.9983781348616444
28868,0.00044555015866463516
28875,0.011348366696737586
28876,0.049813812703459935
28878,0.9990559476682004
28879,0.002800363579884524
28880,0.001327806224507608
28881,0.002518492988493099
28889,0.9970518545139148
28890,0.22657127283688758
28892,8.64554239680815e-05
28893,0.9981255986572064
28898,0.01726193600923281
28900,0.00032538489540451183
28901,0.00035916314669631695
28905,0.0014293069384780717
28908,0.00029916617073273536
28909,0.005986794702614783
28910,0.0014009377776003568
28912,0.0006094450834045317
28919,0.9975547434843722
28920,0.0007052726480390809
28923,0.0007942882408871289
28924,0.9443555601229217
28932,0.9844126339286363
28939,0.9988554390939568
28947,0.23492172791525795
28951,0.0021396481273690533
28952,0.00039388276859706275
28954,0.0002737081418603897
28958,0.001385408672056956
28960,0.0007417266599352397
28964,7.221012971332236e-05
28976,0.0014281882184853587
28979,0.0006350241067233817
28994,0.0010779892223710783
29000,0.9985177114351632
29005,0.9986218552035347
29007,0.002651529169488475
29010,0.0004552902043226159
29011,0.23635571639867728
29013,0.00836234414931694
29016,0.00016837043496137515
29018,0.23419717249782482
29029,0.0017510680123149572
29030,0.0004023752929977795
29033,0.0004947741963620037
29035,0.0004750667299561471
29038,0.05154376014941218
29049,0.001128068214592131
29055,0.0036127490788068245
29057,0.0006650942011671529
29064,0.0017775930126543498
29065,0.0012623448314289958
29071,0.0004459952080917132
29074,0.0014343506686542557
29076,0.03298377016331353
29084,0.0004053881687604487
29086,0.0010464430983698882
29092,0.0015662545963863884
29098,0.9988779228790873
29101,0.00016946751826053773
29105,0.9992159299500205
29110,0.0013838899382114173
29120,0.9991121930295982
29132,0.002870446242344079
29134,0.00014109653652094248
29141,0.22616402368765462
29147,0.001333095347657979
29148,0.9992625762550723
29159,0.9992253869752489
29161,0.0004802794383215952
29165,0.0013345187568387712
29177,0.9986077987726235
29182,0.0007095752559529764
29184,0.00016025048151431574
29190,0.003059558721803958
29194,0.998858241333915
29202,9.968286397231203e-05
29206,0.0011613838491904124
29207,0.0810184868889635
29210,0.0007241290173244732
29211,0.0001781785025356303
29213,0.00031966007170218405
29219,0.001053017831449094
29221,0.9990226016463437
29228,0.0021557669724590963
29236,0.0002066153384988237
29239,0.0013348698390800106
29243,0.0001589539924655257
29248,0.0003911313000122994
29250,0.002706436832024986
29251,0.9998793926120173
29253,0.002988342231657526
29255,0.0007159621908269903
29263,0.00016840855770038803
29266,0.00031781306801495046
29269,0.00020914928154209343
29273,0.0014511020675689352
29276,0.00884450910857864
29281,0.0004663935352355826
29284,0.0010638564116520262
29285,0.020059470386784458
29298,0.9439442563723123
29302,0.9990224760242282
29304,0.9986148385569192
29305,0.0014955631008176957
29308,0.994536327286762
29313,0.23268245411767788
29319,0.0013387682921931767
29322,0.0008202265496984333
29325,0.0014745160934393007
29329,0.0013277117948636995
29335,0.0013782292069382037
29336,0.003310651449817844
29342,0.005911662900162827
29352,0.0025689166166318732
29358,0.000490518666585411
29359,0.0001290659511078455
29370,0.9983063577027451
29373,0.002190963095334104
29375,0.001660334640791182
29382,0.9991945657304978
29383,0.9986290021442883
29385,0.0014068190724576377
29387,0.22657127283688758
29390,0.0026396807469783756
29392,0.0010952839579055776
29401,0.0016166944522887393
29411,0.9985002715067285
29412,0.9988656220272893
29416,0.0010438782634250496
29419,0.0013586687156565344
29422,0.0006966879998615981
29426,0.00135538672999619
29428,8.659686957242688e-05
29430,0.999707539599716
29431,0.9976736501139621
29446,0.0004047769849470841
29451,0.999214941707498
29455,0.0009510793052828226
29461,0.0012412224079084689
29464,0.027776540043134554
29473,0.0003829887793366534
29474,0.9992844500263077
29476,0.008265065741976685
29477,0.002829318947426327
29478,0.00012796635673685834
29490,0.9994305253654402
29506,0.001492957111837361
29511,0.9999111428102831
29513,0.998858241333915
29521,0.0004858057258655005
29526,0.0001234799543197346
29534,0.9991468719513982
29537,0.002733909913911125
29539,0.0021783558271618176
29540,0.9784610843746083
29542,0.995449280083345
29544,0.9997721086124286
29545,0.9993110819674208
29547,0.0023618672073377808
29555,0.0242666484493299
29560,0.23419717249782482
29561,0.0003284052520702432
29568,0.23199316952560484
29575,0.0004561920533303272
29581,0.9991517143777228
29583,0.0004901475371578558
29584,0.00020149712626543455
29585,0.005836848531807911
29589,0.0015719415954044413
29594,0.0003375142854283795
29595,0.998967667659244
29598,0.9439629893810598
29599,0.0025419578350849518
29603,0.000500732184846387
29604,0.00047619516207030727
29608,0.0010438782634250496
29614,0.9986278215642707
29615,0.9993022410712123
29618,0.0006987764805758616
29622,0.0003031839663290988
29629,0.9997886416117016
29631,0.0003824426697671666
29632,0.9998846208030273
29660,0.9986150679886043
29666,0.03297085581361507
29679,0.0010036026677782892
29680,0.0013357577876434072
29682,0.005095943552343356
29683,0.003209189822712793
29684,0.998345200603361
29689,0.0014529531307316851
29707,0.9954389772012497
29716,0.9930022729531777
29720,0.0010315380039360312
29734,0.005885890949490748
29738,0.0008258130055064292
29741,0.0006966879998615981
29742,0.0016164101477096186
29744,0.000201362296453536
29757,9.83343496124972e-05
29758,0.9999111818246753
29765,0.0006966879998615981
29767,0.0004963940051277623
29769,0.0010501479945533093
29781,0.0010700803787119038
29785,0.0006966879998615981
29787,0.0003163505215530493
29791,0.001403374134628198
29805,0.000572858491926677
29808,0.0007175356266495714
29812,0.0004425561086388402
29813,0.00044358926467646324
29815,0.9992854787147205
29816,0.0021143459610004985
29817,0.00017763051968219958
29818,0.9999133413946015
29819,0.0006952652153043761
29826,0.9995034379576122
29827,0.00020056854188639864
29829,0.0015338746967276664
29830,0.0007084662872602952
29833,0.0017758087700145064
29836,0.9871141554896692
29837,0.0010472728777818627
29845,0.9990277833397894
29853,0.9991478769546547
29855,0.9983855842813976
29859,0.0010515251242219138
29860,0.0013345187568387712
29861,0.00030364511194667053
29865,0.000368253193731222
29869,0.0015150072744895956
29873,0.0010527187734402858
29874,0.0002082016192740154
29876,0.9986225556061034
29877,9.589419522275704e-05
29878,0.001223634127456709
29880,0.0006341891732842116
29885,0.9985758113591313
29890,9.275945657373606e-05
29893,0.9975796626727438
29894,0.0005764563369524302
29896,0.00048692623911616875
29898,0.0007781240742707734
29902,0.000262414326857529
29903,0.9986511031320976
29904,0.0025879573933567874
29905,0.0013354064721763487
29909,0.002328572148036734
29911,0.00030582018335094705
29912,0.0009877195740015097
29921,0.0015462896682854122
29922,0.0016784306230949425
29923,0.0014314517192953913
29926,0.003546393415272112
29931,0.00015346955843162114
29932,0.17539246769095143
29933,0.0033701857129320016
29935,0.00013466412801048754
29936,0.001453004230480443
29939,0.000305011115957235
29941,0.22657127283688758
29956,0.00012310777558358578
29957,0.0010243138314149222
29958,0.9971472335429987
29960,0.0011298424290898373
29967,0.001051248485630149
29971,0.0006646014262908927
29982,0.23750327661741386
29983,0.9783915976463217
29984,0.01701575022465207
29985,0.0014027669815895017
29987,0.0011602143486586002
29989,0.9980518406165478
29990,0.001083249214126344
29991,0.004843312234909719
29995,0.9929128838446818
29997,0.0001483384626582117
30003,8.659842806749383e-05
30008,0.00031707509505408835
30014,0.998858241333915
30020,0.9977077775916148
30024,0.00048575565034416306
30029,0.00047946847440056596
30032,0.0004330535108185148
30042,0.998858241333915
30047,0.000771477130364351
30052,0.0016904259313774415
30057,0.9970312043244436
30065,0.0033229258580378678
30072,0.0007712741108100739
30074,0.0003410670349243498
30075,0.00033144402838784114
30077,0.0010464430983698882
30081,0.9985730076494048
30082,0.23214765083129657
30084,0.9999187690626427
30088,0.9992625762550723
30105,0.22678385924336528
30110,0.995130237473483
30111,0.0013322091665977033
30113,0.00033869876863979636
30117,0.9737375401547337
30124,0.0015150297784400403
30136,0.001242003728173955
30144,0.0034147273436118406
30149,0.0001683051272792192
30156,0.9988629970982433
30157,0.00035713008581097653
30158,0.024378024574693503
30161,0.0007687546215149313
30164,0.1782346869744821
30165,0.0007158291629525414
30171,0.0009488747073261775
30174,0.998573734809393
30176,0.9944401347254437
30180,0.003914591977496596
30181,0.0015399347051488043
30190,0.0011473881756424173
30198,0.9988382864317635
30202,0.001002672366806937
30220,0.9436689552719975
30223,0.0013642566531672925
30225,0.0008029126062016825
30230,0.0006336529936848233
30231,0.0017120611204291978
30235,0.9973069479986458
30237,0.0004529242190159568
30238,0.997018844808916
30241,0.0006977473254203455
30242,0.0007485157762202784
30245,0.00027312103202488104
30248,0.000544184433243782
30253,0.0004240665596943752
30259,0.9434067724698633
30262,0.9991342848058063
30264,0.9978370895373458
30265,0.00047978666132990013
30267,0.000740211965019346
30268,0.0010478153746551816
30270,0.0014162583939143956
30274,0.002220015173314262
30275,0.9984416791124252
30276,0.0013357577876434072
30277,0.9986150679886043
30283,0.0001889549013247689
30291,0.0007100918860642733
30295,0.003621073441345568
30298,0.0015950546543699127
30310,0.9983837017306757
30311,0.9986250416966778
30320,0.0002088041639338458
30323,0.0020238962084717766
30324,0.9988554390939568
30328,0.0015923591479599976
30334,0.00034744121938155257
30337,0.0011737924116964097
30339,0.0004090166660612821
30341,0.00013964319493253382
30346,0.0014142502583930172
30347,0.0016193271615986917
30350,0.0006977610194942836
30355,0.9992779009259468
30360,0.0015148310161203528
30366,0.9988922089684865
30367,0.002264605099477257
30370,0.0007002520334353098
30372,0.001327806224507608
30373,0.0013676746676117841
30374,0.9994206287944974
30378,0.0003189178113029457
30380,0.9929390531182086
30388,0.01752904834632065
30397,0.000383286600003066
30398,0.0029534191530796354
30410,0.0013859791429818148
30412,0.9987295952931237
30418,0.00014295973818941764
30422,0.00020136254176925472
30424,0.9986051462284322
30432,0.00099864734121415
30439,0.22575401432258457
30440,0.000346910339026813
30449,0.026756734812801317
30451,0.0015044597252046445
30452,0.9966013171227158
30455,0.0014676798972330716
30459,0.00033228843933497804
30460,0.9988922089684865
30479,0.0015220841161783906
30483,0.9992880452681296
30484,0.9927506170996565
30489,0.9986188536771394
30493,0.001013141992822422
30500,0.036321738676445156
30503,0.00023656114140936077
30516,0.0004792197944562537
30520,0.00020196615289364326
30522,0.001051248485630149
30526,0.0013348698390800106
30527,8.603501741770053e-05
30528,0.002755129255945914
30537,0.945465973189101
30545,0.9944859026522996
30549,0.9439050937856768
30551,0.0007147906882903747
30555,0.0003316129264801915
30558,0.9915898225656439
30560,0.0008111064388331324
30562,0.04772140229672993
30570,0.09441277094288625
30577,0.23750327661741386
30580,0.0013322091665977033
30582,0.9992616253557479
30583,0.00012282461998853713
30584,0.002182199332344373
30588,0.0011087710330509196
30594,0.0011069079942384848
30602,0.0019777883513684715
30603,0.998836185464057
30610,0.00036177377648191774
30612,0.9988778271529458
30616,0.9946488333430988
30622,6.768002530188518e-05
30623,0.9811923550096495
30624,0.004921480685863052
30629,0.0008287777992152176
30630,0.9988596656641433
30637,0.0013440390102321276
30643,0.024532033202541458
30657,0.9453091013151472
30658,0.9985758113591313
30665,0.0013782411134959298
30668,0.0007810033094635512
30671,0.0001012256687978939
30674,0.001474385002390995
30675,0.9992598195955456
30676,0.0010478153746551816
30682,0.00044586584272066944
30695,0.001323660541068371
30696,0.9997118787130769
30697,7.508281024728587e-05
30699,0.9861648623789031
30701,0.0007138223827040756
30705,0.0010438782634250496
30710,0.9980518406165478
30711,0.00021619653639956652
30718,0.9988101512305041
30725,0.0015521410881740951
30726,0.9986225556061034
30727,0.0014211587442183827
30729,0.0012161188583936994
30731,0.9971445413184858
30735,0.9871779299672125
30738,0.0010927317919206519
30740,0.0003949374795631869
30743,0.0009535007019019639
30744,0.0013409213013999054
30749,0.00038462353043503455
30755,0.00016877436062690573
30759,0.2344029589311133
30760,0.001051248485630149
30762,0.00016061910509489297
30765,0.0014068190724576377
30766,0.0012716654874518705
30774,0.0026046343107158404
30786,0.0014758746799037447
30787,0.9992573780777256
30795,0.00020671708026772387
30796,0.00048036335074762786
30797,0.22616402368765462
30798,0.9431021164465473
30802,0.0003746470826832902
30806,0.23419717249782482
30812,0.0015100400805556067
30819,7.213201981584869e-05
30821,0.23214765083129657
30825,0.0010464430983698882
30831,0.23419717249782482
30832,0.00014352226798103213
30833,0.0013345187568387712
30837,0.00047560799708856803
30839,0.9980518406165478
30840,0.0007867140831431725
30842,0.0012339181893047885
30843,0.004846435020404061
30844,0.0012298321178073291
30858,0.017211922742429265
30862,0.9983862218039661
30866,0.0011946920340086676
30870,0.0005458599007390978
30871,0.9997883133894264
30875,0.0025889525576195775
30876,0.22657127283688758
30885,0.00018978613969414888
30889,0.0008789606271112973
30890,0.0003189178113029457
30896,0.0014083542789360148
30899,0.0010891633546953646
30900,0.00046417367967566115
30906,0.001343942868083352
30907,0.0003166505470228277
30912,0.001051248485630149
30913,0.0014394041324177031
30914,0.00030318819159411907
30921,0.020384359162927575
30926,0.0013866710285717829
30928,0.001333095347657979
30929,0.09562742877627363
30931,0.0007002520334353098
30934,0.0017618647097053814
30940,0.0011112446676658264
30943,0.0011336493445925978
30948,0.9970656971033651
30949,0.00015896295734965922
30951,0.9992835973867613
30965,0.22657127283688758
30968,0.0014172764110157489
30978,0.23064219584125825
30980,0.01558524581937448
30983,0.000375252599355296
30986,0.0004561920533303272
30987,0.00013006468360955036
30989,0.00030316012264341557
30990,0.00036960060874189954
30991,0.00019007609124766664
30995,0.9968532788865858
30997,0.00011077927071678528
30999,0.004514189120548086
31002,0.002889491239276801
31005,0.9976750047371958
31007,0.9981571061310416
31008,0.005914987096517536
31014,0.9442560613472942
31017,0.002713496071546908
31027,0.001714676775193614
31029,0.999913317101172
31030,0.9981426489977232
31031,0.001077852088738335
31036,0.0013801283239053361
31042,0.019714779477397554
31046,0.005809382641557164
31048,0.0002538504444404863
31051,0.0014758746799037447
31052,0.0010319944315043462
31053,0.0009214093752311206
31056,0.9436784984454363
31060,7.085103995486617e-05
31062,0.9999137529937028
31064,0.22657127283688758
31070,0.00022893180299542892
31073,0.9785361377297491
31077,0.0013834562216302432
31081,0.0015662681247526232
31085,0.9970682000665546
31093,0.000796584056938806
31094,0.003387829308248842
31096,0.001403696034759367
31097,0.001327806224507608
31102,0.999048411772494
31103,0.0017128827751671765
31107,0.00019446402198063854
31109,0.0011764297260845422
31110,0.033651484111093616
31120,0.0006966879998615981
31126,0.0007712741108100739
31136,0.0021507131409954413
31138,0.0013322091665977033
31139,0.9429498299030813
31143,0.0003138597062239019
31145,0.9992847095102878
31153,0.0014060315944244748
31158,0.0014092042616774304
31162,0.0009984295909010548
31165,0.9988922089684865
31166,0.9978174300089245
31174,0.0016414216412671326
31177,0.001490739416742941
31179,0.003287170832978335
31180,0.00029005153910296576
31181,0.0003392414123671251
31183,0.0014930651712654144
31184,0.0003204116272815731
31187,0.0026034271767405273
31193,0.00017680764266456492
31197,0.0006240196898405904
31202,0.0002733988878954323
31205,0.9984196701842231
31208,0.054365370002615494
31214,0.00041390586365360144
31217,0.00010163844047135602
31224,0.0006378894926006735
31229,0.0026851736562246136
31242,0.0013307988318624966
31246,0.9988154559164195
31249,0.0004919649285661162
31256,0.943409364447764
31261,0.9981539975092901
31266,0.0005046404703671414
31267,0.0010452471797766732
31269,0.9987599826666672
31278,0.002806534369130493
31281,0.2957402702769845
31282,0.00021025279625876
31289,0.0014511020675689352
31290,0.0003281433653432427
31291,0.9993074227901486
31293,0.997017385333919
31297,0.0011254777075575826
31299,0.047443846866145875
31300,0.9970277345003677
31303,0.997741527996858
31304,0.026847257716058445
31312,0.0012564454058132345
31316,0.0003123991711618385
31317,0.0003180246910803757
31318,0.0010329821680946987
31323,0.00020196615289364326
31324,0.9999141150538267
31326,0.0012373617977280602
31335,0.0007669559750051303
31339,0.001982843649207449
31342,0.0017008526092595524
31350,0.001164269781310848
31351,0.0016859308848812832
31352,0.00838366129222485
31356,0.001434906809950631
31358,0.0010013071501998496
31365,0.00014040924902933226
31368,0.9986511031320976
31374,0.9973506943888526
31376,0.9979722950162909
31377,0.0003033859550975917
31378,0.0004047312727917294
31379,0.0014573084599884816
31380,0.0014044097464156204
31383,0.9992231853547232
31389,0.9959826322273655
31390,0.007158022200511109
31399,0.00013598239992269382
31401,0.0001867136161535341
31404,0.001143591867940155
31407,0.22657127283688758
31410,0.004147722625518822
31411,0.0008305988466419692
31421,0.0013357577876434072
31423,0.005876042064678799
31425,0.0011337584135378456
31426,0.9454450892491062
31433,0.0010118332338318633
31436,0.0010540381612981424
31438,0.001054398720555458
31440,0.00033829862845268237
31442,0.00413724978703311
31443,0.9993489776452047
31445,0.00018662321228298838
31449,0.00033777895412361497
31463,0.0010495789483104545
31469,0.22657127283688758
31470,0.22657127283688758
31473,0.0015137129977436377
31474,0.0021527730009174672
31486,0.00012564868688915622
31490,0.07506573630649827
31498,0.0001953861149205043
31502,0.0003270145648001312
31507,0.03637620842422638
31508,0.00020196615289364326
31511,0.930415437911754
31532,0.9991945657304978
31539,0.02471924770251939
31540,0.9986145097923802
31545,0.0004160608318192221
31546,4.668565001719212e-05
31547,0.001380236055754485
31548,0.9440671783225519
31557,0.9991996939738003
31565,0.0009429245088376149
31567,0.0013315432830803065
31570,0.22616074094976135
31572,0.00014056574110527472
31578,0.0013892014678099985
31588,0.9988944323938466
31607,0.0011033841723988866
31608,0.9988922089684865
31609,0.0014212364422210746
31611,0.9999128304801413
31614,0.999263726970021
31618,0.000448887370298117
31619,0.003463125800752814
31620,0.0003610598137273442
31624,0.01979043567025439
31625,0.0009715146273382167
31628,0.0021491171764421555
31632,0.0014017651614658601
31638,0.0006150817806401366
31639,0.943822545609877
31640,0.9432112941394608
31645,0.995449280083345
31659,0.0001290406136493549
31666,0.001341652795012407
31678,0.0010478153746551816
31681,0.0015489698244693579
31684,0.9996526598090955
31686,0.9965843785562201
31688,0.9955887905578863
31692,0.9990344268846251
31696,0.00021838547430938742
31698,0.22657127283688758
31699,0.00033943696569980656
31700,0.0003180246910803757
31702,0.01996464889652046
31707,0.0014134719568379994
31708,0.9983995198774798
31710,0.025026544882866347
31713,0.0007495366118885642
31718,0.001805737942258528
31719,0.008226607435592562
31720,0.000928345234145153
31723,0.0008347853442326559
31724,0.0001390385939286757
31734,0.0004569563127996829
31741,0.0017351339852096613
31749,0.0006024942993700517
31751,0.0004911541157956656
31754,0.0003177170241375779
31755,0.004829699433485454
31757,0.0003831374933574462
31771,0.0008221705632570829
31772,0.0010478153746551816
31778,0.0010464430983698882
31779,0.979432534339297
31783,0.0006704337365116692
31789,0.9971198885967878
31792,0.033409020707692985
31795,0.0015668028332029172
31796,0.0014050584239404232
31803,0.0004736549933889889
31814,0.9887280290100298
31819,0.04756089001749497
31821,0.0015100400805556067
31823,0.9764797417373496
31824,0.00031043166432266443
31825,0.00038193884034298765
31826,0.0014375110054532364
31829,0.0004822642418899009
31835,0.0006428058943222766
31836,0.0013832311007337212
31837,0.9986008511207343
31838,0.0002977532638195618
31840,0.9990248697052374
31841,0.0006987764805758616
31844,0.0007895731339892494
31846,0.0011254777075575826
31850,0.23419717249782482
31857,0.001442654168928392
31866,0.001896007492012816
31867,0.9970863546155908
31868,0.00030782994638592836
31876,0.0013950719190200318
31878,0.0001515816256971125
31883,0.9989418548290284
31886,0.0027455616786707148
31890,0.0014142502583930172
31893,0.9990948775104306
31895,0.9988985760939342
31898,0.0010739056390038435
31905,0.0016521088039606942
31913,0.9455936641990684
31919,0.00017309877195551077
31921,0.00016273498517916732
31922,0.00020149688078578747
31923,0.0013559711391043059
31925,0.0002504912435383493
31931,0.0013291188624175454
31932,0.0015135008111302616
31933,0.9993057808215099
31940,0.17343289530469239
31948,0.000771477130364351
31953,0.003630046446531728
31954,0.000741946463103897
31957,0.017022687482074896
31959,0.0006977610194942836
31960,0.00014954080274104717
31961,0.0007483840311752833
31962,0.0009687857799249114
31963,0.0007007708007416829
31966,0.002174841442988235
31975,0.002670529908940267
31980,0.9985730076494048
31983,0.0010913960914692871
31987,0.857829197089907
31989,0.9996543983282449
31995,0.0004965681168074726
32002,0.0006966879998615981
32003,0.00034704686553826134
32005,0.00047662662000572977
32007,0.003682268675705865
32015,0.9992607728186575
32016,0.0003136626302509677
32021,0.0004447549703829335
32035,0.00047133373461652304
32037,0.0008301774657355969
32044,0.00038368459472046696
32050,0.020059470386784458
32051,0.001327806224507608
32054,0.000128292685148039
32057,0.9988505853894409
32060,0.001455188591768492
32061,0.99861785043631
32062,0.17208370695889214
32066,0.0009945691346464666
32071,0.9972165716983209
32073,0.0021986736478748197
32076,0.00014354405667319788
32084,0.0027038009795639535
32086,0.0012367727919456086
32090,0.22616402368765462
32091,0.0014106548353336689
32096,0.9989548669773387
32097,0.0013518870887181441
32099,0.9441399216225865
32103,0.9986051462284322
32107,0.0004883052117217537
32109,0.004740836949182609
32112,0.0005963304954568568
32115,0.04940766468336245
32116,0.9974898842517749
32117,9.989356659865587e-05
32120,0.9990247626493131
32127,0.0010515251242219138
32130,0.0037655839601935036
32131,0.0006952652153043761
32136,0.0014415992828427995
32142,0.001333095347657979
32148,0.0006977473254203455
32152,0.9985304508398936
32154,0.00015770627271727278
32159,0.03766749598474619
32166,0.002256267948155636
32172,0.01996809586146814
32173,0.0001280601849567338
32176,0.0003785715578019483
32179,0.9997904449376711
32189,0.9455541648252075
32190,0.0006975773853028527
32194,0.9787103712242557
32200,0.0015077447788775188
32201,0.0003038512460908258
32205,0.00015853353038595085
32210,0.001119828149464967
32216,0.00035758451951855533
32224,0.0022186381878691805
32226,0.00021185458148756107
32227,0.00013663765379131923
32232,0.943986005440708
32236,0.0006977610194942836
32239,0.0007067588552168477
32240,0.0004362813716188431
32252,0.0011322609851198324
32257,0.002328388917900174
32259,0.0028358716499459068
32280,0.00029955764832426736
32284,0.23635571639867728
32286,0.00020649510834441458
32291,0.0033799867536746402
32292,0.9930022729531777
32295,0.9981426489977232
32298,0.001349387136224455
32310,0.0022577723348913394
32314,0.0013786395145314314
32315,0.0007669559750051303
32316,0.9975815430866309
32326,0.9984883614884884
32330,0.0004901945621167596
32333,0.01836650736523819
32335,0.019676593562196563
32344,0.8674410717327653
32345,0.9761940424802287
32348,0.9986511031320976
32349,0.0012535453553264497
32351,0.000771477130364351
32354,0.001725148106008424
32355,0.0021527643544181534
32358,0.005334485417565897
32359,0.0016612139562242401
32363,0.0009500338885672832
32366,0.2343670686352531
32380,0.0013828834491043383
32385,0.001577918308723334
32386,0.00013894544820072566
32387,0.002583572551620732
32391,9.998492566135378e-05
32396,0.00043630828389517776
32397,0.22657127283688758
32399,0.9988830090976109
32401,0.9909764721036575
32405,0.22616402368765462
32414,0.03246663097268983
32416,0.9977059883669228
32418,0.0013345187568387712
32419,0.0003333797667657057
32422,0.9965821093443924
32428,0.0013306581323871323
32434,0.0007529567523600649
32435,0.9990224760242282
32436,0.0014816884238458164
32438,0.0010452471797766732
32449,0.00012700718434710862
32451,0.0001231304563931468
32452,0.9988597908227765
32454,0.9992238931926994
32456,0.001333095347657979
32457,9.919984415588766e-05
32469,0.0004773647465782796
32472,0.0007113418331609209
32474,0.0011356537110217171
32479,0.23163315307971089
32486,0.005075074861724534
32490,0.0009891831190303804
32505,0.0026273599945813267
32508,0.049672227435137495
32510,0.0013889207357647738
32512,0.001411765986021703
32515,0.001128068214592131
32517,0.9999204304366339
32519,0.0010536013140696756
32523,0.18480167212561646
32535,0.22616074094976135
32540,0.9988110601806842
32544,0.00033829862845268237
32545,0.2296620029799511
32549,0.000601069271741362
32550,0.0013322091665977033
32557,0.002058845552267525
32558,0.0004529827346053759
32571,0.0013892014678099985
32577,0.23163315307971089
32580,0.011311312717897778
32581,0.005583263127124622
32583,0.945465973189101
32590,0.0025743078217436285
32600,0.0015719415954044413
32633,0.0015875183458144621
32636,0.000928345234145153
32639,0.2292658350040763
32641,0.002206225746654215
32642,0.0003375740020295065
32645,0.0003626784787828194
32653,0.0033972697039796325
32654,0.0006975773853028527
32655,0.00013490768024620043
32656,0.0013238454952592227
32659,0.0011152969642302805
32667,0.0014201019705186288
32668,0.003079962576224001
32674,0.0003377460227940654
32678,0.9999227912104113
32679,0.00033930709703118713
32680,0.00020196615289364326
32682,0.9456029000991177
32688,0.23750327661741386
32699,0.22657127283688758
32701,0.0007147906882903747
32705,0.9986511031320976
32710,0.9441399216225865
32714,0.0014151210324348043
32715,0.9998837212059496
32720,9.872012475403934e-05
32723,0.17647227850103453
32727,0.00030301719635690116
32731,0.000125669281851981
32734,0.9992737208518092
32739,0.0006328498971160412
32744,0.000438678990331136
32755,0.06655124773709993
32759,0.0014482713171809483
32761,0.23115515467826137
32763,0.22575401432258457
32764,0.0008065654736061351
32768,0.0008917889958931733
32771,0.9986051462284322
32774,0.0002654207491645663
32778,0.0033344245617578697
32802,0.9970682000665546
32803,0.0002013647701107435
32805,0.0007042447108025233
32808,0.9986250416966778
32809,0.0022052458791359244
32810,0.0010534777341573822
32814,0.00013670500289039963
32817,0.9986150679886043
32824,0.0002988315627266604
32831,0.9993073922169563
32832,0.0020351247806616236
32838,0.0014094574846528296
32863,0.999108346514532
32872,0.0004874495314618591
32876,0.9997120283268068
32883,0.999905515753945
32886,0.0009980905563257327
32888,0.9984826018165908
32889,0.00020077750338377059
32891,0.0002107529998476021
32895,0.0015772515298111739
32905,0.00044545932374795373
32921,0.001051248485630149
32924,0.0001430215846373775
32928,0.9997766549890053
32930,0.00030804902007247056
32942,0.00029944855842793606
32946,0.0004773647465782796
32947,0.0010527530596490277
32954,0.00047175099063604016
32959,0.006188581693546418
32967,0.22616402368765462
32978,0.00031966007170218405
32983,0.9995687549674959
32985,0.9948673183602355
32987,0.0013464616134726084
32989,0.000769254937802526
32994,0.9988922089684865
32995,0.0946345769361149
33000,0.9438162681259887
33001,0.00042594043116343626
33002,0.9972997637404881
33003,9.315064146976832e-05
33011,0.001327806224507608
33013,0.0004714398522433126
33021,0.22616074094976135
33023,0.9960664362159342
33025,0.0007146279920493328
33032,0.0011186389157803172
33043,0.998645237864474
33046,0.984212454901845
33049,0.9999132075191492
33054,0.002866587467055709
33056,0.006058339660525345
33063,6.0631813432616664e-05
33065,0.943139027381046
33069,0.2312822821505752
33073,0.001333095347657979
33080,0.9990804645935515
33098,0.00018719505000757634
33101,0.006472136536592682
33103,0.00038675535201139916
33104,0.0013347856649480615
33105,0.2336795148284603
33106,0.00034880271985719344
33107,0.0008321536225004891
33108,0.0008341315681914699
33112,0.001253342182696285
33114,0.0008126813313156729
33117,0.9929121105372893
33118,0.0014051318102551614
33120,0.00034744121938155257
33124,0.001689777174477232
33130,0.00038556954772591356
33136,8.826804192244036e-05
33137,0.0013763597862314241
33140,0.0014050584239404232
33141,0.010629142232280578
33144,0.001831373498957021
33152,0.0014315786211929876
33153,0.9986173639076616
33158,0.0003449285171650097
33161,0.23750327661741386
33163,0.00020834501733069233
33178,0.0048825842175246785
33183,0.2263533797569321
33186,0.037794324706909445
33188,0.0033447631689644585
33191,0.001203754356298031
33193,0.99656690481595
33210,0.0013756405255296595
33215,0.00014262789877341812
33219,4.79272117106202e-05
33228,0.23419717249782482
33229,0.0015852162007255423
33233,0.999253062271109
33234,0.0010638045078398702
33246,0.9999039746863635
33248,0.00047724180421277026
33250,0.0013360998596810979
33258,0.000771477130364351
33263,0.0006975773853028527
33266,0.01996464889652046
33267,0.0013300029905555474
33274,0.00033730234091850425
33275,0.0006966879998615981
33298,9.42905856697326e-05
33303,0.0004893323628775693
33307,0.0008072965270695705
33311,0.9986051462284322
33314,0.0015044597252046445
33315,0.00015258609942006722
33322,0.9972789008055055
33324,0.9988658095182146
33335,0.036099074882573606
33343,0.0008447466214360336
33344,0.9984914172763768
33349,0.0008550984586960396
33354,0.0004158893954467893
33356,9.222842708865853e-05
33357,0.0006987764805758616
33365,0.0007900206762985356
33367,0.9992021274805474
33370,0.00031966007170218405
33372,0.9994066442827695
33373,0.22616402368765462
33375,0.0001277126890493713
33378,0.0013392981701964661
33381,0.031452623829117864
33388,0.0004433399885102694
33391,0.00017409799510247848
33394,0.01422385983059582
33396,0.0003858052306443885
33400,0.9970289776814596
33411,0.001695132263502411
33414,0.00033657040717281186
33419,0.9965387827253478
33420,0.0017466103740781717
33424,0.2344029589311133
33428,0.22616074094976135
33434,0.0013634040269733352
33436,0.00043813199219580834
33448,0.00012588384737054282
33449,0.9987963329451994
33457,0.0003275536116721831
33471,0.9998888204323951
33474,0.0001854282172656799
33478,0.0010700803787119038
33481,0.00031823880194634715
33487,0.0004159733974879411
33488,0.0014037407642627027
33489,0.0003008777181297685
33491,0.00038017249717469065
33496,0.00013928811389899847
33497,0.9999208098795905
33504,0.23205063981404345
33512,0.0010464430983698882
33517,0.17340572955652953
33518,0.000273477704366728
33524,0.018516928279909965
33529,0.9981167404319122
33532,0.0006952652153043761
33541,0.000835688050365421
33542,0.22657127283688758
33546,0.22657127283688758
33550,0.0007407356956579873
33552,0.9969293855470478
33555,0.9944847240973979
33561,0.9977453296379274
33562,0.0006369329887037798
33564,0.00031966007170218405
33566,0.005836089353129698
33576,0.00020919349631414537
33582,0.9986141323239783
33586,0.0006966879998615981
33591,0.00015407601169794153
33595,0.008224281174523678
33596,0.9988731926687714
33601,0.001333095347657979
33603,0.00838366129222485
33605,0.0013807386841345405
33607,0.9440171500582123
33609,0.9984767842381782
33611,0.0002332860709885436
33618,0.0035836032588581444
33619,0.0010464430983698882
33627,0.0009943365803079963
33633,0.000847188159072244
33637,0.00048080123016691325
33638,0.0014079210772971577
33640,0.22584891729924114
33644,0.9438626733040606
33647,0.9440994292152037
33648,0.9992061331654692
33652,0.9993377867515089
33654,0.0009246691015325449
33657,0.0012050286231012487
33659,0.0003619206089636151
33662,0.0007945245231257439
33669,0.000475672859336912
33670,0.0012570110215114375
33682,0.0004585475316479409
33685,0.9985938880285704
33690,0.01060170489957436
33704,0.9991692465324256
33715,0.0036498912462599787
33716,0.0027666770595349338
33722,0.0008010687902251153
33723,0.0027017275717353137
33733,0.001792999195298407
33737,0.0004783523770525555
33739,0.024353367909996055
33740,0.9438417040931114
33743,0.001279747241983116
33747,0.0014988206986783364
33757,0.0008098628912237279
33766,0.0034586231448568375
33769,0.0010478153746551816
33783,0.9996376538103984
33786,0.9992174804423705
33790,0.9988917846395962
33794,0.9991548982024464
33796,0.9442332345038745
33798,0.9986150679886043
33802,0.9441399216225865
33804,0.2334037516018514
33807,0.997972712154517
33809,0.008142417890333063
33810,0.0019979330457817824
33811,0.0001003353640831293
33812,0.0014131002308162984
33821,0.00012811447195405329
33833,0.0014232462834741352
33834,0.22616402368765462
33837,0.0013748875716118494
33838,0.00168740902127314
33839,0.0007495366118885642
33843,0.0005977767800640066
33848,0.0008058777225548468
33849,0.00016833651153699378
33854,0.00014209987412113124
33856,0.00217859060871632
33860,0.9981717480350654
33862,0.00020826083321355483
33867,0.9749521492502445
33869,0.0011259719633833845
33875,0.000464502552856285
33876,0.001327806224507608
33877,0.003814036149242878
33879,0.00010183995641433587
33883,0.9988110601806842
33885,0.0012584797878988062
33887,0.9986150679886043
33889,0.9991119253826662
33900,0.9986146802480945
33903,0.00027744026721589785
33905,0.00021735876251940806
33908,0.999918772224569
33912,0.9988554390939568
33915,0.0004828090817651146
33920,0.9742269289877123
33926,0.0004047000840143097
33927,0.17747826659845603
33929,0.2336795148284603
33932,0.00047361137071037334
33951,0.0013694328630738193
33965,0.0001266326253899909
33971,0.00033414170332179895
33972,0.00014282644203375528
33976,0.00031710611716534665
33980,0.22601724241695728
33982,0.001406044658400723
33984,0.0007021663492745114
33985,0.0010464430983698882
33991,0.001260283276741809
33995,0.0048137331050043235
34001,0.99807308280733
34007,0.0013522846394636969
34011,0.0014025395150038735
34014,0.0014293069384780717
34017,0.0006533531834588031
34020,0.0007687546215149313
34022,0.9993069571301825
34024,0.00012829883847941854
34025,0.9986090462513629
34027,0.002573573608917029
34037,0.0013322091665977033
34040,0.9985431934684047
34046,0.9984927150373031
34047,0.00045416587990649047
34052,0.00048111269827669185
34053,0.006138631152060514
34055,0.05114902687417874
34056,0.0004771191851068039
34057,0.005124730650305437
34058,0.021957325792572528
34059,0.0007712741108100739
34061,0.0007669559750051303
34067,0.0016642482199055125
34070,0.9967769223627079
34075,0.23163315307971089
34077,0.0009770880092215277
34084,0.0050410439523407465
34088,0.945003251570581
34090,0.0027264357825426684
34095,0.23492172791525795
34096,0.0003829854674178479
34098,0.0006919229471804121
34101,0.002191832980491417
34102,0.0012720592266339153
34106,9.43972797877549e-05
34112,0.0013923905519389005
34115,0.003994392348913577
34116,0.00033602944482697355
34117,0.0026575110413986007
34120,0.0005682947247973503
34128,0.0004642554157577296
34129,0.9996063014940575
34139,0.9915571114052246
34140,0.00017459950297500767
34150,0.9927338618756044
34152,6.201352611320169e-05
34155,0.0010501479945533093
34158,0.0003478881185184214
34159,0.9989627175495409
34165,0.0014619625347856398
34167,0.002706598141528008
34170,0.9988619673744726
34171,0.9977595596403156
34172,0.8701378404973042
34176,0.0014242664267597742
34182,0.0014078460639204598
34184,0.03629478149350312
34187,0.0006966879998615981
34191,0.0001582459637968696
34195,0.9988922089684865
34198,0.0013889207357647738
34202,0.0014878191199900633
34209,0.0014902526200523188
34216,0.00014361502629897001
34219,0.00017296330136417812
34226,0.00012572651944680683
34227,0.0013345187568387712
34229,0.0008236510060016151
34231,0.9991454470738245
34237,0.000771058971623664
34242,0.0009759251483141696
34250,0.0005010118925034165
34253,0.22616402368765462
34257,0.0001018128200263446
34262,0.9986278215642707
34265,0.0007451756502883842
34266,0.001662227154293654
34274,0.001070309202277685
34280,0.002874223293308115
34281,0.0038982323600143145
34283,0.9988554390939568
34296,0.9934575791225263
34300,0.0010464430983698882
34302,9.966182127206336e-05
34307,0.000439347023034986
34308,0.001128068214592131
34310,0.0010599896582674376
34311,0.0007158915692103695
34314,0.001223821738525839
34317,0.00048154162803865726
34333,0.0242666484493299
34337,0.001342778968241716
34338,0.049055665610727855
34341,0.0002772433434527124
34342,0.0010739056390038435
34343,0.001432778298449394
34345,0.9944718514131606
34346,0.9986088158234899
34351,0.0014212364422210746
34360,0.00020919349631414537
34363,0.9990584791452685
34366,0.002178928419834957
34369,0.9977622411685758
34371,0.00031335798304302334
34372,0.2336795148284603
34373,0.00047946847440056596
34375,0.22616402368765462
34376,0.0008190296171959098
34385,0.0010884090833179045
34388,0.999917632117702
34394,0.9436395356672793
34402,0.0011080821259215384
34403,0.9992539548295623
34406,0.002199754359017306
34408,0.9986236033432372
34410,0.009281110575201415
34414,0.9996409732819818
34415,0.00031066445729575025
34416,0.002266219843983269
34424,0.9988330277221058
34426,0.9976596289395253
34433,0.0013360998596810979
34435,0.9983249129342294
34441,0.9984297760001258
34444,0.9973505109472226
34452,0.00330300283581025
34453,0.998573734809393
34455,0.0013796910089343697
34456,0.003366472190870179
34459,0.0012228839911134486
34460,0.001051248485630149
34466,0.0014124202986450715
34467,0.0002725776164725573
34475,0.00015365087017163366
34476,0.0013345187568387712
34481,0.9966500565765672
34494,0.001702240367934249
34495,0.9984865060200966
34496,0.0010991764202103753
34498,0.9970312043244436
34500,0.997018844808916
34502,0.0002082016192740154
34507,0.0021713905496160858
34508,0.0004075124965474106
34510,0.00016342619058686816
34513,0.001976648966342656
34516,0.9973017113873325
34519,0.00020653672025159128
34520,0.9942452897875439
34526,0.00010178838695100953
34529,0.9915060118711501
34536,0.0060684985183281645
34539,0.0020191981864457562
34542,0.001561711593019188
34544,0.0016353705530235624
34550,0.9990592515682414
34557,0.0004407814722991216
34571,0.00033526076415312726
34575,0.9991463534571191
34578,0.0007628747044915735
34586,0.9975306986161991
34587,0.9951916587397233
34594,0.0021807499381924726
34597,0.005986794702614783
34599,0.00033759793541229084
34601,0.001392983983238067
34611,0.04753631739454603
34614,0.001453004230480443
34615,0.0003946427142614292
34619,0.943151798743675
34621,9.176459494681788e-05
34622,0.0006986763636347407
34623,0.9948691571248683
34630,0.00031823880194634715
34643,0.0002128935922103174
34646,0.0006322951995926206
34647,0.0010606930865641913
34652,0.04757502370362099
34653,0.0004874495314618591
34654,0.22657127283688758
34655,0.0010568227369276986
34657,0.9992587865927287
34667,0.00047967642265628953
34670,0.9992008415752769
34681,0.001927889972326905
34682,0.0001700116112378103
34684,0.01960917409472575
34688,0.0007359693714270704
34690,0.9990247626493131
34693,0.0003060436739026612
34705,0.9997896694068856
34715,0.0015724639298693563
34717,0.0004339719116716131
34718,0.0006306799618796721
34719,0.0013944865862715189
34721,0.0001433323489398706
34722,0.00019194153387160995
34727,0.003986776690475043
34729,0.0006977610194942836
34730,0.999214941707498
34731,0.0007712741108100739
34733,0.0007687546215149313
34734,0.9928079434793134
34735,0.001519035201320139
34736,0.9986711413909504
34738,0.9988616522773722
34743,0.0049955700850463644
34748,0.0012345772905321163
34753,0.9989059165499602
34760,0.0007483840311752833
34765,0.9942742363455944
34769,0.9985730076494048
34773,0.001635408240507308
34778,0.0009561559421672951
34786,0.9986250416966778
34788,0.998438358934622
34792,0.0010703986147962705
34794,0.9942831124001149
34810,0.0002900504847553046
34815,0.9980515216886168
34816,0.00037624186886176105
34822,0.000837239359908258
34824,0.0010470953211026434
34830,0.0015623698708997027
34836,0.9988668125100868
34841,0.005341075697473945
34845,0.9982047490928793
34848,0.9436689552719975
34849,0.00034235378700109265
34851,0.0011201129580042095
34856,0.0013769570660186728
34859,0.05227311742562847
34862,0.00012911663331677058
34864,0.003993136640779997
34865,0.001636324362080755
34870,0.9986148385569192
34871,0.24019996031353313
34876,0.00046648947557831794
34886,0.00031800205123983096
34889,0.0035537871303372498
34890,0.0026189016548672857
34891,0.002589550769817446
34895,0.03684545388933726
34896,0.0013504786662706242
34897,0.001073358702036615
34903,0.0004326882455892043
34908,0.9977772298666752
34909,0.0016661890018826542
34914,0.9997720102941405
34917,0.0013354064721763487
34924,0.0004625271590376441
34926,0.0026051525249248114
34934,0.0004298711696596554
34936,0.00993399070391067
34938,0.0014761958619831947
34941,0.0009382439150532872
34948,0.002177881404792472
34957,0.9978174300089245
34961,0.0003642068603906053
34962,0.0007687546215149313
34966,0.9998874132983984
34968,0.001472475596410886
34969,0.0001671917204377225
34974,0.0006966879998615981
34975,0.9936426946316526
34976,0.22616074094976135
34977,0.000273052079060628
34982,0.0010703986147962705
34988,8.558808638307855e-05
34990,0.9985194825440525
34993,0.0014795914309081485
35024,0.0025791380821104737
35027,0.0014083542789360148
35034,0.009091695729408622
35036,0.0034052625741372165
35051,0.0004953815163992465
35053,0.9927498262158888
35077,0.024322216555151467
35080,0.0009945691346464666
35083,0.00044347744874766854
35084,0.0026034271767405273
35091,0.002741738405482855
35104,0.00020462806734154523
35108,0.0002997487846108829
35117,0.9996550227332934
35125,0.0009728129938021806
35128,0.0015135008111302616
35132,0.049224825844109886
35134,0.0014548577165559163
35137,0.9999133413946015
35140,0.0017758087700145064
35141,0.0011744535160556604
35146,0.0006875260918454071
35147,0.9993483690762258
35150,0.00031913016975200286
35153,0.03310316281146423
35164,0.9986290021442883
35165,0.9999058693609757
35168,0.001333095347657979
35186,0.999789586752168
35187,0.23276808599113297
35192,0.0017825049231533917
35195,0.0013834562216302432
35198,0.0007161681848807828
35205,0.0019699606059637676
35206,0.9992616253557479
35210,0.0014146297130579943
35214,0.0003427272240935597
35215,0.0003028566808879408
35219,0.0324071035854402
35223,0.0329096777471297
35227,0.9986150679886043
35229,0.9991468719513982
35232,0.0027478965205627215
35234,0.004175053562474708
35235,0.00020103101496759157
35247,0.9982099721259875
35251,0.23750327661741386
35254,0.0013892014678099985
35258,0.0007712741108100739
35260,0.008265065741976685
35261,0.031910730198682354
35262,0.22657127283688758
35263,0.0010515251242219138
35264,0.9971577879089288
35265,0.997688884846574
35270,0.00020196590684270645
35272,0.22858939050808388
35283,0.0010478153746551816
35286,0.9986225556061034
35308,0.0008476290588073953
35311,0.9990551339318156
35312,0.00010099086763527345
35315,0.9966145812570598
35319,0.05155550082916387
35321,0.9953385804705376
35322,0.00038806980616049004
35323,0.1720643379438703
35330,0.0012440603313785812
35335,0.0003030809810600829
35343,0.0015875183458144621
35345,0.9985990814115188
35347,0.00020080505730099744
35351,0.001376953741713705
35352,0.002039694754779116
35358,0.9986150679886043
35361,0.9453424292943235
35363,0.0009949391014338713
35365,0.001048379449698907
35368,0.024563836255701178
35370,0.9992666279067197
35372,0.004504027096170069
35376,0.002607710886397447
35382,0.0015592044439373853
35385,0.0014027669815895017
35386,0.9827685257794144
35388,0.0011317639717975667
35392,0.0045038005414696205
35397,0.23419717249782482
35401,0.0009703936744732422
35409,0.0004997759449976836
35411,0.001379006304219005
35415,0.001375744143421972
35417,0.00035799123991287797
35420,0.9983695394994028
35422,0.9990253968039873
35434,0.0014529531307316851
35442,0.22657127283688758
35445,0.0006188337749306974
35448,0.001294072178469684
35454,0.014254127474169563
35456,0.9978019700533513
35457,0.0014212364422210746
35464,0.033275912890943365
35467,0.9993073922169563
35468,0.0009559043695959593
35473,0.9796089353264646
35475,0.0014658256216448912
35484,0.006483810396135971
35487,0.0004850836373608636
35491,0.0009433068430287868
35493,0.23279735625649803
35494,9.275945657373606e-05
35508,0.8669402747265158
35517,0.9991119253826662
35524,0.000698492488714771
35525,0.0002009141648999987
35527,0.0010464430983698882
35528,0.0016806740156812563
35532,0.0006067694159060459
35536,0.00012632464286864968
35537,0.00012619998905789203
35544,0.9981484021639182
35546,0.001375113796625456
35550,0.001326923554743817
35561,0.0006973494338747249
35563,0.9999128526485164
35566,0.198576540305302
35569,0.9782717359238564
35570,0.2336795148284603
35576,0.9970588076157986
35578,0.23214266769979172
35581,0.0014838455200156238
35583,0.0017363283826558132
35587,0.001333095347657979
35589,0.00021746659516097978
35590,0.9970395731967574
35591,0.9458040129078595
35594,0.0014002029639938653
35595,0.9985758113591313
35600,0.0010501479945533093
35601,0.0007356397550538893
35605,0.0009849372860514824
35606,0.0003182827610352662
35612,0.00031802703645052453
35613,0.0007030566532787917
35622,0.0004705813191982011
35626,0.0007010551008161693
35633,0.0013620858330090969
35639,0.946663583062285
35641,0.0005058448569324608
35650,0.0004384010629467846
35652,0.9992616253557479
35654,0.032434979864805036
35656,0.999269317073611
35657,0.0015704896964178236
35660,0.0006512745022379119
35664,0.00012641633637804618
35667,0.0016381433373246813
35673,0.0005172020925311896
35674,0.00011049641684542533
35677,0.001104164090389858
35678,0.0005454071640015117
35682,0.9954957257601585
35683,0.0023303945055324618
35685,0.22657127283688758
35687,0.9984721920737462
35689,0.0028571768422346096
35690,0.0012146766829407778
35692,0.0001641551900694895
35701,0.9992009293177337
35702,0.00822514218518988
35703,0.0001016450479289602
35707,0.9992238931926994
35713,8.659842806749383e-05
35716,0.000628352117228368
35718,0.0006254311173522923
35720,0.9970400572697066
35721,0.9954613328659703
35727,0.003544852655056605
35728,0.9985758113591313
35738,0.0006976019373648895
35746,0.9435370167272088
35753,0.02526892576629375
35754,0.0008326784417701858
35755,0.0008376698211943433
35758,0.00048111269827669185
35760,0.00012851647077209835
35767,0.002691484975509081
35778,0.0010843481646587742
35786,0.0015953553216968136
35796,0.2324605716649962
35811,6.21796939891545e-05
35814,0.0014426417067133052
35816,0.9993057045843381
35824,0.001426708495795115
35826,0.99914706867678
35827,0.9985758113591313
35829,0.0014251901677744534
35832,0.0004539793410095326
35837,0.0006966879998615981
35843,0.9433683742318594
35844,0.0036367670285084334
35845,0.0002179080401054831
35848,0.0013357577876434072
35861,0.05022262846729713
35864,0.004751624227145295
35867,0.0007158915692103695
35870,0.9992228350906702
35874,0.9986250416966778
35877,0.9987534996509103
35879,0.0006998527145761828
35883,0.002874611701917932
35901,0.23408871549917176
35902,0.003043045049138611
35905,0.0014171355689604063
35908,9.085111656991824e-05
35912,0.0014120944961045492
35914,0.0013691330536108326
35916,0.0010950111592659018
35917,0.9991454470738245
35919,0.9992642346478496
35928,0.0007340870547723092
35929,0.001128266723528221
35933,0.9981381567236378
35942,0.2344029589311133
35945,0.0003369915252155015
35955,9.390124171754577e-05
35962,0.00014080161383046123
35969,0.0014629338848567224
35972,0.0019475101137874568
35977,0.0014435653822099453
35986,0.017645781659338295
35988,0.004913262527882185
35989,0.0014106548353336689
35990,0.9992475635506963
35991,0.00080556393494921
35996,0.024322216555151467
36000,0.00048630977003439485
36009,0.9986511031320976
36011,0.00031987292424352906
36012,0.000149814775954868
36013,0.0014068190724576377
36023,0.000947273623376115
36025,0.0008357164895436442
36026,0.0016246027876336791
36027,0.9927545110975889
36031,0.9942139495068966
36032,0.0022231413357316305
36041,0.00014236784609503812
36043,0.0005073082958249347
36050,0.00015141151054952549
36052,0.9989418548290284
36053,0.0007154138793939134
36061,0.9999041138719997
36066,0.0005803280303690144
36074,0.9990253968039873
36075,0.0002709734833522498
36077,0.0002724337824632537
36092,0.0016444973130404562
36097,0.0021961454739587356
36098,0.0013440334615720244
36099,0.0004544339558784427
36101,0.9954485285887839
36104,0.0026565909657271214
36107,0.0003119181303580943
36108,0.9927398371910668
36110,0.17290651831540302
36111,0.9987131133755668
36113,0.00013628067393438233
36117,0.00027474836336293106
36123,0.9975259612555746
36128,0.0003558274617439979
36129,0.0002749314790530919
36131,0.9999187701624795
36140,0.9992639122615118
36142,0.0007067158972347171
36146,0.2344029589311133
36149,0.0006271997363945167
36151,0.001702257772199196
36152,0.0003603417661184392
36153,0.00013458930048996815
36168,6.51374589822426e-05
36178,0.00020196337911097364
36181,0.01960917409472575
36186,0.02479947869233711
36191,0.9988465345304379
36193,0.0004841512819274362
36194,0.0014171355689604063
36197,0.0009823722118659953
36204,0.0003062288824342783
36207,0.00014954209621743627
36208,0.22657127283688758
36209,0.000740211965019346
36211,9.96947518568804e-05
36223,0.9441979512915524
36225,0.0016730417680409203
36232,0.00039972380368509644
36246,0.0004587358096893053
36250,0.000993243662906631
36255,0.0012876281028596055
36262,0.2336795148284603
36264,0.000701201627381332
36268,0.0014409114503831492
36277,0.0006193809967158483
36278,0.0012281422007535557
36296,0.00037976661305321564
36300,0.0002742370132198508
36302,0.004033255388375744
36305,0.0013891878033095572
36308,0.0008088782609951628
36311,0.9944457302924543
36314,0.9986150679886043
36315,0.0015429665240240483
36316,0.0012599749610718873
36320,0.23069519703894745
36321,0.00034850091196813904
36327,0.8629917813754538
36329,0.00031802703645052453
36333,0.23750327661741386
36341,0.0003195537255351571
36346,0.00015262769076843208
36349,0.0021292694564890515
36352,0.001201997104495668
36355,0.0007687546215149313
36361,0.001428340536369393
36373,0.04104334603620664
36374,0.0001635818841866132
36376,0.0036418253214951695
36382,0.0008221705632570829
36396,0.0008027211772812175
36398,0.00015367588258749236
36407,0.997018844808916
36411,0.998805247068001
36412,0.0017469314869646892
36413,0.9999121109521351
36416,0.00012910390746566908
36420,0.0004832176766555028
36423,0.0012674192035944146
36447,0.0002018334887145647
36449,0.0001629954154986666
36451,0.003989210082873675
36454,0.9953322397970595
36459,0.00026994350745705156
36460,0.0006972418334771508
36461,0.9942742363455944
36471,0.00045330882597618364
36472,0.04836903520447904
36477,0.9983401532435437
36481,0.003467890154696155
36487,0.00038721555627457593
36490,0.036099074882573606
36491,0.00043453692857350754
36498,0.997684077544913
36504,0.0004841599136581199
36510,0.0003166505470228277
36517,0.001443368728885193
36520,0.001419795464062328
36522,0.0010498717178804523
36526,0.0026045658157917793
36530,0.001047006435444386
36535,0.0015666328946761722
36537,0.9986148385569192
36539,0.9783297511429002
36541,0.9993310144526354
36544,0.019783529552612554
36546,0.998892929221571
36547,0.0003487974822729612
36553,0.00031950792554199115
36555,0.0006211431603134635
36560,0.9990555480357294
36565,0.0004461959565665683
36570,0.00048741736575105246
36572,0.2336795148284603
36574,0.0010829642385075905
36583,0.9992011864098008
36589,0.0020680302095237046
36590,0.0005405267986674237
36597,0.0003485499764700257
36606,0.0016415147955081725
36607,0.0007669559750051303
36608,0.000295285883602943
36614,0.0010899599989425692
36618,0.0010464430983698882
36619,0.04624620929328911
36627,0.9986225556061034
36630,0.0016600324374479605
36634,0.9928735368996455
36641,0.9986044350607051
36645,0.0015349358410188746
36646,0.0009539414195566688
36653,6.113477759523458e-05
36656,0.0027610635253935128
36658,0.00047805522522856325
36661,0.0006966879998615981
36669,0.000273477704366728
36672,0.9946526579298973
36673,0.0011625126123797687
36680,0.001347702300941357
36683,0.9997752504766433
36684,0.0013357577876434072
36689,0.019706361272111856
36696,0.9735807007363576
36699,0.9990482104886051
36705,0.004754948691768455
36706,0.0014379011553039857
36713,0.0026510201576474537
36716,0.001327806224507608
36717,0.0014086027731200796
36721,0.9992312893243199
36729,0.999096978004337
36730,0.00030387674187477994
36739,0.0006966879998615981
36740,0.9871104061138182
36742,0.06700390012104888
36749,0.00043303063735103213
36752,0.008939684289525941
36753,0.002601805369370915
36754,0.00012393115053675036
36755,0.0025973708797850693
36758,0.0013360998596810979
36760,0.0005953744067835864
36766,0.0012227561795444466
36768,0.0016585325737865735
36769,0.00031707509505408835
36770,0.9988776914676549
36787,0.0016513648246957177
36792,0.001053017831449094
36793,0.0004912838797354899
36795,0.0020643215859565286
36797,0.24072727239808026
36801,0.0014301910173905668
36802,0.0014374947574674192
36805,0.005326324231178138
36812,0.00033403911611009344
36817,0.020217381621404303
36819,0.0010248062037890933
36821,0.9987942719796166
36822,0.0007415961089447381
36829,0.005532994794949883
36835,0.0013354064721763487
36836,0.9988834000415925
36838,0.00021732074997789783
36843,0.7446532271059757
36845,0.006166875223519357
36846,0.0007899107414686097
36849,0.001380740364277015
36850,0.000465008041173159
36851,0.9992830370778388
36854,0.00048107274916454396
36858,0.998573734809393
36871,0.0003682431607351844
36874,0.0013857308011266053
36876,0.0007031832521980102
36883,0.0003738238986964586
36888,0.9975066628021143
36895,0.9971571787966198
36899,0.00045231844772786574
36905,0.000438405918891519
36911,0.001537688748693657
36914,0.9985758113591313
36916,0.001455871392418218
36918,0.0016455054882978568
36924,0.00021283514711754612
36927,0.9987548113109521
36930,0.9917838048498141
36932,0.9993039880907313
36934,0.9991604776327193
36938,0.0010776992622207066
36942,0.0011052104488201418
36943,0.24989769627650454
36954,0.00042990107722713983
36961,0.0010641363645158258
36963,0.0013288540810732347
36964,0.031557373430615245
36966,0.0001274905287721359
36969,0.0004874495314618591
36974,0.0010600480961775803
36977,0.002888698328911821
36990,0.0008353500221944583
36993,0.001461252679248876
36994,0.0011151007346656104
36997,0.00047830157722544825
36999,0.03419028037618402
37004,0.0003189178113029457
37009,0.0006096189875894127
37014,0.9985758113591313
37017,0.22657127283688758
37018,0.0007151397466134767
37022,0.00040527638139481556
37028,0.00014739723025079636
37032,0.00019537745882546568
37034,0.0007822980258422597
37038,0.0007687546215149313
37039,0.003951450416266414
37045,0.0007121604451603011
37048,0.03696536747958647
37050,0.0010518989158008452
37053,0.0010515251242219138
37054,0.9986150679886043
37055,0.00016543779848229406
37056,0.003955548916264963
37059,0.001509069306350306
37063,0.0004950434455308015
37065,0.031631532540750816
37068,0.001254123744167288
37072,0.002023984839905835
37083,0.0021264340446249318
37088,0.24019970819324146
37090,0.00038427565994865747
37093,0.9986511031320976
37096,0.00446840933113966
37100,0.0004919916765589767
37102,0.00020077750338377059
37107,0.0009507473196985674
37108,0.9986150679886043
37118,0.0010228148230612864
37120,0.001105455984851117
37122,0.00016450659201280477
37128,0.0015341829099947937
37129,0.9997766787022498
37143,0.001378075380958922
37146,0.22657127283688758
37155,0.0010833037614378677
37156,0.9998717022626978
37162,0.0010542324883082044
37166,0.23205063981404345
37169,0.024322216555151467
37171,0.98110146836495
37178,0.0004540148083507719
37183,0.0006735213565813275
37185,0.01171172674676885
37195,0.0009945691346464666
37197,0.9985758113591313
37200,0.0005992393799540349
37205,0.00014611906105902662
37206,0.9992615044913079
37208,0.0050984102979854005
37212,0.0009508290671455808
37217,0.000698492488714771
37219,0.00020874510664769616
37221,0.0008481693417697467
37222,0.0005486370968665077
37227,0.0016690492552193595
37237,0.0002091530254426572
37238,0.00012669694578351803
37255,0.00037833652189684345
37259,0.0003399591900191153
37260,0.002141517480825001
37261,0.0013387682921931767
37263,0.001462929527448731
37267,0.0013864201353538466
37270,0.0017963050833333773
37273,0.00016107939435970714
37275,0.9990885068611484
37278,0.9990226016463437
37279,0.23419717249782482
37283,0.00012544623343303766
37286,0.2343670686352531
37288,0.00015348241154627553
37289,0.0009991888016804879
37290,0.002579310509961716
37292,0.001512363906756231
37307,0.002707456050926048
37313,0.9904929698190871
37316,0.0012690750333695382
37318,0.0014169036858882877
37319,0.0006716017532816068
37321,0.0012372606977058358
37322,0.00030233575606598476
37333,0.000804573157881506
37343,0.9973875501131438
37344,0.999025280608311
37346,0.002914249264668599
37355,0.0009394918462390333
37362,0.0013866710285717829
37363,0.9992803349216101
37365,0.9965780681130287
37371,0.00031802703645052453
37386,0.0014027669815895017
37388,0.0006977473254203455
37389,0.9984359321690478
37393,0.002001248067623481
37397,0.9986290021442883
37398,0.00033547123799262095
37400,0.001194034835939875
37401,0.0003031161661566566
37402,0.00044906695259841646
37404,0.9999121485473146
37405,0.00015998355544772386
37407,0.0028261652863176443
37418,0.0010873058437337636
37420,0.0015726042330407
37421,0.9996569532575508
37422,0.019780593958994192
37429,0.000771790530804219
37432,0.0004912881277192334
37439,0.9970400572697066
37443,0.03206884651645442
37446,0.9456502705979688
37455,0.00020196337911097364
37460,0.000947273623376115
37463,0.003558738730743134
37467,0.0012290546792933284
37468,0.0010595001262270816
37470,0.0014511020675689352
37471,0.9988922089684865
37476,0.9992551686555763
37481,0.0011151007346656104
37482,0.0010838726326008858
37483,0.0010522158622367592
37487,0.001096063961421878
37493,0.000439363504257238
37494,0.9977926960525737
37501,0.9978287154551478
37505,0.00030603682446871014
37519,0.23231651120501481
37522,0.0010054072453833315
37525,0.0004808964960648889
37541,0.976151806978573
37544,0.0021955300701185184
37546,0.00015451446167417683
37553,0.0007669703499864773
37554,0.22890387907949092
37563,0.03683920300906116
37568,0.0003780975797048644
37571,0.9454634709471909
37573,0.22616074094976135
37574,0.0013889083302361454
37579,0.0015267804405354084
37582,0.05758485096413332
37583,0.03703603760126128
37594,0.03400803593646752
37597,0.001327806224507608
37602,0.9984790017266675
37608,0.0013357577876434072
37609,0.0023068581411274025
37610,0.0007169879786684481
37614,0.0010013071501998496
37615,0.0007295370697389793
37616,0.0002161962730158143
37619,0.0009526265644669518
37622,0.001443650040452344
37643,0.0006490747329958239
37646,0.9964513679302412
37648,0.0006966879998615981
37650,0.024562154173225322
37651,0.0007360989326132496
37656,0.001333095347657979
37661,0.0015373440665922805
37668,0.9986225564241288
37669,0.0002660895930010051
37674,0.01681969486051125
37675,0.0004625271590376441
37677,0.0003834096040547975
37678,0.003518806318994342
37679,0.0013998361044920199
37680,0.0010176138107057498
37692,0.0007280472492937065
37698,0.0006952652153043761
37699,0.0015135008111302616
37703,0.0014155635788071002
37705,0.00015157392731927948
37710,0.9986143905357386
37713,0.0013641974910802213
37716,0.0010464430983698882
37719,0.0003790475396802912
37728,0.0021528049517663484
37729,0.9993042072751286
37731,0.001372547219897468
37732,0.0006976019373648895
37735,0.9989194508573708
37736,0.0015136785892474157
37739,0.000625654884937086
37741,0.9945822149335691
37752,0.000377746139224284
37760,0.0009756683793802104
37767,0.005843305023675665
37773,0.9992988350909066
37774,0.0008132561957105819
37776,0.000769254937802526
37779,0.00039782485194412063
37780,0.9992997673814143
37781,0.0003352952488440119
37782,0.0005508095730014146
37785,0.0016060071334885807
37786,0.001056384357674219
37787,0.792736597168442
37789,0.994440742254784
37790,0.9995069027605834
37801,0.2336795148284603
37804,0.0001519327366538233
37806,0.0019778041949242765
37812,0.0003353412065142986
37818,0.9986146802480945
37824,0.001093019335000773
37827,0.00038389803178275284
37835,0.0006966879998615981
37836,0.024532033202541458
37851,0.00017673815887257044
37852,0.9996543867867794
37853,0.0002084337797319735
37855,0.0006800945713927379
37859,0.0002018266987975152
37863,0.0003163505215530493
37866,0.9996551527510623
37872,0.000997549690404338
37873,0.0006975773853028527
37874,0.999292058059782
37876,0.0007066985531034546
37884,0.0003432123896550278
37890,0.0001671941580782818
37891,0.9993202116322307
37894,0.0025839746848864
37900,0.000507423330254826
37901,0.9983296720646201
37902,0.0014377729662385652
37903,0.00033110975778566067
37909,0.0004562400939140523
37914,0.0059825866308647144
37915,0.9993056839825283
37919,0.0013934727958434547
37920,0.001444467911008638
37923,0.998036487120302
37924,0.0002387311805860771
37930,0.000491340854686581
37936,0.9981745900884916
37937,0.9955887905578863
37940,0.9992287296982357
37944,0.0009410258148258224
37956,0.9986150679886043
37959,0.0005685166138751005
37964,0.00027744026721589785
37966,0.9970435833396534
37969,0.0001339235612753992
37979,0.0010452471797766732
37981,0.0003096337848940362
37983,0.0013755453232607133
37988,0.00021283540640743733
37991,0.0007912076283383263
37995,0.9985173239855781
37996,0.0002084337797319735
37998,0.00012691815049867364
37999,0.0014171355689604063
38001,0.001279993175453764
38002,0.0242666484493299
38007,0.9737975463045185
38011,0.0007295370697389793
38016,0.0038245383148846905
38017,0.001419795464062328
38020,0.0017775930126543498
38027,0.0007306474416473235
38029,0.0011326950023623427
38033,0.9992179810030387
38036,0.0003831374933574462
38053,0.0008011085783030556
38055,0.9970312043244436
38060,0.999308208254802
38062,0.005357733223739979
38064,0.002717810836601714
38076,0.0004500108708235067
38082,0.0010779892223710783
38086,0.0005935814633256288
38093,0.9991450530638639
38095,0.0012618059684052665
38097,0.9985750852563301
38099,0.0017309263015554035
38102,0.0007055797716510192
38108,0.01996464889652046
38111,0.0009567846890589443
38114,0.0008321800873671592
38116,0.005012375422977168
38117,0.051114991183358466
38120,0.0007400816804321923
38124,0.00047150757421798243
38135,0.003779607406193997
38145,0.999263726970021
38149,0.8024232563516499
38150,0.0004790969512275573
38152,0.0015665240330247022
38153,0.9996298502349108
38158,0.9780821769545438
38161,0.9986137426461222
38178,0.9985758113591313
38179,7.78129915733073e-05
38187,0.0006828084529458764
38192,0.0028775705238929536
38195,0.002561165226577336
38198,0.9985325903156814
38199,0.0006991751857918094
38204,0.001534201731708133
38206,0.9993036523013412
38217,0.0008072129117557272
38220,0.001132061774223842
38221,0.9972985216492006
38230,0.0014085345121767968
38234,0.22616402368765462
38244,0.9972660106098005
38246,0.0008332182127838957
38256,0.23328682997639552
38259,0.003115053135415274
38261,0.0001664580975063372
38263,0.0027269447610728456
38269,0.0012191244277536283
38275,0.978400840126094
38277,0.000481494636641678
38279,0.9984566043907165
38280,0.00634194209313838
38284,0.0005969504131077016
38287,0.0016846805223957912
38291,0.00031086847929926467
38292,0.22616074094976135
38293,0.998573734809393
38301,0.9989232979449342
38302,0.00031966007170218405
38306,0.0014667610237057164
38307,0.999107689212978
38312,0.0003281433653432427
38315,0.0010501385729682277
38319,0.0009933531079239332
38326,0.9434681076062907
38327,0.00045949302308857397
38329,0.0003033156951641165
38343,0.001216830928283591
38344,0.031910730198682354
38347,0.17614388095536176
38353,0.0013308987936704712
38356,0.0012458213195727472
38357,0.001112382650254483
38361,0.23328682997639552
38362,0.23750327661741386
38368,0.0004316039774434882
38369,0.0027803622233155334
38371,0.0034101197861125445
38374,0.0004514866473909561
38375,0.0003633893119830463
38377,0.0031831390847041636
38378,0.9985758113591313
38380,0.0033925291975149714
38384,0.0005684143332029923
38387,0.9950813518673503
38390,0.0003834129196399753
38391,0.002725035778670174
38392,0.05947933650324187
38408,0.0005825473647170201
38410,0.9965196139769538
38423,0.23477098724250173
38425,0.0008371981153085633
38426,0.001385674267247363
38428,0.0003077012655813767
38431,0.9975427833932323
38432,0.0019010262694785346
38434,0.00021283514711754612
38435,0.0031323777778742077
38436,0.9991521365331878
38438,0.22709659507387725
38439,0.0014131002308162984
38440,0.0013476472728503359
38445,0.0015830106017404339
38447,0.0242666484493299
38456,0.005915915781558236
38463,0.9998986924687175
38475,0.00020056854188639864
38479,0.23288687257157425
38480,0.003707604900335826
38484,0.9946941625961293
38486,0.0007494712748985762
38487,8.647743141691827e-05
38497,0.001655179551928747
38499,0.943412999492978
38501,0.003684012098132669
38502,9.996436832201679e-05
38507,0.9987821171421936
38512,0.00043011187550839354
38517,0.0006067694159060459
38527,0.0010498717178804523
38530,0.00010197369073500028
38532,0.0010459989138705947
38533,0.00012669479629958826
38535,0.9990115496195097
38540,0.0009532668181600484
38541,0.0004510390160685353
38547,0.0014599497281557953
38555,0.9988886810585282
38561,0.0003033838939928954
38562,0.0006966879998615981
38563,0.00014488378835264903
38564,0.0013397594569352074
38565,0.0012258230749640304
38566,0.9928476499727915
38570,0.0004720252438382299
38580,0.00031966007170218405
38583,0.9986131005470761
38585,0.0025987163038869512
38586,0.0006469543789893422
38587,0.00030309729780200886
38593,0.0003921042672760696
38594,0.0010501479945533093
38597,0.0013807386841345405
38598,0.00017204772270071878
38600,0.09186008517839735
38604,0.0016419673311179818
38607,0.00013524293188226335
38608,0.001503385786190705
38610,0.00016505897579556885
38617,0.0014690917611531202
38621,0.16893555293143384
38625,0.0013347052783396949
38630,0.00019168221306005944
38637,0.0009821625909207184
38649,0.0007735860072678485
38653,0.0016661890018826542
38656,0.99921181063249
38662,0.9970349983837832
38666,0.008984784596696554
38669,0.2311552425744935
38675,0.0001420119533112733
38680,0.24072727239808026
38686,0.0007067158972347171
38687,0.9946551087873088
38689,0.002169740037618141
38690,0.945522704788552
38692,0.0016381433373246813
38710,0.9927506170996565
38712,0.9986142505465007
38719,0.998573734809393
38726,0.0014482713171809483
38732,0.0014276286910419632
38742,0.00103035309407043
38743,0.9997905354080578
38744,0.0021844333374559746
38749,0.0014039287475741719
38754,0.00031008737230655637
38758,0.9971544756588371
38759,0.001339273501067927
38761,0.0004921122586783726
38765,0.0013322091665977033
38766,0.01996809586146814
38767,0.00043662829194555946
38773,0.9985758113591313
38775,0.9988467512027954
38778,0.016552983437871104
38781,0.00920986834269003
38784,0.0013354064721763487
38787,0.0002009011313095166
38789,0.017959316119490972
38795,0.0013777027248993128
38797,0.0013307988318624966
38798,0.0011096921891683219
38801,0.0009472774326624179
38803,0.00045628277636325924
38809,0.9958555729931965
38811,0.0007304683593448643
38812,0.005303949391638603
38814,0.0009428449414669997
38822,0.9426601348148932
38831,0.0010464430983698882
38836,0.007834198574570515
38837,0.0006352260414048346
38840,0.9986290021442883
38841,0.0025699577780240648
38843,0.9983775874177464
38844,0.9873464187497424
38846,0.9993076724754563
38848,0.00015248715581635562
38851,0.0006691327239939027
38853,0.9968689054085735
38855,0.0012409522251701727
38864,0.0012472268892652243
38870,0.0013238454952592227
38871,0.23541254908376777
38874,0.9985921748732034
38880,0.0002913016262463167
38882,0.0015815745644356754
38891,0.000647766490234074
38896,0.0027650783592879057
38899,0.0006061076224793867
38901,0.00033436445672549436
38903,0.037287338445433055
38904,0.9992810414898314
38910,0.002203647186326325
38915,0.9986150679886043
38918,0.00105095533253554
38923,0.009246991233628776
38925,0.04729598845243396
38930,0.9999122453420555
38936,0.0013272518732565753
38938,0.0010804469232701677
38940,0.9954965155709099
38943,0.03187519186949168
38945,0.9435370167272088
38947,0.0016638678421910529
38950,0.0006203622390985182
38956,0.002156487830972613
38957,0.0006966879998615981
38971,0.2344029589311133
38972,0.0002014989568431085
38979,0.0033887187379203834
38985,0.0010498717178804523
38989,0.00012667048507399159
38992,0.9805174039115431
38999,0.0007095752559529764
39001,0.9455541648252075
39002,0.00032872584946762963
39003,0.00027390492415369096
39008,0.0013307988318624966
39009,0.9989817332782793
39014,0.22657127283688758
39018,0.9966215344993359
39019,0.0003841635416391508
39021,0.9995963088369116
39024,0.976841795297273
39028,0.0011112446676658264
39029,0.0010464430983698882
39031,0.0014599497281557953
39035,0.0016953502355446127
39037,0.0014237001549568147
39040,0.0011611923657119712
39054,0.001021845817423287
39064,0.9991574571609849
39065,0.00018580304281265821
39069,0.22668539031695156
39073,0.0007977873658113732
39078,0.0003349976061554644
39083,0.00019502041884575914
39084,0.00021259164827029138
39085,0.00015377376006621657
39089,0.0006977610194942836
39090,0.00015499540999429318
39094,0.0025521321077466054
39097,0.0028402587336743704
39099,0.9929331595540428
39102,0.0014552404111720625
39103,0.9984927150373031
39105,0.00022976035498942186
39106,0.0011563321411417313
39111,0.9737741767359067
39112,7.23266622537355e-05
39113,0.9996578252219318
39117,0.23205063981404345
39123,0.001476643206603865
39124,0.00048723766324567286
39130,0.22657127283688758
39133,0.0008131146122812728
39135,0.22657127283688758
39140,0.0003853953147890496
39144,0.0002178926835662093
39145,0.00048657081454613543
39151,0.0010728654123260612
39155,0.0002007752815397839
39166,0.0005782699122766864
39167,0.980592580563608
39174,0.0003355995307035323
39176,0.000771058971623664
39179,0.001327806224507608
39180,0.019714779477397554
39181,0.0022071396272639364
39184,0.9992641251832379
39185,0.230073678156334
39186,0.00019121386573100292
39190,0.0017119994752207216
39196,0.9990202024033239
39199,0.0003003934093985803
39205,0.998972975734177
39207,0.9438111584781463
39212,0.0006976019373648895
39215,0.0015359451350535028
39216,0.00020874510664769616
39219,0.0007687546215149313
39221,0.9992599008673915
39225,0.0010498717178804523
39227,0.0013517099788359541
39229,0.9987713591251458
39230,0.0014548577165559163
39231,0.232888453559135
39233,0.0010619655052582612
39235,0.0010478153746551816
39237,0.9945210476320732
39246,0.0008441986950615683
39247,0.00572015225668293
39248,0.998858241333915
39249,0.0016864199342802753
39254,0.0007216300353609976
39257,0.0007945697036172253
39260,0.998781983467862
39265,0.22575401432258457
39270,0.9990248697052374
39272,0.22584891729924114
39274,0.22657127283688758
39282,0.003454859167548765
39287,0.9989550407078912
39289,0.001333095347657979
39290,0.0037679662699542462
39305,0.9990247626493131
39309,0.0003298195205203224
39318,0.9993073161566206
39320,0.0012628860535007205
39325,0.0007092388574909223
39327,0.22709659507387725
39328,0.0007295370697389793
39329,0.9988637144124641
39333,0.004010255050013576
39336,0.0014086027731200796
39338,0.0021572340362237515
39339,0.02444399861477298
39340,0.9998823392930967
39341,0.00031652017474623873
39344,0.9988650697334693
39345,0.0004920564886432242
39355,0.0013300029905555474
39356,9.88295094277328e-05
39357,0.0002084850618018547
39359,0.04740088250048394
39361,0.00018610603164871285
39362,0.0004464959697190362
39367,0.00019974846311359882
39372,0.9984368791096894
39373,0.0005265555232646344
39377,0.01217867441667381
39385,0.9992312893243199
39386,0.0005550166947799945
39393,0.00033789545622709614
39396,8.718692672795027e-05
39406,0.00031966007170218405
39408,0.0007417266599352397
39411,0.0013756405255296595
39412,0.9988546080069912
39413,0.9999133413946015
39415,0.00013643377697909729
39418,0.00012743659131563042
39429,0.9999111428102831
39433,0.00013596646775542156
39435,0.0001266247642108338
39441,0.0013238454952592227
39453,0.001051248485630149
39466,0.0013566219526644642
39480,0.9991463534571191
39505,0.9990318317062721
39507,0.00034672510232630106
39519,0.0016365195512925308
39522,0.0003033156951641165
39540,0.0004449576152620666
39552,0.020699676823586532
39554,0.00901093726463337
39555,0.9962219226936722
39561,0.000771058971623664
39569,0.0001511536884140545
39571,0.0013983658748103302
39573,0.0015725379176244438
39575,0.0012850092032697157
39579,0.0010693838135708727
39582,0.010771982074195623
39588,0.0008996272788112096
39591,0.9441979512915524
39595,0.0013322091665977033
39600,0.0015719415954044413
39605,0.0004310861478297003
39608,0.9986051462284322
39614,0.0031556873035027935
39621,0.0016442044477339077
39624,0.9965387827253478
39625,0.001566494489367994
39628,0.00031823880194634715
39629,0.000683749973241235
39631,0.00016720994553455628
39632,0.9987288082238984
39636,0.001326923554743817
39639,0.0047098153562944245
39641,9.381382315131627e-05
39649,0.22616074094976135
39651,0.01708716692642752
39657,0.0010464430983698882
39671,0.0014237001549568147
39672,0.0003144662249104758
39676,0.0011306625171953817
39679,0.997666761216837
39683,0.00015018576777367775
39686,0.00041797297508190976
39688,0.9749948690626598
39693,0.0003763401265637954
39694,0.0006975773853028527
39698,0.001486536305720015
39699,0.00073289414175197
39702,0.998573734809393
39703,0.9985758113591313
39707,0.002152078552684933
39710,0.9780300201085429
39712,0.0013354064721763487
39716,0.0010499184414522562
39717,0.03209513243403101
39718,0.999156346892041
39719,0.00027109254647250485
39730,0.00033777895412361497
39731,0.0003189178113029457
39734,0.0013832344401727857
39737,0.0013698298656278016
39740,0.00038368459472046696
39744,0.003582312782888883
39746,0.0034049105623787973
39747,0.003808225047573324
39752,0.0015815725142700875
39762,7.605636813432355e-05
39764,0.2344029589311133
39768,0.00020090947360826077
39770,9.441558741714356e-05
39772,0.9997825862052411
39775,0.9989243069721541
39784,0.22625904865575544
39785,0.9988552784221216
39790,0.0005442002476735014
39792,0.0010452471797766732
39793,0.998935312940558
39797,0.00018525559638803997
39798,0.9435346751548048
39799,0.00010276159230973454
39806,0.0011699497717374253
39807,0.00016657788379885837
39815,0.0014109462490035384
39820,0.050086595064562096
39831,0.0010891633546953646
39832,0.00047518722431670363
39837,0.0006966879998615981
39838,0.03705100199369932
39841,0.006292362570814416
39843,0.0004466987395794635
39844,0.0014163245309245364
39848,0.04954853516232699
39856,0.0001673169842064432
39859,9.308199908611378e-05
39860,0.9990205240221768
39862,0.011720368790840395
39865,0.00048747212373084157
39869,0.0010542324883082044
39892,0.0013498770121798292
39897,0.00048751661220081447
39899,0.0013307988318624966
39904,0.0023200671135520908
39917,0.006484757356495046
39939,0.054060426591408986
39943,0.0006973494338747249
39945,0.0010864939261666432
39946,0.00048521054820166226
39949,0.0003374849191853364
39950,0.0010484684517969313
39956,0.00014259800084620087
39957,0.0003899799226922892
39963,0.001047006435444386
39966,0.00018935672578508455
39973,0.003955668682403281
39975,0.0004912838797354899
39980,0.0008422400602346828
39981,0.0013323087611524238
39982,0.0010464430983698882
39985,0.998854479646305
39987,0.9431021164465473
39989,0.9970261303529389
39996,0.9996441950912164
40004,0.0006998527145761828
40009,0.0012149825429018427
40016,0.001054315271855709
40017,0.999909795146927
40019,0.00034727458751173393
40025,0.0007851023145472337
40028,0.000785476385593065
40030,0.995449280083345
40032,0.9999171867560545
40033,0.0004781131156619133
40037,0.001793404021884365
40038,0.00031781306801495046
40043,0.0006966879998615981
40052,0.9998086752728429
40061,0.001327806224507608
40062,0.0010498717178804523
40075,0.0016829421932313777
40076,0.0015144443889288954
40088,0.9980515216886168
40095,0.001426375988093961
40097,8.725613866749977e-05
40100,0.0004035283118531629
40110,0.00019110465090995044
40113,7.968597636662785e-05
40116,0.9942269480709374
40120,0.0005011586307302248
40122,0.9966547281513278
40123,0.00016846637357754014
40124,0.0004769945938432867
40134,0.0002081717451114774
40135,0.0001553627372711044
40138,0.0007808180507374354
40141,0.0053698745044914176
40142,0.0010438782634250496
40148,0.0014367974635071618
40151,0.001472213625647625
40163,0.0015168146876144274
40165,0.002244734867426274
40170,0.0006966879998615981
40171,0.0007912496814450552
40175,0.0001642589905135203
40179,0.036487764370594034
40181,0.998892929221571
40185,0.003216237828758186
40197,0.001396070303730785
40202,0.0007170596094655923
40206,0.0013735878803886263
40210,0.005837727862719985
40215,0.999222892450809
40216,0.00029762677502312093
40225,0.0014106548353336689
40229,0.22668539031695156
40232,0.0007712741108100739
40264,0.001565545937835917
40265,0.9988922089684865
40267,0.00013677365726395672
40269,0.032834044576445925
40272,0.0014887175810818702
40281,0.020882636954175575
40286,0.0017467668459772647
40291,0.0013384161859994084
40292,0.00834313693351063
40298,0.0013300029905555474
40310,0.9997894534439048
40324,0.00020345762653853
40328,0.00500193935681254
40329,0.00017689568740139367
40332,0.008080537520260606
40337,0.9992644684706653
40338,0.0011377973556561804
40345,0.0015418364775558083
40351,0.00033757372566151685
40353,0.0037900764396169855
40356,0.9992165244535943
40363,0.0014885242921240432
40366,0.0003034529532043406
40374,0.0007184516068437734
40375,0.0010452471797766732
40388,0.00033829862845268237
40395,0.0011093335485275319
40397,0.9986278215642707
40399,0.0010208389175941342
40408,0.0014552404111720625
40410,0.0003105500337149383
40412,0.00350069932894182
40426,0.0001592584749324914
40427,0.001347702300941357
40436,0.001447533329676262
40437,0.2336795148284603
40440,0.9990248697052374
40445,0.9436824743382878
40447,4.786423949575317e-05
40450,0.00020090947360826077
40452,0.23231093070224315
40454,0.0002096875398224494
40461,0.0003553227548708719
40462,0.22616402368765462
40472,0.22616402368765462
40485,0.0009497839252277654
40490,0.9986148385569192
40493,0.9871141554896692
40499,0.0003856415475227826
40504,0.000943710111688324
40512,0.0014525848905315637
40517,0.9991464471769107
40528,0.0013362002191384499
40535,0.00012630128003342743
40545,0.00035368383938560663
40548,0.999076121847406
40554,0.0015479714754051874
40565,0.0004912838797354899
40571,0.05128143163570058
40572,0.0028195764539450724
40576,0.0001607199904837915
40581,0.00020196615289364326
40583,0.03389045832562652
40592,0.9980473138095404
40596,0.00048276572098473444
40597,0.000598265893959257
40600,0.0021724808648429035
40601,0.9981277402970299
40603,0.0011152969642302805
40604,0.00021283540640743733
40608,0.004041951276295913
40617,0.000488283529136173
40620,0.00020149435892303092
40631,0.0016415147955081725
40632,0.0009984541329410997
40640,0.9999129590491173
40642,0.0008267107769158134
40644,0.9992179810030387
40646,7.191555710393405e-05
40658,0.0010891633546953646
40663,0.00047773576195593744
40666,0.9757840420197008
40667,0.001594218033113451
40670,0.0001273558312936454
40673,0.00015451446167417683
40681,0.0004568758611988706
40694,0.002151977757420101
40699,0.0003322110522207432
40701,0.00042682284088201673
40705,0.9988925051682608
40706,0.00020163908040723416
40710,0.001011708039785376
40711,0.9954485285887839
40715,0.9970682000665546
40718,0.00038385433770942427
40725,0.0014511020675689352
40729,0.9986418312153114
40731,0.001326923554743817
40735,0.9986141323239783
40741,0.0001254041471288334
40743,0.00037480413184497326
40751,0.0027338290266382317
40752,0.0007810119472820578
40753,0.00015398928237805553
40754,0.034013823388954034
40756,0.00013614246145455432
40765,0.0007306606456103839
40768,0.00048152834823984945
40775,0.0014266170797373422
40780,0.9993489776452047
40782,0.0010501479945533093
40791,0.00031843023700796347
40794,0.002574295629511032
40796,0.0013866863557185478
40805,0.2834644475925315
40815,0.0009428449414669997
40819,0.998626523204832
40821,0.003935935231072461
40822,0.9988124932096814
40825,0.0013520431480391118
40827,0.003364150899011917
40831,0.22709659507387725
40843,0.999308208254802
40849,0.0007280472492937065
40864,0.0014976625456719116
40865,0.0007813396227112132
40866,0.0003074697373098412
40867,0.22657127283688758
40873,0.002673334791232641
40878,0.9916125105014074
40879,0.00033602944482697355
40882,0.0016908048949302674
40885,0.0004300185026422455
40892,0.0007712741108100739
40894,0.0015097745033694188
40895,0.0003829854674178479
40899,0.9990206203693445
40901,0.0014083542789360148
40911,0.9996603754280481
40913,0.9430880878868304
40919,0.9988655082557735
40924,0.0037843668054702443
40925,0.0013464616134726084
40926,0.001051248485630149
40930,0.9986150679886043
40937,0.9997903900147432
40938,0.0031730774262806742
40945,0.0012716654874518705
40954,0.00046952411933889274
40956,0.0003553718816938919
40959,0.00035258512748266417
40963,0.0012530747666434792
40969,0.0007306606456103839
40970,0.0014240746653871295
40976,0.000317299216203376
40982,0.22702552144972182
40986,0.0012563596281448053
41006,0.0021129513273990164
41008,0.00019045002845131964
41009,0.9914649124088373
41013,0.0009570403235661954
41019,0.0006966879998615981
41025,0.0014329555823220414
41031,0.0001860820175770583
41032,0.0017160090325607123
41033,0.019708312109477603
41037,0.001389191157109471
41040,0.09201167908545912
41044,0.0020094839672777265
41045,0.0009984665254413184
41048,0.0004835214029663507
41055,0.0013322091665977033
41057,0.0013354064721763487
41058,0.9992021274805474
41062,0.0014433445364244286
41069,0.0003360323508237022
41070,0.0015783508184477669
41072,0.22616074094976135
41074,0.002625030196411673
41077,0.0011180370803099637
41080,0.0015147408250271168
41082,0.000946034166126691
41084,0.0004961448672525473
41087,0.9984826018165908
41088,0.0009137361329603093
41095,0.0007687546215149313
41096,0.024662362535272715
41101,0.998671373456099
41102,0.00031218596829738545
41106,0.22657127283688758
41111,0.0008341315681914699
41117,0.0010647122949608522
41124,0.0016757116043580394
41127,0.00031238168214354746
41135,6.211389482953079e-05
41138,0.0010602024020424936
41139,0.0005614136339580066
41143,0.0001237901933223584
41144,0.0017003912672551792
41153,0.00034417018719747517
41165,0.23258484593648962
41166,0.9990423728153665
41172,0.9992598195955456
41176,0.0009465510075046604
41177,0.0018997671257191158
41186,0.0011876120437075352
41187,0.00020183324282521716
41191,8.638428448879348e-05
41196,0.9999111659122808
41197,0.00010159187945016141
41209,0.0014846560850109744
41213,0.9992601683497175
41216,0.0007002520334353098
41218,0.9986290021442883
41220,0.00023443129223629173
41221,0.000418465929854927
41223,0.019676593562196563
41224,0.23053285568508228
41235,0.9970312043244436
41239,0.0034615695809666696
41242,0.00020183125518719229
41244,0.0016859308848812832
41245,0.0011025989652740508
41246,0.0003184264037901868
41250,0.0007095752559529764
41251,0.0011289826821712747
41252,0.945345947364365
41254,0.0013227368865155011
41256,0.9992165244535943
41257,0.22657127283688758
41261,0.09201167908545912
41268,0.00010170430322697005
41270,0.9440090207245707
41272,0.0011180370803099637
41276,0.0005667621683147877
41278,0.00047327948964283095
41279,0.0015818139461630037
41281,0.004755001071873031
41284,0.0013808448435939074
41285,0.0013322091665977033
41287,0.032212348410728925
41289,0.00020196615289364326
41291,0.0007738505830236765
41292,0.9986411387260136
41295,0.0005049301846252229
41299,0.9431021164465473
41306,0.9504348165764928
41313,0.0022641880118465904
41315,0.00105776965684536
41317,0.0009599954967464928
41318,0.9782314766099353
41325,0.00017191123155244626
41331,0.9980543464766206
41332,0.0007669559750051303
41335,0.00037032800986781236
41341,0.0009480193663220636
41345,8.599672272752668e-05
41352,0.0014293069384780717
41358,0.9986150679886043
41359,0.0014003895409845277
41365,0.0009874296918630729
41375,0.0007444363318647025
41388,0.0006966879998615981
41399,0.0002737105090474453
41402,0.0010891633546953646
41413,0.0008246490630584706
41414,0.23804614431014262
41416,0.9985325903156814
41423,0.9988662518378943
41425,0.0039860845882295865
41427,0.0005491896198722057
41429,0.0010515251242219138
41430,0.005907659709033062
41432,0.03386929613497545
41439,0.0014525688360629166
41440,0.22668539031695156
41445,0.0010464430983698882
41449,0.0014758746799037447
41451,0.011415266084639648
41453,0.0025942663340626855
41460,0.9974685726483634
41467,0.0004811146750203024
41468,0.0013184062076380943
41469,0.019714779477397554
41475,0.0003377489436308165
41480,0.0034207893215503814
41488,0.9990850740108826
41492,0.9441399216225865
41499,0.9978965609816384
41501,0.9441399216225865
41503,0.0007147906882903747
41510,0.9674645675592198
41511,0.00044638480756837266
41518,0.999917597373879
41524,0.0007763325545909144
41527,0.0006977610194942836
41530,0.000946034166126691
41540,0.9987942719796166
41541,0.00012628306595283682
41546,0.0015150919090180525
41554,0.032807738326873864
41555,0.03389045832562652
41559,0.9990612953484097
41573,0.0010567585921646319
41577,0.9981571061310416
41583,0.0026005660142895746
41584,0.23490497624138762
41587,0.03684545388933726
41591,0.003819068831788301
41596,0.0004891510057557451
41600,0.001326923554743817
41601,0.00014644988196612008
41614,0.0012263586378559244
41617,8.620497258412236e-05
41631,0.0006154415916520023
41634,0.9985548773566473
41644,0.0006952652153043761
41647,0.0029440106634243037
41655,0.0004046847285043035
41661,0.0003273608374644267
41666,0.9990122815136047
41668,0.0010464430983698882
41669,0.9992722269386294
41677,0.00012552027025841407
41682,0.0009533027813086737
41683,0.011267489248873063
41685,0.9989130405124282
41693,0.9986148385569192
41695,0.9993073922169563
41698,0.22709659507387725
41706,0.9990248697052374
41707,0.05024949365072626
41712,0.2324605716649962
41715,0.24019970819324146
41723,0.00020777043920261934
41726,0.0013503938742888133
41728,0.0006952652153043761
41735,0.00012526445670365546
41738,0.019676593562196563
41742,0.0013949012972911165
41756,0.9984826018165908
41757,0.001228369965252126
41760,0.00030413404096439015
41761,0.0002872462406767079
41763,0.0003994122393709724
41769,0.00047951223277896583
41771,0.002791401786448427
41772,6.508097625586373e-05
41776,0.9986222398561257
41778,0.00048459916353009203
41785,0.001360540928698688
41787,0.0004952251883749581
41790,0.0010657986912906094
41797,0.9987108545328284
41798,0.0014375144757478773
41801,0.0015041399200403616
41802,0.9954480100548456
41805,0.9898017424887944
41811,0.001972351687526289
41816,6.225562589721475e-05
41818,0.23205063981404345
41831,0.0010515251242219138
41834,0.22657127283688758
41839,0.004506736715047339
41847,0.9993202116322307
41850,0.09184318751334537
41852,0.0004781121935256789
41853,0.012190260833342029
41855,0.0010700276272040087
41859,0.0002711441731171046
41871,0.00020660551522871503
41875,0.9973038547714901
41885,0.9997733504320712
41898,0.00026588812609474395
41901,0.0003038741138741712
41903,0.9948687511627878
41904,0.9443201488220455
41908,0.9993315738976527
41910,0.00031987292424352906
41915,0.002573952015191485
41920,0.003383094842868337
41923,0.002658603821516888
41927,0.04940766468336245
41931,0.001326923554743817
41934,0.0008033457390011244
41942,0.00038638808878188884
41956,0.9782634265391984
41957,0.0001611846904707683
41958,0.22616402368765462
41959,0.0011180370803099637
41961,0.004975261397455849
41967,0.998383016476202
41970,0.00413724978703311
41973,0.9990247626493131
41991,0.9970559941147429
41993,0.0022472997986761768
41997,0.9985758113591313
42005,0.001105420078231803
42009,0.9984796148905395
42011,0.9997091906574571
42012,0.0012191440436061262
42022,0.9957655019848406
42024,0.00044586584272066944
42026,0.9988896118921218
42036,0.943603821067792
42042,0.9950826055475301
42043,0.0013982316071387915
42044,0.0007130322333408721
42047,0.024826800108349263
42048,0.0003953657320071343
42060,0.001361325216369935
42062,0.00018542035483517955
42070,0.0002572966317889084
42079,0.9435956353003266
42082,0.0025692943399277224
42084,0.999903837337122
42085,0.09200786674642966
42087,0.002684768828973972
42097,0.0008068321763127393
42099,0.0003072105592571963
42100,0.22625904865575544
42101,0.9967342796203319
42115,0.00044390305793608057
42116,0.00034497120057256427
42121,0.99921181063249
42122,0.9989653321584905
42127,0.999331647296142
42130,0.0003117922879789838
42131,0.000806640795768573
42132,0.9992161247530422
42138,0.0013362002191384499
42144,0.18166849138816202
42149,0.09482436744989642
42156,0.0007873351951627925
42160,0.00044670883077177427
42170,0.0015730469902715844
42173,0.0011090417183952002
42174,0.00016614840152178188
42176,0.9994495997706757
42177,0.003975325301246986
42178,0.9437780505205324
42183,0.9915173212686487
42186,0.0015462896682854122
42187,0.9989206917422284
42188,0.9986148639539733
42193,0.9298422844111225
42194,0.0014482713171809483
42196,0.9991010646545484
42200,0.0013946467787250005
42204,0.00201916529699159
42216,0.9985758113591313
42223,0.00016670863956319123
42227,0.0003189178113029457
42228,0.9988869646713325
42229,0.9988922089684865
42243,0.025332257834674216
42244,0.0010532949351575692
42245,0.005492982449176244
42248,0.0013291188624175454
42251,0.9988579757708991
42252,0.032834044576445925
42254,0.005227244745721807
42265,0.000785476385593065
42273,0.0001858348103296477
42275,0.00048747212373084157
42281,0.0013307988318624966
42286,0.998218789229309
42287,0.0006975773853028527
42289,0.0001482779448094908
42303,0.9976456402182886
42304,0.999056432151701
42305,0.9957771310693415
42306,0.000322861944295138
42308,0.00020734326908477806
42315,0.9999129590491173
42319,0.002188789547519393
42321,0.9988955773486259
42337,0.00032754395221306585
42341,0.9990381151651898
42348,0.22657127283688758
42352,0.999296504596282
42355,0.20362002891979394
42373,0.9954485285887839
42375,0.9986230409097471
42384,0.005855760230034376
42398,0.0007068607485153335
42400,0.00017100643454485954
42401,0.0013394118321162175
42405,0.000995774528908621
42407,0.0001257166655178788
42410,0.22709659507387725
42411,0.0242666484493299
42412,0.004223058477554606
42415,0.0006987764805758616
42420,0.0007017449579907023
42426,0.999269317073611
42428,0.01996809586146814
42437,0.0012381385958963396
42439,0.00045455671951106206
42441,0.0014934353081237914
42447,0.0022338277151593873
42458,0.0009377210347280434
42470,0.0007182979679302867
42476,0.0007712741108100739
42481,0.9981539975092901
42484,0.0036005899970483145
42485,0.00048631784837480736
42488,0.0013849201263588242
42490,0.9965180745699869
42494,0.019714779477397554
42497,0.0003187973580942167
42498,0.9440090207245707
42499,0.0005301924987540537
42500,0.00033835966879888443
42507,0.0007687546215149313
42508,6.28641605166219e-05
42509,0.001387094611115511
42510,0.0034255912087317038
42519,0.9435370167272088
42523,0.09201167908545912
42526,0.0012947257717768226
42532,0.035340562786125795
42535,0.0027411488130130806
42537,0.00017235125548216434
42542,0.0005557441937678092
42549,0.00012437736664305536
42550,0.036056172528480174
42579,0.0003060436739026612
42583,0.0007960023969451292
42584,0.0013308987936704712
42593,0.0021783558271618176
42595,0.0016988827533612957
42596,0.0014511020675689352
42601,0.0004522563695051798
42604,0.00015118880617027424
42609,8.639862800531691e-05
42611,0.0017782559599343903
42616,0.009301684453260843
42623,0.9986150679886043
42624,0.9999113113111305
42628,0.00037153920820693725
42635,0.0004964528958010694
42637,0.22575401432258457
42640,0.0006682187999915863
42641,0.9992478611064384
42643,0.0010501479945533093
42645,0.0007651758749198382
42651,0.0012819954268227817
42652,0.024536248999198935
42653,0.002873238076082148
42654,0.0466144848002369
42659,0.9434429009263559
42660,0.0006665966145718665
42665,0.0010501479945533093
42670,0.16403147419224715
42687,0.0007295370697389793
42690,0.995449280083345
42695,0.002779529840569346
42700,0.9796066102469317
42709,0.9986150679886043
42714,0.0019979330457817824
42724,0.0002106211550980722
42733,0.9984391546010148
42740,0.00016426080604650914
42741,0.0013322091665977033
42748,0.9986150679886043
42749,0.0014151210324348043
42753,0.00043846548766464046
42754,6.090668031390174e-05
42759,0.03419609774494028
42765,0.0003152157631881698
42774,0.9974615776924004
42779,0.9993436733016373
42780,0.0005935814633256288
42781,0.0006517467111568937
42784,0.00018106641348775444
42786,0.00339227061864631
42787,0.998858241333915
42793,0.001372296659807923
42795,0.040922474082013036
42796,0.00016798563970695996
42800,0.0004199767668244947
42814,0.0013360998596810979
42828,0.0006952652153043761
42830,0.00016729516681028708
42831,0.998480389568744
42834,0.00020196174005386851
42838,0.0013300029905555474
42844,0.0010822805719413748
42850,0.0014884699141161143
42852,0.998068577513139
42853,0.00031987292424352906
42854,0.016308563226110344
42862,0.001128068214592131
42864,0.0022134840766064663
42877,0.00048518532425445
42884,0.0013681383211619103
42887,0.9775589661115629
42888,0.9927498262158888
42889,0.9989403127080839
42903,0.9943693174654519
42904,0.0004842065236221211
42907,0.0004751498093861791
42910,0.0002022505630462505
42912,0.0005776253745887383
42921,0.0002009011313095166
42923,0.0004891510057557451
42934,0.9985729265633272
42937,0.00020090335454591755
42938,0.0016549968027471354
42940,0.009962403522242915
42947,0.9963543773167838
42948,0.00047979604768440005
42951,0.0010464430983698882
42960,0.00043180680836937184
42962,9.923262210786475e-05
42963,0.00020908415248652065
42964,0.0005623367343363138
42969,0.00016684723554334592
42974,0.0015378257444406418
42976,0.0017293763542457084
42977,0.0003862762771529529
42978,0.9875483303026327
42986,0.0011087710330509196
42989,0.0004782654441598114
43002,0.0007562526794747141
43004,0.9986051462284322
43011,0.0034510254821762242
43012,0.00016738428984327047
43019,0.00012650106258252743
43022,0.00016656623332788402
43032,0.00038524077779025214
43033,0.9984121741546689
43035,0.00012683955714496787
43037,0.0007483840311752833
43038,0.0014188479127957723
43042,0.001327806224507608
43051,0.0008445243368034825
43055,0.9992165244535943
43056,0.00013006468360955036
43057,0.0008265948202155465
43059,0.00018526685693721475
43062,0.0013291188624175454
43065,0.9973406282205082
43066,0.002260544545014169
43067,0.0006513264443085092
43078,0.0007002520334353098
43081,0.0014367636049031044
43084,0.00036359267049076375
43087,0.0004328056594612276
43088,0.0010494260795613037
43090,0.0324071035854402
43091,0.00030877662267056157
43094,0.9985888563805164
43100,0.9988988559136052
43102,0.0013348698390800106
43109,0.9975397549051526
43112,0.9985750852563301
43114,0.0012498608670077546
43115,0.0010542324883082044
43116,0.00020457904265080764
43118,0.9992085974595643
43119,0.0011093350793192883
43121,0.0003033859550975917
43123,0.0012634925905259573
43132,0.0014426219182046022
43140,0.0011737924116964097
43147,0.998218789229309
43159,0.999775377261009
43161,0.07470271091525149
43169,0.00041099317800618446
43170,0.002664267403430136
43174,0.0005924587104925641
43177,0.9988615502182768
43180,0.9993110819674208
43182,0.0008467601113101889
43191,0.0014340398677515718
43194,0.0007359693714270704
43196,0.9991947952257436
43201,0.9970168028885554
43207,0.010177881917120688
43208,0.9996339410520025
43211,0.0011151007346656104
43212,0.00016098348137992143
43213,0.0014561169450252036
43219,0.0001422652615373602
43220,0.0014511020675689352
43224,0.9976373340549536
43236,0.000740211965019346
43237,0.03298377016331353
43244,0.0036217043412497566
43248,6.817705854923022e-05
43249,0.00014217049444711094
43253,0.9985990814115188
43259,0.000771477130364351
43263,0.9965922832434767
43265,0.00040368275499538553
43269,0.9976873326936215
43282,0.0014420333826422845
43285,0.0014482713171809483
43287,0.9993483690762258
43293,0.943698986569886
43294,0.9984927150373031
43299,0.0013345187568387712
43300,0.9999110675499835
43313,0.9985758113591313
43325,0.22657127283688758
43329,0.005204526404657771
43334,0.0010498717178804523
43335,0.002651938242972843
43339,0.9983815752472135
43343,0.006430198259745045
43346,0.9986511031320976
43347,0.005055306619618453
43348,0.0011735859023134763
43355,0.0011738416951314217
43361,0.0006620993806332906
43364,0.00038030561404420106
43368,0.001527852186239444
43369,0.0020582347044983736
43374,0.0011317639717975667
43384,0.22657127283688758
43387,0.00048276572098473444
43391,0.002142322197984393
43392,0.230073678156334
43394,0.0001365527239085283
43395,0.9875599705181556
43396,8.597408058187772e-05
43398,0.9999163758693163
43406,0.00045293333997350706
43411,0.0001433452663313036
43413,0.9978176693093382
43415,0.0006695384999327859
43416,0.999913241617262
43417,0.0006397995425308141
43420,0.0015815880988890134
43421,0.9981520695550212
43425,0.00047978666132990013
43434,0.9985867988242589
43448,0.0012281538656569203
43450,0.0026338188493610507
43458,0.00012700261323421653
43459,0.0006975773853028527
43466,0.0003197434536081724
43469,0.9993077872289072
43475,0.00021590939572649774
43479,0.9986145097923802
43480,0.0011259719633833845
43486,0.9988554390939568
43491,0.000751585558240342
43503,0.0014396886315899773
43506,0.00043016054380183837
43532,0.0003189567747104205
43537,0.0003308331932704652
43541,0.997746546136294
43543,0.9992641251832379
43546,0.0015048554477712398
43547,0.999089725204922
43549,0.9957720722899525
43550,0.23053285568508228
43551,0.22657127283688758
43557,0.00020905276843697092
43559,0.0010563427126064231
43567,0.0003031908136644514
43584,0.00030318819159411907
43586,0.99861785043631
43591,0.9943614406169715
43594,0.0013940328417951843
43596,0.002900691803073
43603,0.0010644613747894363
43608,0.0001715994030949719
43615,0.9959941123607142
43619,0.0014074439606202595
43620,0.0003125470350696003
43621,0.002657982757215264
43638,0.9960297585625766
43640,0.00014591117458397768
43641,0.0004841512819274362
43644,0.00030884592966469037
43646,0.0014943320147278855
43647,0.0014062184645258888
43649,0.0005039895779404347
43664,0.0021501353482972748
43666,0.001508507383360896
43670,0.004748701255035241
43672,0.0003322695588026054
43678,0.0016945802119453712
43680,0.00031136162870119117
43685,0.9973052269150993
43687,0.9985888563805164
43690,0.00027224941397211984
43701,0.01682813787281074
43702,0.007291213066146236
43709,0.019695534579709986
43718,0.9986150679886043
43722,0.0013723194291866629
43728,0.0007687546215149313
43731,0.001333095347657979
43738,0.0013748875716118494
43741,0.008294207467546211
43746,0.9992237476767766
43747,0.0003041907072032803
43755,0.9999176450774462
43758,0.0019565077957556898
43762,0.00834324837556407
43763,0.00033757372566151685
43772,0.09212421635950332
43777,0.004754969687426124
43795,0.0012230104668692848
43798,0.00012654497516256352
43801,0.0013348698390800106
43802,0.002932804552350735
43812,0.987054622492629
43817,0.0006140518489323644
43818,0.9945049762627137
43819,0.001137086188277065
43821,0.9993073922169563
43822,0.0007924042497797427
43824,0.0027119726224413064
43830,0.9988581160053916
43831,0.0017078320413713012
43843,0.9990717922397407
43854,0.0005407584379970202
43857,0.0037653015563511396
43860,0.00014043621175999598
43864,0.0013397594569352074
43865,0.0007048917911519596
43866,0.0013394070904072398
43867,0.001052476098348444
43870,0.0005469099249943722
43872,0.0007415961089447381
43873,0.9999129050437643
43875,0.9992241362235756
43878,0.024322216555151467
43882,0.001333095347657979
43883,0.0002106211550980722
43892,0.0004934465004835624
43894,0.9987820199221996
43909,0.0010452471797766732
43910,0.001453004230480443
43914,0.001128068214592131
43918,0.0014780566340816333
43921,0.23214765083129657
43926,0.0015117580974587353
43927,0.9437567649263855
43931,0.00021167296659427783
43933,0.9989224863910597
43935,0.0026651183367910765
43936,0.9992312893243199
43940,0.9984045796887182
43944,0.0007835259216542892
43945,0.0013735878803886263
43947,0.09403664891542225
43955,0.0003039872267804193
43958,0.0025942663340626855
43960,0.9927338618756044
43965,0.001327806224507608
43966,0.00020196337911097364
43967,0.03298377016331353
43969,0.22616402368765462
43970,0.0021491171764421555
43974,0.9887097520402293
43979,0.0001426291324641008
43990,0.0001537502010494705
43993,0.9989123096908171
43994,0.9990869115336796
43996,0.9929331595540428
43999,0.002926649635895953
44000,0.998487590868112
44003,0.9986321315300382
44004,0.9977051943633014
44005,0.9993073922169563
44012,0.0037075994938123693
44015,0.9984941420814312
44020,0.0006349010977803804
44021,0.00040638692848533414
44022,0.9999128338732075
44023,0.00014167206988885956
44024,9.926904199376326e-05
44025,0.9988807823369484
44029,0.0013322091665977033
44030,0.00047151587402509464
44051,0.0013619951774366031
44054,0.9954295563787232
44057,0.0007694839960761947
44058,0.0021959241644818293
44062,0.00043423753296183295
44065,0.03664185905322653
44067,0.22657127283688758
44072,0.22616074094976135
44076,0.0007212977059720278
44078,0.999653425177187
44081,0.997812927386409
44082,0.000946034166126691
44093,0.0007828062477042834
44101,0.0011605635614117247
44112,0.22657127283688758
44114,0.0003929839344791658
44115,0.23163315307971089
44122,0.9991713296715432
44126,0.0010540381612981424
44128,0.0021523365990258198
44129,0.09247117128598722
44130,0.9986051462284322
44133,0.00013891317331556915
44137,0.00030342758160307684
44139,0.0002710541759761985
44147,0.0003587097618617085
44150,0.0004005507501715504
44156,0.0026639352020202834
44165,0.00023335081818866304
44167,0.9988505853894409
44171,0.0007400816804321923
44172,0.998858241333915
44173,0.0012393097932439905
44174,0.0005434132420705214
44176,0.000319819839926125
44187,0.0009445199501691899
44188,0.0006057653804348413
44191,0.00015999120874584746
44200,0.0028705115819388804
44205,0.22616074094976135
44207,0.00022630915454791326
44209,0.9986063184676647
44210,0.00021029008515202494
44217,0.9988922089684865
44218,0.9986250416966778
44221,0.998480389568744
44234,0.9986290021442883
44236,0.001680423191747204
44237,0.0001670134878267668
44238,0.22657127283688758
44240,0.9977767178454302
44245,0.0015501578160606435
44246,0.0010105494179892187
44249,0.9978717363783581
44250,0.0010478153746551816
44252,0.0009834015647250775
44260,0.9988581160053916
44269,6.232018872810367e-05
44288,0.0001625252209344057
44290,0.9992095343610571
44291,0.9976760621708267
44295,0.9985758113591313
44304,0.9987989785121641
44310,0.0014533353250831733
44320,0.052311733038578584
44324,0.0007776099047696272
44326,0.008988054571860339
44331,0.000490271056372444
44339,0.000771058971623664
44344,0.9986085048964958
44347,0.0014933004247799913
44348,0.002928740855324982
44349,0.0009444469422217596
44356,0.0013735352775576715
44357,9.019889168618704e-05
44362,0.0003266781951273965
44367,0.002184876232945153
44371,0.0003483573242478696
44376,0.0003509697385087156
44377,0.00031781306801495046
44378,0.0010702686943196375
44383,0.9990460292994393
44386,0.998573734809393
44387,0.004898825599767191
44393,0.0013105143613227166
44396,0.9991402765267251
44398,0.0013322091665977033
44399,8.925884876725208e-05
44404,0.003779607406193997
44405,0.001223634127456709
44413,0.0012243850156872854
44414,0.9994966798884893
44417,0.001553002876033041
44419,0.024537473410321843
44428,0.0009945691346464666
44430,0.002197079709112499
44436,0.0027420178496379575
44440,0.002044774054276896
44442,0.23750327661741386
44446,0.0014529531307316851
44450,0.0010464430983698882
44453,0.0006217991946921347
44454,0.00015904419372293554
44460,0.10014331534245127
44464,0.019714779477397554
44467,0.001096917728311117
44468,0.0004956629060393449
44473,0.0010464430983698882
44483,0.0014269930032089497
44484,0.006448982082936386
44485,0.00045299452357676714
44487,0.0004705813191982011
44489,0.03419609774494028
44492,0.0014281882184853587
44494,0.9983762391003898
44495,0.0013526852184856703
44503,0.9993008796815203
44504,0.00027674050677301346
44508,0.0013322091665977033
44512,6.152697508852787e-05
44514,0.22625904865575544
44529,0.00020031123660698268
44530,0.9991003064099044
44531,0.24072727239808026
44535,0.00048367973310645053
44536,0.00045824007775518196
44553,0.0006966879998615981
44555,0.001727168994125125
44558,0.9999094811750746
44560,0.019714779477397554
44561,0.0010891633546953646
44564,0.9980884848887228
44569,0.001993632431383218
44575,0.0014106548353336689
44587,0.22657127283688758
44588,0.9991218800744792
44592,0.0020084205273899996
44593,0.00015875570098027186
44598,0.2310584336059019
44601,0.0010438782634250496
44604,0.0001511536884140545
44607,0.9985177114351632
44613,0.002554665929135194
44615,0.9990902286897835
44619,0.998596944590716
44625,0.9993109677597874
44627,0.0013440390102321276
44628,0.9985758113591313
44636,0.00021079037743460173
44637,0.9986150679886043
44642,0.9986146802480945
44649,0.0004195646376041887
44653,0.0005733089099338259
44657,0.001389191157109471
44658,0.0010952839579055776
44664,0.00020469547692587845
44666,0.0001459166065870769
44667,0.0007483840311752833
44668,0.0007417266599352397
44669,9.376307577766514e-05
44672,0.000771477130364351
44677,0.0004658801807051729
44679,0.005156780124689911
44680,0.0020479321154043533
44684,0.03607025028877854
44695,0.0002072010895983428
44696,0.9986042055027082
44697,0.0010275296907451751
44711,0.22709659507387725
44714,0.0004312302376825845
44715,0.0004817336698952671
44720,0.2844842797781431
44725,0.0006118104946739836
44728,0.0015769542524477073
44730,0.0004508992462655635
44735,0.9984878332707315
44737,0.00045634971767888745
44739,7.147738352980978e-05
44741,0.00012674613961895248
44744,9.307952982161064e-05
44745,0.9990378610591246
44754,0.9988849225221543
44757,0.00010183995641433587
44759,0.9972981803920579
44766,0.0014503626397097357
44767,0.9986143618724783
44769,0.001099991587712476
44771,0.9999139494410327
44772,0.00036562134044461857
44776,0.0014016767238004483
44781,0.9986051462284322
44782,0.0011259719633833845
44784,0.0002088041639338458
44792,0.001132061774223842
44800,0.23750327661741386
44802,0.00033094290878939745
44803,0.0003222748977097545
44804,0.9990450745926089
44805,0.9985758113591313
44810,0.0007295370697389793
44821,0.998761405131666
44823,0.000698492488714771
44825,0.0007651758749198382
44826,0.00020772967945201803
44828,0.001478380714688263
44829,0.001363589702926147
44834,0.999913698932991
44840,0.9983275202096416
44842,0.0011218024549936852
44844,0.23750327661741386
44847,0.00132472612021336
44857,0.00048723766324567286
44860,0.9988796782054503
44864,0.0037695825826650074
44874,0.00016907952866692657
44876,0.0001433432975265191
44877,0.0011087710330509196
44879,0.0001672120528696595
44881,0.0010515251242219138
44890,0.000827887561363899
44899,0.0008341315681914699
44902,0.9977809101839691
44903,0.0002766486526323799
44904,0.22858939050808388
44906,0.0011005728714370549
44908,0.0010438782634250496
44909,0.0015132286040545
44916,0.0013985330831298784
44917,0.0242666484493299
44919,0.00046164744432368086
44921,0.00014946117897450187
44925,0.0006966879998615981
44927,0.00014104466838997065
44928,0.002003060288823483
44929,0.000201372732655115
44943,0.23000195006996277
44944,0.0004689507109503193
44945,0.9966808259278076
44948,0.0016657826324674363
44952,0.0007219342703994844
44955,0.0015418364775558083
44957,0.9958774904671837
44959,0.977064128298922
44961,0.024322216555151467
44962,0.001526450173970272
44966,0.0009573749443703635
44971,0.9990970771400416
44972,0.9486991625956457
44975,0.0014352873921324506
44976,0.0002018334887145647
44977,0.9988587535293384
44979,9.145063635036899e-05
44980,0.0003050168851920304
44981,0.9870843032781131
44982,0.0001632801519503322
44986,0.0019393869592678292
44991,0.0025942663340626855
44993,0.0012215249670486882
44995,0.0077677053819590605
44996,0.0014869668181294441
44997,0.00011075925954566416
44998,0.9970400572697066
45007,0.0004746338134279787
45013,0.9985758113591313
45014,0.003467890154696155
45015,0.995777729042303
45016,0.0021323145735964557
45018,0.00027390492415369096
45020,0.0015170778249474462
45028,0.0015359451350535028
45033,0.9973829374893697
45036,0.00016635250029956874
45044,0.000304092077111076
45050,0.9990247626493131
45063,0.9761940424802287
45064,0.0008073324479124589
45071,0.0006361972382054264
45076,0.9434841976691026
45077,0.048219258248315106
45080,0.0013891861129021862
45088,0.0002014989568431085
45089,0.00014644257146491583
45091,0.9948307687207254
45094,0.23419717249782482
45099,0.22616074094976135
45108,0.0006686081132021946
45111,0.23419717249782482
45127,0.003106935815492789
45135,0.0017087370727099827
45137,0.0010012148755049028
45139,0.23226280976149838
45140,0.001002672366806937
45142,0.0004487017509443064
45143,0.2257055589106081
45163,0.0022225338879099644
45171,0.005962499343946898
45172,0.0010805724078725167
45174,0.0014027669815895017
45179,0.0033887187379203834
45189,0.23277057286909314
45194,0.0006748413572867992
45197,0.00014704498245989744
45211,0.9436689552719975
45224,0.0007179853300812198
45229,0.0003180246910803757
45230,0.0006976019373648895
45236,0.008125389864172128
45237,0.9986051462284322
45240,0.22625904865575544
45242,0.00033358460250422283
45251,0.0010275296907451751
45261,0.00034235378700109265
45271,0.0003718089928378507
45280,0.002594780149252558
45281,0.00045518737731963264
45289,0.9992976006518928
45291,0.0003166004777353605
45292,0.0038089397431133086
45294,0.0014529531307316851
45297,0.9975643144471298
45301,0.0013348698390800106
45303,0.0015108288544368755
45305,0.0003356013726905662
45306,0.9999102536786987
45312,0.9941922484062867
45315,0.0006641029049511688
45316,0.01983477666276387
45317,0.0006966879998615981
45327,0.0002018334887145647
45329,0.9999125322323543
45331,0.00044759164681973997
45333,0.0014120944961045492
45337,0.0026672150823168063
45338,0.001375389401531309
45340,0.00010222469530613559
45341,0.00021173106830562743
45350,0.0021736834367747883
45355,0.000632661721169439
45358,0.0026578706566280394
45361,0.0014093228962151596
45367,0.9985267169322699
45377,0.9972978236278569
45378,0.003618522163506229
45379,0.03812084809576528
45382,0.0011322609851198324
45383,0.994440742254784
45388,7.602811822801094e-05
45391,0.00015436467215788145
45395,0.00021730460846166195
45401,0.0017686400113914357
45402,0.0008815756968621149
45406,0.09247117128598722
45411,0.01983477666276387
45412,0.9993022410712123
45413,0.0021659184293430704
45416,0.0010319944315043462
45420,0.00020790936323252754
45421,0.05641129705855412
45423,0.001132061774223842
45435,0.9986704638261309
45443,0.9999190693833858
45455,0.0003031908136644514
45461,0.008111163715514277
45472,0.001051248485630149
45485,0.22709659507387725
45490,0.22657127283688758
45506,0.9998952965910289
45507,0.0006020658193803978
45513,0.9916382723272794
45514,0.0003339153240645569
45519,0.00020809926523259674
45520,0.03773703669835938
45521,0.0007799149261728795
45522,0.0014083542789360148
45528,0.22936141743957172
45532,0.9440826501891614
45536,0.0003021924835126942
45539,0.00020905276843697092
45545,0.0015120696780654272
45546,0.0016794875689115352
45553,0.001395011293976899
45556,0.9435370167272088
45557,0.00034396375625731635
45567,0.0008417657655953986
45575,0.9986051462284322
45578,0.0014435653822099453
45580,0.00014353227025849075
45589,0.003637089266258561
45590,0.00361512546302723
45592,0.0004291228445984965
45603,0.00047439353688280957
45604,0.001518647230308863
45606,0.00600159929012844
45611,0.0006318476023749729
45617,0.22657127283688758
45620,0.9420862774650031
45625,0.0007261896110464527
45627,0.0006659490515458521
45628,0.0010258179650269826
45633,0.999144575908436
45638,0.0006966879998615981
45642,0.000612869351452412
45643,0.0010498717178804523
45647,0.9990577226996935
45650,0.00048692623911616875
45653,0.006483879908427206
45654,0.9457475574483397
45658,0.00029005118577066626
45661,0.024322216555151467
45670,0.01617937007265951
45673,0.04515036541813112
45685,0.22616074094976135
45691,0.0036501593875373074
45693,0.9985297016447129
45694,0.9953322397970595
45696,0.9990451041097878
45700,0.792441451089219
45703,0.9990387028471326
45708,0.9985729265633272
45711,0.22709659507387725
45714,0.00013670314540076454
45717,0.0003138597062239019
45721,0.0008607461210919961
45722,0.0013432302620616289
45723,0.9972940776474306
45726,0.0006987764805758616
45733,0.0012028974665465922
45735,0.00013758759243677322
45737,0.001333095347657979
45743,0.034208383351503294
45746,0.000475449895987046
45749,0.9996408322143592
45751,0.9988141317149591
45752,0.9984826018165908
45757,0.9914240386605071
45759,0.0008820280809420185
45764,0.0011178403691784304
45768,0.033867891175800635
45781,0.9814160118252759
45785,0.001132061774223842
45798,0.9992794069053658
45801,0.00034932518989058816
45808,0.00048018580648088896
45814,0.00017004288409283363
45815,0.9981571061310416
45816,0.0010833037614378677
45825,0.9981123742078375
45828,0.0013907331024720772
45831,0.0013796910089343697
45832,0.0014164524240481732
45834,0.24019970819324146
45844,0.0010833037614378677
45847,0.9999056200879407
45848,0.0004477483832174275
45853,0.006118530374424577
45854,0.0013307988318624966
45856,0.0008111064388331324
45861,0.9993073922169563
45862,0.003200498699888808
45871,0.9955074566814527
45882,0.0006267159385734216
45891,0.0013300679634671987
45893,0.0033677139844610006
45898,0.0016092569476333176
45901,0.9996436643658155
45905,0.9986233753235936
45908,0.005908230861233566
45911,0.006254613884860569
45919,0.00045394946711190876
45928,0.00031026313460935325
45931,0.006449615719931001
45934,0.0014511020675689352
45938,0.001380148197378687
45940,0.9985921748732034
45944,0.9436784984454363
45950,0.9965387827253478
45953,0.22657127283688758
45954,0.22657127283688758
45960,0.0016422587008850442
45965,0.0012271474886590772
45967,0.0003143536302787441
45968,0.23750327661741386
45976,0.002961083458421449
45977,0.0001618520844396058
45978,0.0003451250770609644
45985,0.22657127283688758
45986,0.9984482271945185
45994,0.0010464430983698882
45997,0.0015194836277969133
45999,0.22616074094976135
46000,0.22657127283688758
46001,0.0017574929880432352
46006,0.0015100400805556067
46010,0.0009563715007190842
46011,0.999910650488498
46012,0.99807308280733
46016,0.9984826018165908
46025,0.9871399606665947
46027,0.0010498717178804523
46029,0.002334439379739156
46036,0.001096917728311117
46041,0.00048533329594900576
46043,0.00017599106919682803
46050,0.9999099812098092
46053,0.016694212006392536
46059,0.0011702348541447456
46060,0.00011841780450058125
46063,0.0015791703776483154
46070,0.0003883736449047829
46071,0.9990313496462605
46076,0.0010438782634250496
46078,0.017303100682441206
46081,0.0013291188624175454
46084,0.0011605635614117247
46087,0.001371673114513097
46092,0.0006991751857918094
46093,0.0002052975184268755
46096,0.0026859740469527935
46105,0.00012744406882167825
46110,0.9971066286394584
46114,0.00047967642265628953
46116,0.9989206917422284
46120,0.0007966690672681808
46121,0.9970312043244436
46127,0.9999113113111305
46132,0.00013267853896643006
46136,0.025775414387858353
46138,0.9782416585045994
46140,0.0008029116286188012
46142,0.0010659507768699394
46143,0.9988922089684865
46145,0.0027054361426348495
46151,0.00012783986764278074
46156,0.053095075277704726
46160,0.001245251288466179
46161,0.01631952821168824
46172,0.0007102919879961844
46186,0.00012752230989528584
46187,0.000684645030242032
46199,0.9928207260860049
46201,0.0013348698390800106
46205,0.0021527643544181534
46210,0.9767255727314081
46220,0.025352132559897645
46222,0.0004302072639524154
46227,0.0021550397708196916
46231,0.00500031900456028
46237,0.9875127609997927
46244,0.0014083542789360148
46247,0.0005670873563902075
46250,0.0010452471797766732
46251,0.00046861673857394873
46252,0.0006966879998615981
46253,0.0021836496270654436
46256,0.0009525085783838622
46257,0.999260013402176
46259,0.9988449772842366
46261,0.008861750768877455
46263,0.22616074094976135
46265,0.0013821513918645734
46266,0.9992598195955456
46270,0.0003180246910803757
46273,0.001331689392075788
46277,0.9970863546155908
46284,0.00018903964965857187
46288,0.0027804138580734467
46291,9.872012475403934e-05
46304,0.003095511673860119
46306,0.00015804549448165763
46320,0.00020918986447955468
46321,0.9450597259539749
46323,0.9915460309965062
46327,0.002260426884842874
46332,0.005067409640708118
46336,0.9978045410144207
46339,0.00048777495670777226
46341,0.00016380731199865762
46342,0.0003327312140464381
46343,0.9996339812603401
46345,0.22625904865575544
46349,0.9978112042615326
46354,0.0010619655052582612
46356,0.00030939271266948475
46363,0.00045569312463283884
46366,0.0006975773853028527
46367,0.00178267202676959
46369,0.00031913016975200286
46373,0.9988753708559429
46376,0.0017371197698502654
46381,0.9986166589605026
46388,0.0007029329037916176
46389,0.001463646586070264
46390,0.9973595898528136
46396,0.003441518737573724
46400,0.0004418979087870981
46404,0.03618958596246453
46408,0.9989362673199882
46409,0.9999175339285296
46410,0.0017548913121623977
46411,0.00044489171848583744
46413,0.22625904865575544
46416,0.000660959086066383
46419,0.9979322001468804
46428,0.01698418643586117
46432,0.9990959409799556
46433,0.0007690416399863258
46434,0.0011112648202508892
46438,0.0001359177196316374
46442,0.0010981223801538285
46443,0.001128086752113423
46446,0.002195896806603622
46449,0.0010515251242219138
46456,0.9440671783225519
46469,0.9986148385569192
46473,0.0016452368773261811
46474,0.0003896265861256589
46483,0.002627208554064796
46486,0.0007002520334353098
46490,0.00031966007170218405
46494,0.9927390451398485
46495,0.03298377016331353
46499,0.00020196615289364326
46503,0.001452419859977797
46506,0.0007687546215149313
46518,0.0006952652153043761
46519,0.0016679868808293916
46526,0.22657127283688758
46528,0.9987714404423622
46533,0.0014371972906208647
46540,0.0013590831895222099
46543,0.000617195386156787
46548,0.9985750042881401
46549,0.00019122555210467513
46553,0.0016688051415292564
46555,0.001407977506847136
46557,0.0006726134765226455
46561,0.0016484912658859898
46567,0.0004296380640053529
46568,0.9453424292943235
46571,0.0013345187568387712
46580,0.0010073047510849784
46581,0.0014375268937353023
46582,0.0002010354074752237
46592,0.22657127283688758
46594,6.19144594895444e-05
46595,0.0009418602324817033
46597,0.9992473478268109
46599,0.0022852671255265385
46602,0.0011025989652740508
46612,0.9978603280506972
46623,0.0010438782634250496
46625,0.999764615149254
46630,0.002977883124526665
46642,0.9993073161566206
46645,0.0010086163021373286
46648,0.0007496685596809076
46659,0.0036333354002787196
46662,0.0008496391828160145
46670,0.005887654172367313
46671,0.0010452471797766732
46678,0.9983869975001888
46681,0.9888324095595006
46687,0.006061414079399717
46688,0.00014111378431680798
46689,0.8606880478479106
46690,0.0003126293830721688
46697,0.0002009011313095166
46709,0.00010186744687300711
46711,0.9986150679886043
46717,0.0013300029905555474
46718,0.000950112577272678
46719,0.00030742534552503643
46720,0.0013354064721763487
46722,0.00499373130657878
46726,0.0007696865447883307
46729,0.00014909794453132463
46731,0.0007813396227112132
46732,0.00016205781037565423
46750,0.99917725777484
46752,0.0040109032010436805
46754,0.0012280468589490568
46763,0.09186008517839735
46774,0.001049268343530753
46776,0.001380740364277015
46780,0.9927278082718352
46784,0.0196894417827647
46786,0.0006790915022883941
46791,0.0012600146710421737
46793,0.9456502705979688
46796,6.217883990014462e-05
46806,0.9783114074961673
46820,0.9996464924787788
46824,0.0004418979087870981
46826,0.22657127283688758
46830,0.0007810042603928674
46831,0.0013729880462250428
46837,0.0013999039444806672
46840,0.9992169518793335
46841,0.9950813518673503
46842,0.0022494637751515173
46845,0.00019141907940611918
46846,0.997018844808916
46852,0.00039918059139315196
46855,0.0005046404703671414
46860,0.0036779248197996296
46866,0.00013580996513210724
46868,0.0010510445530828698
46871,0.0011010012526497179
46873,0.0014880425284179329
46874,0.019679155272812335
46882,0.9986143618724783
46888,0.22616402368765462
46893,0.0006996043102088676
46896,0.006232305318654189
46898,0.22657127283688758
46900,0.0006306799618796721
46907,0.0013322091665977033
46908,0.999918737136771
46911,0.0010806486786394327
46912,0.00015471426026713399
46914,0.9994807511270318
46915,0.9979327580106979
46916,0.0003763803379381581
46919,0.001045566547486201
46921,0.0004944186929114205
46927,0.0006966879998615981
46932,0.000498385730007747
46933,0.9942429742949751
46934,0.99926454923244
46948,0.00041837812677162945
46952,0.9993422971894115
46954,0.0007000677441272146
46956,0.0003682431607351844
46963,0.00016544112014817752
46964,0.9958173112140739
46966,0.0013571702656009093
46969,0.001377524061619024
46971,0.9986148385569192
46973,0.014312117906596726
46974,0.23028274239164118
46980,0.00038046924077820486
46985,0.2324605716649962
46987,0.048457369453424534
46998,0.0001421316673047207
46999,0.00030060142746722064
47002,0.9958858286298258
47003,0.9954613328659703
47006,0.0006216182676702413
47007,0.9970312043244436
47013,0.22956670992818623
47015,0.0009524884747558185
47017,0.0016112661799635758
47026,0.22657127283688758
47032,0.0002051338000493013
47033,0.00048126391996409454
47035,0.000620557535269359
47044,0.003664749669475009
47048,0.0013362002191384499
47050,0.00024005434193028442
47055,0.0014131002308162984
47056,0.9988656220272893
47062,0.001723973769759627
47067,0.00045624403902305016
47070,0.0014083542789360148
47072,0.00013622532287545726
47075,0.00018462008329184527
47076,0.9986236033432372
47079,0.9986666229903549
47080,0.0013291188624175454
47084,0.019714779477397554
47086,0.00014961701999757242
47091,0.0003812879945161008
47097,0.999634454122426
47100,0.0016871218757348093
47102,0.9988637144124641
47103,0.9442976846853355
47106,0.9456442839815158
47109,0.00526022052868681
47113,0.998573734809393
47114,0.003592498852409286
47121,0.0002009011313095166
47133,0.001214950714446616
47137,0.002597076423563368
47138,0.00014907131026891085
47139,0.9428798594141724
47140,0.9993527616670553
47143,0.9986143618724783
47145,0.0010509522879562382
47147,0.004501555928656356
47149,0.0014501999464503082
47150,0.2295231799323673
47152,0.0007839573744602516
47155,0.9999121505630186
47157,0.9984097386271265
47164,0.9954965155709099
47169,0.997781347747072
47174,0.002561062070313612
47184,0.00014328462012169277
47188,0.0007493393618039271
47189,0.003393799558115074
47192,0.9999126007820438
47193,0.17586033977849544
47194,0.00042701978239239637
47196,0.0013348698390800106
47210,0.09200786674642966
47215,0.0013999039444806672
47218,0.9983713036725433
47220,0.0013834738682019735
47222,0.9980822548905642
47227,0.000453312245330393
47228,0.22657127283688758
47233,0.94545500887448
47237,6.736334536056497e-05
47238,0.00016563395359249063
47239,0.9959008545330789
47240,0.034183456985844046
47243,0.9983730458788813
47250,0.29474394089218725
47251,0.05433199482605935
47252,0.0001525389939736037
47253,0.22625904865575544
47254,0.0011640833791584785
47258,0.9986148385569192
47260,0.0004936627239926127
47263,0.9989366246122648
47264,0.0004023952864466917
47269,0.9999029137739205
47274,0.0014409502344232819
47277,4.7516711243914706e-05
47278,0.00047686401382278045
47282,0.00038594624474064644
47286,0.0017518971556038346
47288,0.0036179837968966858
47291,0.9986148385569192
47292,0.001369094051946467
47296,0.000728001088452634
47300,0.9928476499727915
47304,0.00014872835302500353
47306,0.0035319898472917464
47307,0.00021283540640743733
47309,0.00048322185492693696
47315,0.999918737136771
47316,0.9989013005389563
47324,0.0005718306332893944
47325,0.001128266723528221
47326,0.9985758113591313
47327,0.9985914571013449
47328,0.0014237001549568147
47336,0.0001598999700720057
47342,0.0013726080425370594
47346,0.0010178388260739994
47347,0.0007453718051685474
47351,0.0006379323595421837
47364,0.230073678156334
47365,0.0014838455200156238
47375,0.0002010354074752237
47376,0.001333095347657979
47384,0.008031928772630509
47390,0.0006711115907429871
47395,0.9974940852479158
47398,0.9981273226699174
47411,0.9970863546155908
47416,0.9983709204726968
47417,0.0010942319041455464
47418,0.0007813396227112132
47425,0.009964448490285964
47434,0.0007712741108100739
47456,9.917450725599586e-05
47457,0.9985325903156814
47465,0.0015284606247432323
47466,0.9984826018165908
47472,0.00031987292424352906
47475,0.00029005153910296576
47478,0.0014705989879929225
47479,0.0001274676634252979
47487,0.9970192272901017
47497,0.002218365302907354
47498,0.00041433937587932826
47503,0.0028585344621626847
47509,0.0004693646274448132
47516,0.0006122607531627255
47520,0.0010464430983698882
47524,0.9653802171072899
47525,0.00010166303033016718
47537,0.0021644320626935617
47541,0.0014096983082058482
47550,0.9975420489900294
47551,0.0014758746799037447
47555,0.031830301828855344
47560,0.03167075503273076
47563,0.0013902349147649831
47565,0.0018306765660614913
47571,0.9988967414695135
47574,0.9990376927716803
47583,0.0006966879998615981
47585,0.9989675695340388
47590,0.0004952615523613277
47600,0.05259541886017934
47608,0.978450324369313
47611,0.008172161734283864
47614,0.000857430416828654
47615,0.0011317639717975667
47620,0.019676593562196563
47627,0.9988087024603701
47632,0.0003030809810600829
47633,0.005974597331260702
47634,0.9999123000033083
47636,0.0013345187568387712
47637,0.000698492488714771
47641,0.9993468096374347
47654,0.0001432379732091041
47655,0.001060082620843184
47662,0.0008429059104080102
47663,0.0005750595701556767
47667,0.05432477380470989
47669,0.0026575110413986007
47671,0.0002010354074752237
47672,0.0015308241991396508
47675,0.9999184138384352
47676,0.0004870944018351567
47691,0.002050697432310145
47692,0.00028900556376802033
47696,0.00015865132311938587
47697,0.00016807880305913308
47699,0.9993073922169563
47706,0.9915199874125837
47714,0.00035639762817584635
47715,0.0010580933618531375
47717,0.0002668559772037246
47718,0.0013958954152990303
47720,0.0007160175984018477
47722,0.0015151653261516475
47737,0.9988922089684865
47742,0.22616074094976135
47744,0.0014375110054532364
47751,0.00014217886607164096
47753,0.0013345187568387712
47755,0.04951788144744593
47758,0.000716813497221557
47760,0.9988955185476442
47768,0.9984490899927335
47773,0.9988978629965568
47777,0.0004793286224353578
47785,0.00045231844772786574
47787,0.0027439117061509835
47790,0.0014379229175321819
47801,9.918270096501619e-05
47804,0.9992639122615118
47809,0.0003407776991232581
47811,0.000128292685148039
47814,0.9987937001243473
47815,0.9986305855476181
47823,0.0007810119472820578
47828,0.0006565776351704015
47831,0.00020524347923135916
47839,0.002183627355617644
47840,0.0005148483808554405
47853,0.0009613540227446023
47860,0.0013845558987120139
47871,0.001413528874628642
47876,0.9992312893243199
47877,0.23256578420239737
47878,0.001440167241402751
47886,0.23750327661741386
47887,0.0002238662636766416
47891,0.00020149712626543455
47894,0.006156252425259096
47899,0.0001628330252328652
47903,0.001436194610590853
47906,0.0010501479945533093
47914,0.0001430259469485561
47915,0.003410958010864376
47916,0.00020077750338377059
47920,0.0010501479945533093
47926,0.0001743926643837247
47928,0.9988896118921218
47929,0.00024131694481281028
47930,0.0014068190724576377
47939,0.0003375142854283795
47942,0.0004552227780204413
47945,0.03538312188968797
47947,0.0007712741108100739
47949,0.001519154329080602
47955,0.0057957797334466125
47956,0.0013526852184856703
47962,6.780771594463661e-05
47974,0.0006976019373648895
47977,0.976391799707604
47978,0.00018918823322285934
47996,0.2312822821505752
47998,0.0007629555108148832
47999,0.034584279367399266
48010,0.0013291188624175454
48016,0.9988365935479665
48017,0.00031966007170218405
48018,0.23419717249782482
48021,0.002792108307237559
48030,0.0014313812509820288
48033,0.0003333797667657057
48035,0.001051248485630149
48041,0.00045951723630483816
48044,0.0006766552763144068
48046,0.0027111791134952906
48047,0.04529959436321679
48050,0.9984826018165908
48058,0.01979043567025439
48065,0.0006952652153043761
48066,0.0015018049892994846
48075,0.0004053872897623177
48081,0.0010452471797766732
48082,0.00173828211096954
48090,0.2309655046758487
48098,0.9982169463739432
48104,0.004024629684088701
48105,5.23714263507241e-05
48107,0.0012338299146150815
48110,0.9998916282830039
48115,0.999168766773717
48119,0.0006509042779784649
48120,0.00010145276258293753
48122,0.0013348698390800106
48127,0.0014281882184853587
48131,0.0016688051415292564
48136,0.0016942690996642746
48144,9.975351637053332e-05
48147,0.9990761855923281
48150,0.22657127283688758
48152,0.9453424292943235
48171,0.9986021610332889
48174,0.001047006435444386
48177,0.0015431216442574347
48181,0.0016600324374479605
48194,0.0004794146150433534
48199,0.9983249129342294
48200,0.0015754029084524038
48203,0.0001276735371185495
48205,0.0011011126923134065
48207,0.0010464430983698882
48210,0.24072727239808026
48211,0.9444003451692202
48219,0.0011399708122962987
48221,0.9985750852563301
48223,0.22625904865575544
48237,0.0014676798972330716
48240,0.0009493826233820511
48241,0.0015748077035188537
48245,0.0013357577876434072
48248,0.9991464471769107
48253,0.00020462806734154523
48259,0.0026825624924714884
48260,0.9970307188079839
48261,0.0013902349147649831
48262,0.0013348698390800106
48268,0.0003191347006408832
48271,0.00014558037994762965
48273,0.0006261952573056372
48274,0.0009861015495918816
48279,0.0006977610194942836
48286,0.22657127283688758
48289,0.00014302470982606162
48295,0.23593286387884368
48301,0.000704214258641137
48304,0.0011246618235625123
48306,0.0006723694469421286
48315,0.0005968290624668109
48316,0.9993107304733755
48319,0.0013696313747481202
48320,0.001359524593360047
48323,0.0010464430983698882
48334,0.9988922089684865
48336,0.9208845489400969
48341,0.9986090462513629
48342,0.22702552144972182
48350,0.0010515251242219138
48363,0.9992716511869078
48370,0.0006991751857918094
48377,0.0004829529506778748
48384,0.00036845370089677674
48397,0.9995874930739682
48403,0.03298377016331353
48405,0.9966972370557855
48406,0.0004792378616015857
48413,0.9997885281733236
48414,0.005028927345122102
48417,0.00017269609331636135
48423,0.0007006254789228897
48428,0.0011175928490144852
48431,0.9966259161720872
48434,0.9988922089684865
48437,0.00018668394012336155
48438,0.23174060758086784
48441,0.0015832890411094263
48447,0.0003205945825388334
48450,0.00020149435892303092
48458,0.9927329338599136
48462,0.0015173223316772135
48464,0.22616074094976135
48465,0.00018620128612467226
48467,0.22657127283688758
48469,0.0003489740366257951
48480,0.0010464430983698882
48481,0.00012635222133273582
48485,0.0013322091665977033
48494,0.00045655238533773225
48496,0.9819053416822741
48514,0.9121558427834109
48521,0.997977616512353
48524,0.0003365399369110449
48526,0.0004745685044796116
48528,0.001049702239086422
48538,0.004905000795198723
48540,0.9990125644890306
48545,0.0002110563755715769
48551,0.9964571730959096
48552,0.0013317733712112448
48556,0.00045363975890221384
48558,0.0015747883844338026
48563,0.00016111506079300123
48564,0.0010498717178804523
48566,0.0006966879998615981
48575,0.0006966879998615981
48576,0.22616074094976135
48577,0.9984522375418247
48580,0.0196894417827647
48584,0.0004908583668842521
48585,0.0014216826041676674
48588,0.23492172791525795
48604,0.0005153096173826609
48610,0.00015346621882501155
48615,9.970100167826245e-05
48620,0.0004397358389738936
48626,0.0007280472492937065
48627,0.002853860344665445
48635,0.001049702239086422
48639,0.004984869892003691
48643,0.9983878459714374
48650,8.563751849619889e-05
48656,0.9986137426461222
48658,0.2491796675850951
48660,0.0006966879998615981
48662,0.028437771590568085
48682,0.943822545609877
48684,0.00016759551290260234
48688,0.001068259208716907
48689,0.0007046055202738065
48693,0.008503004918197648
48694,0.9979172591785085
48695,0.000646064454442402
48699,0.9993163308971051
48700,0.001706071801172197
48715,0.006361554567268923
48728,0.00161767403811739
48735,0.0016951201890354035
48736,0.003935935231072461
48742,0.0003424140792354095
48743,0.00014040924902933226
48745,0.00046053817273255073
48746,0.998480389568744
48748,0.0001430259469485561
48757,0.0003479614106248209
48759,0.0023273889725420483
48772,0.0008721748691592683
48777,0.0012339181893047885
48787,0.9995030570471978
48788,0.22616074094976135
48795,0.0004912838797354899
48798,0.0004715605456856648
48799,0.0007442221694999034
48807,0.03702340333701286
48810,7.164378374962948e-05
48811,0.0014134719568379994
48812,0.9990177148214898
48816,0.9992615044913079
48819,0.0006987764805758616
48823,0.001343140019131108
48829,0.00047951223277896583
48831,0.9992036686003223
48833,0.9970312043244436
48842,0.0007360989326132496
48844,0.0010274129636771024
48849,0.22657127283688758
48851,0.0003357179121063202
48855,0.0006058637249982483
48856,0.0021558455484778434
48859,0.0036079130342075148
48863,0.9992253869752489
48871,0.997350627855325
48872,0.0003869433349032989
48873,0.00048270692995010456
48874,0.00029130414554771124
48876,0.2344029589311133
48877,0.00016752448043222374
48878,0.9977051106171652
48879,0.2323521827812824
48882,0.00031950792554199115
48887,0.9984767842381782
48890,0.002377974886822951
48895,0.22616402368765462
48897,0.0014623613453630536
48899,0.00044906695259841646
48904,0.99727090224333
48910,0.032103034702211646
48912,0.998573734809393
48915,0.0014289310540068776
48919,0.9973532722491685
48922,0.0007847334312161508
48925,0.9973052269150993
48926,0.9991962948824015
48928,0.0016446724650370755
48929,0.0059410732174818804
48932,0.0014420017982032856
48943,0.00016808231745561546
48951,0.2343670686352531
48957,0.00023335081818866304
48960,0.9983196071656391
48961,0.002029548496214563
48977,8.14097066101317e-05
48979,0.0010498717178804523
48981,0.00033634396696397944
48982,0.0012553077604537935
48986,0.9947490990862581
48996,0.00863427780631913
49007,0.00021310272347015236
49008,0.00045118421846465114
49009,0.0010464430983698882
49011,0.005994287240668809
49014,0.0007669559750051303
49015,0.0015091674966772393
49024,0.0028278306284208856
49025,0.019993459157332374
49026,0.00021025279625876
49027,0.0004527635203654146
49033,0.9986150679886043
49043,0.0009847195534622342
49046,0.9977751141203185
49061,0.00034928198652627214
49063,0.0011203992524009122
49065,0.03281964348467313
49068,0.9901881091508097
49073,0.0006856086870705379
49075,0.0033812650524100204
49082,0.2343670686352531
49083,0.9990247626493131
49087,0.0013621453380718196
49089,0.001507717764193154
49093,0.001054046991321069
49099,0.9999113113111305
49105,0.0013345187568387712
49112,0.9956547090025758
49113,0.9919719738103351
49126,0.994290438132642
49131,0.9440671783225519
49136,0.000344389383389648
49140,0.004055004411319455
49146,0.24090041554296615
49147,0.00033777895412361497
49151,0.9961155004203176
49156,0.05247978854827602
49160,0.0012802962583039078
49162,0.0003412921011103073
49168,0.9973694284357792
49169,0.000810684678658356
49175,0.0006966879998615981
49176,0.0014110333266809832
49181,0.0021733304537843267
49182,0.0010829642385075905
49186,0.00027329617776038
49194,0.2323521827812824
49200,0.00020183125518719229
49209,0.00030387674187477994
49210,0.0009425051344602491
49211,0.06666133611678732
49215,0.0015357487938447915
49222,0.019676593562196563
49230,0.999025280608311
49234,0.9985914571013449
49240,0.9986148385569192
49242,0.998480389568744
49245,0.0013401025523787251
49246,0.0016612139562242401
49247,0.0013891861129021862
49256,0.0008164093268427686
49259,0.0013874640415193944
49268,0.0001398358406946324
49272,0.009066325389642546
49279,0.0196894417827647
49280,0.9989726154393523
49281,0.9999089352042652
49282,0.0013696313747481202
49284,0.0005722842059961409
49285,0.001096838710863733
49289,0.0010498717178804523
49293,0.00032322056329485053
49294,0.00023046657678361314
49296,0.0013288892322911377
49298,0.00045848109849250425
49300,0.0004956515505784148
49303,9.832380476954721e-05
49306,0.00027208323972600804
49307,0.000621325105682444
49308,0.0013615384934282096
49310,0.9990247626493131
49311,0.000500108958546625
49314,0.9735611712692808
49321,0.00031815948035191215
49322,0.0013470029003107055
49324,0.02526892576629375
49326,0.9766686692037957
49336,0.001564784910533493
49338,0.00017331707070925833
49347,0.00010066135458079547
49350,0.0003202993876798134
49351,0.0003786342097377143
49352,0.9958664426205494
49353,0.017468425433944522
49355,0.22616402368765462
49369,0.001051248485630149
49372,0.9992615044913079
49379,0.017306501804527082
49383,0.998573734809393
49385,0.0011875420708952439
49387,0.22657127283688758
49392,0.0014529531307316851
49393,0.2298534178247721
49396,0.0002166980640122969
49401,0.9425076221739667
49404,0.0010498717178804523
49405,0.0007208467003724519
49412,0.9871399606665947
49419,0.9946482484320808
49421,0.0010505132871745637
49422,0.0016781926910577998
49424,0.0011691073166271186
49426,0.0009817812428014217
49428,0.22657127283688758
49431,0.0014072204520129536
49433,0.0006966879998615981
49439,0.0010523813291458371
49440,0.9983899397300303
49441,0.00014237199822298016
49443,0.9986418312153114
49448,0.0013322091665977033
49450,0.00040379100569651165
49454,0.0039849832262253
49466,0.00014217886607164096
49467,0.0007806075959110731
49468,0.0014612978058030886
49482,0.0015756437554703571
49483,0.9998878542802658
49484,0.0010478153746551816
49488,0.9778845072208
49489,0.0012449770895696355
49493,0.9986150679886043
49495,0.0003026142119106166
49501,0.0003484090330796223
49505,0.0007687546215149313
49506,0.048798890799372434
49507,0.9999113113111305
49508,0.00013267853896643006
49511,0.0043465166915664525
49523,0.00012614809460800665
49525,0.0006977473254203455
49526,0.22657127283688758
49527,0.0014758746799037447
49528,0.23750327661741386
49529,0.9440671783225519
49530,0.9993527616670553
49534,0.0006975773853028527
49535,0.0009451713948833419
49538,0.002149489430738325
49543,0.00019182434521731608
49545,0.0009560336777441433
49546,0.0014400406695055015
49548,0.0003067860958483709
49550,0.00046575100796246086
49552,0.9782416585045994
49553,0.0014375110054532364
49559,0.9988680504016219
49563,0.0013322091665977033
49564,0.0026103793651762464
49566,0.00011125694742398099
49578,0.2254425880817883
49579,0.0010472728777818627
49586,0.005000225263073199
49589,6.144983408799186e-05
49597,0.0002010354074752237
49598,0.9996139071137302
49607,0.00031802703645052453
49617,0.9972266787506836
49623,0.000386400792617836
49624,0.999075212174884
49626,0.0007770994151593346
49628,0.0016402011567248913
49632,0.00884450910857864
49634,0.9435154382203327
49635,0.0013348698390800106
49638,0.9999163430029361
49640,0.0009399419371152216
49641,8.85019245753741e-05
49644,0.0007810042603928674
49645,0.004176606893470867
49652,0.0013068359216952257
49653,0.026022601103692325
49659,0.0013403713961614723
49661,0.0006076911455340888
49663,0.9984360822851446
49666,0.998714965160614
49668,0.0051706000890069225
49670,0.9973593631317283
49674,0.9991468719513982
49682,0.0013362002191384499
49683,0.00014801111183409795
49685,0.9954469672299601
49686,0.22575401432258457
49691,0.9993009785817464
49693,0.03780079152969999
49695,0.00012401408150451918
49701,0.0014862467150935552
49702,0.9988922089684865
49703,8.620731962683254e-05
49704,0.00020634002776591905
49708,0.001388555457439006
49709,0.0011112446676658264
49711,0.0063129298185503465
49714,0.0004539793410095326
49718,0.999308208254802
49721,0.00012355845158283873
49722,0.0534545733402112
49730,0.24090041554296615
49732,0.9957885368809827
49734,0.0019221038816009174
49738,0.0013308987936704712
49739,0.001568296061062661
49741,0.23419717249782482
49742,0.0013902349147649831
49743,0.9992701461707814
49750,0.03607025028877854
49751,0.9988530294639527
49752,0.0010464430983698882
49759,0.0002004367955628281
49760,0.0004648531305158879
49761,0.23492172791525795
49766,0.0016937277514158483
49768,0.0001433594238557
49774,0.9988922089684865
49777,0.9992457231675563
49780,0.9991925757935456
49789,9.38881379513827e-05
49795,0.04646136525436408
49797,0.00461725841515715
49798,0.002698849039668145
49802,0.002644858586511598
49805,0.01708716692642752
49809,0.00045039740141337314
49811,0.0010501479945533093
49822,0.0011151007346656104
49825,0.9993863452363424
49831,0.0003552863785987358
49838,0.22709659507387725
49839,0.0003056777923829598
49843,0.009965936238678046
49847,0.0002790480861030166
49848,0.17726005880322007
49850,0.0063753031239285095
49855,0.2318152533770567
49856,0.22709659507387725
49858,0.0004758427514386202
49859,0.0016930956432565697
49862,0.0003854830653524927
49863,0.03186353020738692
49864,0.00015133936854021008
49865,0.9997903900147432
49866,0.9986728635641169
49867,0.9993009955600912
49871,0.001413707849817498
49873,0.0010495789483104545
49875,0.0014591517241105785
49879,0.9943056894943357
49882,0.9955887905578863
49885,0.9985758113591313
49890,0.0004433399885102694
49896,0.1757290546574011
49898,0.0014188194614010215
49900,0.00012672347685382585
49903,0.00047998471390810123
49906,0.0039515461392772575
49907,0.9985758113591313
49908,0.02175848595386596
49909,0.0010659507768699394
49911,0.001327806224507608
49915,0.00838366129222485
49923,0.00038181454725570447
49931,0.00039429647161685937
49932,0.0011082179021867757
49937,0.0035625146227752638
49940,0.0014295828565988617
49946,0.003975325301246986
49947,0.9432053625893546
49950,0.9957885368809827
49961,0.9985758113591313
49962,0.0014027669815895017
49968,0.9986051462284322
49971,0.0013300029905555474
49973,0.0026503141047355934
49980,0.9990915778651328
49981,0.9970682000665546
49989,0.0026057532245914207
49991,0.9986511031320976
49993,0.0013347052783396949
49994,0.00045617995593449093
49998,0.0020706552880653964
50000,0.0010013071501998496
50008,0.9973629013459271
50010,0.0009442490961498326
50011,0.9984519816433097
50012,0.9970644904451278
50013,8.538930182010967e-05
50015,0.24072727239808026
50016,0.0010259977995006355
50021,0.0010254026692015825
50026,0.00041625044220939644
50027,0.9984368791096894
50028,0.01684985673889874
50031,0.9452406644764753
50054,0.03462771292196001
50058,0.0002041610211889862
50062,0.23492172791525795
50063,0.001408788335668933
50065,0.0010501479945533093
50069,0.004170872945637685
50070,0.0006966879998615981
50082,0.00015896643082057588
50084,0.9976514377450303
50086,0.0013348698390800106
50087,0.9950244667340192
50091,0.0001451667682567078
50097,0.0006987764805758616
50099,0.9985176269129183
50109,0.00032782333584051987
50111,0.0015426407969970054
50114,0.0013649855255402628
50118,0.0006067854362390789
50119,0.0003406426148891385
50122,0.001220990410132985
50123,0.000711374662836314
50130,0.00016512169619584114
50136,0.00034496227140488477
50142,0.0004802124364023895
50144,0.999256557152042
50147,0.999056432151701
50156,0.9986250416966778
50159,0.0010073047510849784
50161,0.0014213447137369202
50168,0.9795620560139011
50169,0.0003314388818362721
50170,0.0004047769849470841
50174,0.03664838799905289
50179,0.0003043086899916475
50187,0.9988922089684865
50188,0.9970947342232688
50189,0.00041236227456606785
50191,0.0007109662243726057
50196,0.0011771014538338907
50199,0.0007029981920071021
50203,0.00046867322860331533
50206,0.9988896118921218
50207,0.9990674644071869
50209,0.9992759073712262
50211,0.0016444956334627063
50215,0.0004477483832174275
50218,0.0003180246910803757
50223,0.9999041138719997
50225,0.9986229419631962
50231,0.00048747342404804693
50232,0.22625904865575544
50237,0.0016537896557860246
50238,0.00012912139716084905
50242,0.0003449741838712862
50243,0.0006952652153043761
50245,0.0002058016492177184
50262,0.00012672381735833485
50263,0.0007955693904269192
50268,0.0005177159522743702
50269,0.00015311472717477847
50271,0.17632403296100435
50272,0.00033721571745356957
50280,0.00015331145465469993
50283,0.0014631712474470636
50286,0.0013642566531672925
50291,0.0004643623055626951
50293,0.002877435452856332
50296,0.23226280976149838
50301,0.02532672940982466
50302,0.9992601683497175
50303,9.222842708865853e-05
50304,0.9984790017266675
50306,0.0016520352378865328
50314,0.9992927895012382
50322,0.9985758113591313
50323,0.9806365612285745
50324,0.22616074094976135
50327,0.0003476851836191016
50331,0.0007110273036140295
50338,0.0004625271590376441
50339,0.9985154778536038
50343,0.9986150679886043
50344,0.0002222664387885537
50345,0.0008113199347866156
50359,0.0008777539589298694
50370,0.001326923554743817
50374,0.0010501479945533093
50379,0.0010564115448589676
50382,0.0013307988318624966
50388,0.0007712741108100739
50389,0.0008359133514538718
50392,0.9986143618724783
50395,0.0013345187568387712
50398,0.005978805729436365
50404,0.00020773385007933766
50407,0.002434272279245236
50408,0.9927330691772777
50413,0.001386038788689005
50423,0.0007495366118885642
50424,0.0004702057542755509
50428,0.0003025760467558706
50432,0.000475267029500138
50443,0.0011178403691784304
50444,0.0003304051383307561
50446,0.9972966777692004
50447,0.23279735625649803
50448,0.0002018334887145647
50451,0.0008343309527068021
50467,0.00015698422472967954
50468,0.05523192961215001
50469,0.001000694142497759
50470,0.9991199409874298
50474,0.002256267948155636
50475,0.0010501479945533093
50477,0.0197870187544523
50481,0.9993018501754276
50482,0.9875127609997927
50484,0.00014579893141093993
50488,0.0022288498693503597
50496,0.026720327853830755
50497,0.00016168366866506386
50499,0.001020522471538378
50503,0.032129347712674165
50513,0.001326923554743817
50518,0.00020183125518719229
50519,0.9986511031320976
50522,0.0021592083237910206
50532,0.0016520352378865328
50533,0.016401432977589243
50538,0.0004568758611988706
50541,0.998895104699345
50543,0.00018407206871276475
50545,0.9991121930295982
50548,0.001403865816763393
50549,0.0004916104864111479
50554,0.0009945691346464666
50555,0.0015242959354436363
50562,0.0007158915692103695
50575,0.9970277827536402
50576,0.9999006414370679
50581,0.03661573335075158
50584,0.0008445243368034825
50587,0.0011087710330509196
50590,0.04857911272651506
50601,0.0007067889724599331
50604,0.032777234884345065
50608,0.0010464430983698882
50609,0.0010655530042030339
50610,0.0011051996513089014
50615,0.001439137659670329
50616,0.0011744535160556604
50622,0.00026626693928677756
50626,0.0007030566532787917
50630,0.9979886028114446
50642,0.0021359370949348795
50644,0.9962213078730903
50665,0.9999031584894112
50668,0.0016741268984816113
50672,0.9992752415961024
50677,0.00015981439726208695
50679,0.0013307988318624966
50680,0.0014375110054532364
50681,0.0004787977895311483
50682,0.9991518075094517
50688,0.01996464889652046
50692,0.10055664435018415
50693,0.0016545808926092997
50696,0.9992179810030387
50697,0.020107326572654644
50698,0.0002185278101598138
50702,0.00016833605626860907
50713,0.978080334877037
50718,0.0014631712474470636
50720,0.000785476385593065
50721,0.0014781915469140466
50726,0.000546894031864664
50734,0.0368313589455097
50736,0.00038416609088461653
50737,0.9992654157112392
50738,0.003391612288950701
50753,0.00048716632090291224
50754,0.9426601348148932
50756,0.9784411025977227
50759,0.0050280004680104354
50771,0.0011257738577357917
50772,0.0004777713500560634
50774,0.0013322091665977033
50775,0.017240986518061156
50783,0.9988767384323242
50785,0.9989383806289659
50787,0.0007044953709249145
50793,0.9986439648149862
50794,0.00048111269827669185
50795,0.002018185090820196
50799,0.03244826550810233
50800,0.9436689552719975
50802,0.003345296453547676
50804,0.000771058971623664
50811,0.0002746176541331007
50812,0.0006749627509412145
50818,0.00018603563915451976
50819,0.9950982520657984
50823,0.0032907378790211317
50825,0.9986653631371541
50826,0.0010501479945533093
50829,0.001952892010384916
50831,0.9992607728186575
50832,0.9967470372457219
50833,8.682791748229138e-05
50840,0.22657127283688758
50850,0.9990224943416612
50859,0.9979565702421734
50860,0.9987942719796166
50870,0.003419508969834689
50874,0.001461644812436
50875,0.001333095347657979
50877,0.0007852464507818411
50878,0.001053017831449094
50880,0.047781772970668115
50882,0.9888160506026128
50898,0.00043718678864360577
50901,0.00014872963947502827
50902,0.0014232462834741352
50910,0.0014374947574674192
50911,0.00033603557183788785
50912,0.0004565633486119729
50916,0.03468194340704529
50917,0.0013794529041710403
50921,0.0015521410881740951
50925,0.001495169818143304
50929,0.866261229850998
50930,0.001066492888589411
50938,0.0003473187485509297
50944,0.00013607303989328053
50945,0.001083249214126344
50949,0.00048096665171216415
50950,0.0010632593004963014
50957,0.0011317639717975667
50965,0.17607737635247553
50966,0.00021732048522485803
50969,0.0001615242888259119
50972,0.0011283787989234493
50973,0.003344758327864858
50975,0.0014223497245456802
50977,0.0013913827422059007
50982,0.0006977610194942836
50987,0.07037184754348028
50989,0.001518116243443934
51001,0.0003685590756305324
51006,0.0006785118484761338
51007,0.0013706758912141307
51010,0.22616402368765462
51011,0.9973209828305315
51012,0.24019970819324146
51020,0.00015199007169321092
51022,0.0001357137785080548
51023,0.00018283717870866523
51026,0.0001661952103205266
51028,0.9988922089684865
51030,0.00027555689619604304
51042,0.9993073161566206
51046,0.00012654006211676948
51053,4.636929120392953e-05
51057,0.9986150679886043
51059,0.0006966879998615981
51064,0.00016205649512430272
51069,0.0014593988048681845
51076,0.2310584336059019
51082,0.00045949302308857397
51086,0.0014245122917482234
51089,0.0010647639112257093
51100,0.9441399216225865
51104,0.054465620859143304
51105,0.16899991335611758
51112,0.0007669559750051303
51124,0.0010149077851330781
51128,0.00020183125518719229
51129,0.00012851172924348964
51135,0.2344029589311133
51138,0.04639471952578725
51142,0.0003462455560768129
51144,0.0003762650892277746
51149,0.0013698331727575728
51160,0.9987919238928318
51161,0.001347357262421742
51168,0.00033573893208404816
51172,0.22936141743957172
51174,0.00046683014693315965
51175,0.9972995554156975
51185,0.00012590053277854415
51189,0.0006977610194942836
51194,8.80361805214819e-05
51196,0.998714965160614
51197,0.0001426291324641008
51200,0.00016281915426708687
51205,0.00031966007170218405
51209,0.0014791344056402827
51210,0.0013144169366390093
51211,0.03275097260875363
51216,0.0008417066912138499
51230,0.0027763248761441452
51231,0.005885543938276306
51239,0.9990306508845914
51241,0.0041492986570184085
51245,0.006320337593721513
51250,0.0012568200667778555
51254,0.9456502705979688
51256,0.03325773321809219
51261,0.0004919916765589767
51264,0.0010988999926620272
51268,0.0004431447679549665
51270,0.0013504451793759434
51271,0.03207981997588112
51275,0.0027317334211780144
51277,0.943139027381046
51281,0.0004780891141985686
51316,0.22657127283688758
51318,0.03689517147892809
51323,0.17166723079707705
51327,0.001338872824365021
51330,0.9987849195468865
51333,0.00012829130991772784
51334,0.0014814278255883013
51335,9.308910946293457e-05
51342,0.0006164269769690311
51345,0.0015428949580633402
51349,0.9981873903127231
51350,0.06496544456770809
51354,0.005986794702614783
51358,0.0011604825651328446
51359,0.005177269200079844
51361,0.00046590076918600585
51373,0.999261203217742
51382,0.9970384255862992
51388,0.0010573916558115981
51389,0.0009118576323594162
51390,0.9981167504734335
51392,0.9945135720442193
51393,0.0021464926147590786
51396,9.921547325304356e-05
51398,0.9986236033432372
51399,0.0010438782634250496
51402,0.00501472398857505
51410,0.9986150679886043
51411,0.00045949699631272616
51414,0.0003422131242914859
51415,0.22936141743957172
51418,0.00031987292424352906
51435,0.001333095347657979
51450,0.9997743158314402
51452,0.00032826680826895656
51453,0.0013566219526644642
51457,0.00066875084847936
51458,0.00012335520855530412
51459,0.9432340504463698
51461,0.999025280608311
51462,0.0003471878908181415
51464,0.0021397058573065847
51465,0.9992654157112392
51475,0.0010308601654767447
51481,0.9953811401316939
51483,0.9987108355622825
51485,0.9991072353753616
51492,0.0010697988637722617
51497,0.2310852208586498
51511,0.0007493393618039271
51512,0.2296620029799511
51514,0.2884648019933388
51517,0.004766962014869975
51518,0.001050644320867071
51521,0.0015175952842218167
51523,0.0007669559750051303
51525,0.9971024178037045
51529,0.0004530625009734468
51531,0.0013535850016856096
51533,0.00010301951775766261
51539,0.9435775386032649
51541,0.0004963550794105424
51542,0.9983275202096416
51543,0.0015265448850664376
51544,0.004907776390198419
51547,0.00029266465096821265
51551,0.0004806364758156772
51556,0.000613761190804908
51559,0.0013322091665977033
51562,0.0010464430983698882
51563,0.019776148642720946
51565,0.00044087193359309125
51570,0.0016116899508067826
51577,0.9988717567631635
51579,0.0003831544190494796
51580,0.0011044297925589446
51586,0.9971577879089288
51593,0.9928309838928541
51594,0.00016224716231067455
51596,0.0006966879998615981
51601,0.00031966007170218405
51603,0.9992505653261515
51609,0.0014016711602499602
51612,0.00021283540640743733
51614,0.9986139739345509
51615,0.2315887080674494
51618,0.9984949093687883
51623,0.9457069552305656
51630,0.0014166535026212904
51632,0.0006427725938585934
51634,0.0017725184752245854
51636,0.00013524359970631047
51640,0.9970147971577975
51641,0.9988152562985135
51647,0.9986150679886043
51650,0.9988546080069912
51652,0.002014572042690339
51654,9.966182127206336e-05
51657,0.0021517141002141593
51666,0.0006513406693166034
51667,0.0007157031669046038
51673,0.0013898679828959412
51676,0.9990675718495032
51677,0.22678385924336528
51680,0.00041833202093505056
51683,0.0010464430983698882
51686,0.00013706539488880884
51691,0.001326923554743817
51694,0.006587732615019618
51706,0.9992360053834437
51707,0.0013354064721763487
51710,0.9999111818246753
51715,0.9989206917422284
51722,0.00017561242044522604
51727,0.0006971763375887906
51738,0.0003426222493892808
51741,0.998490562148364
51742,0.0010637108068314936
51753,0.002017276437962255
51754,0.00024136332459026377
51758,0.002894950001193102
51759,0.9992616253557479
51772,0.00015677030796697268
51773,0.0006998527145761828
51782,0.9985874775387464
51798,0.00026399765257887925
51801,0.0007881041326019156
51807,0.9913914489890319
51814,0.9962023510075235
51818,0.05349037081404471
51820,0.0012279398069390175
51825,0.0014237001549568147
51828,0.0004571860719022064
51829,0.0008031704772941972
51834,0.9985774319499778
51836,0.9782307913214622
51840,0.9976613320553173
51847,0.9992585497315919
51851,0.0013698331727575728
51856,0.0028844928358424315
51857,8.622699633960785e-05
51859,0.0004706738215545783
51861,0.00045978916834117086
51865,0.0014442156068690095
51874,0.9999187466606257
51879,0.0015663420635361087
51883,0.9992641549846889
51884,0.001566512094138969
51888,0.00020612571681610128
51891,0.9987714404423622
51913,0.9446004873695794
51914,0.0002010354074752237
51917,0.0009533677699096561
51919,0.9998841009943407
51920,0.9991371967619248
51943,0.0021938157354911424
51944,0.9435740778560456
51946,0.002728138835426877
51955,0.00012637236095488296
51961,0.2339209848612568
51963,0.2324699157887524
51965,0.0008228673054199616
51966,0.001066492888589411
51970,0.00042239873917699673
51972,0.00027168468563247935
51985,0.0010779817611118814
51987,0.001481658998573748
51990,0.0006163696081096073
51996,0.008582188305428182
52002,0.23492172791525795
52005,0.0021893065314556497
52007,0.9791499404458581
52012,0.22616074094976135
52016,0.998497221333284
52025,0.003608681600082403
52027,0.0003889199990807756
52029,0.9949523526981148
52032,0.0002106197076725534
52034,0.9988753708559429
52040,0.9976879400566013
52041,0.0003038741138741712
52042,0.0015714142920229006
52044,0.02490079516552518
52049,0.0013308955902274096
52053,0.0003649977887112994
52056,0.001054315271855709
52059,0.0010501479945533093
52061,0.00046017989198907815
52067,0.0006434799220152818
52073,0.00475426214358595
52079,0.0003205945825388334
52080,0.001376953741713705
52083,0.0009533027813086737
52090,0.0014212364422210746
52101,0.00031966007170218405
52103,0.0002096875398224494
52104,0.0003542863342971969
52117,0.0006675564293423489
52122,0.0009637450166946111
52123,0.0028692730969766362
52128,0.00020874091572183732
52129,0.0014140851671555655
52131,0.001970999700007133
52136,0.0007494712748985762
52137,0.0027644281995420155
52139,0.9991825145372522
52141,0.0007896671106635941
52150,0.00014763217290913053
52159,0.0010515251242219138
52162,0.0014278126277986506
52163,0.0322249037980968
52165,0.0026648805679274274
52168,0.9990247626493131
52170,0.0007669703499864773
52173,0.00045003632995214293
52177,0.0007173536058979568
52178,0.0013782292069382037
52182,0.001333315511391967
52195,0.0003785668244955001
52197,0.00014435618840963465
52200,0.0008033457390011244
52206,0.0007186407321308786
52210,0.9977641836135139
52211,0.9990783642117366
52218,0.00012804357032021997
52223,0.005757824614844677
52229,0.00027543102964038354
52235,0.0011684446009834408
52238,0.0013322091665977033
52239,0.0009539258178052874
52240,0.0009682367917074452
52241,0.001220833254679118
52247,0.03389045832562652
52248,0.9986044350607051
52261,0.0016513915890475686
52262,0.046117800913338884
52263,0.9988922089684865
52265,0.9999111818246753
52269,0.9971629296314222
52270,7.952601857347096e-05
52272,0.00021079012063557212
52277,0.9980986600393446
52279,0.0004911118097599777
52281,0.7729033679033729
52285,0.0021647115856929587
52293,0.00020584645483328527
52296,0.00038315773242875726
52303,0.00032600205038609714
52317,0.9986051462284322
52318,0.0016067262802155534
52320,0.0010452471797766732
52321,0.9999118382098069
52328,0.0019897518322079125
52330,0.00043223458055951434
52334,0.0014144571519047492
52347,0.9965230061682071
52348,0.002649150393825286
52351,0.00043029275529268433
52352,0.00046719822186815665
52355,0.001134716170791325
52359,0.00014231256315987118
52360,0.00016648583014015647
52363,0.00048748263451491974
52370,0.002146687094582191
52371,0.9999121505630186
52383,0.0009583377276542228
52386,6.277427669241793e-05
52394,0.9995121213477252
52398,0.0010700803787119038
52399,0.0006966879998615981
52400,0.000169979329851643
52406,0.000301127645717052
52410,0.0014119116205110257
52411,0.9908935464992055
52415,0.0014631712474470636
52418,0.0016124057756886686
52419,0.0009817812428014217
52422,0.0003033156951641165
52425,0.03734987039698369
52428,0.02448100977785509
52429,0.9951216967933427
52433,0.010460766327097843
52434,0.0015013917752152944
52439,0.0012699016203688643
52453,0.9990931917256402
52456,0.0004418979087870981
52466,0.00047175099063604016
52479,0.0007280472492937065
52482,0.0006128622820342998
52483,0.002150121580150481
52489,0.003109532308786406
52490,5.184719504491868e-05
52498,0.0008023750819984522
52509,0.0003050849744125758
52511,0.9985774319499778
52512,0.0004794146150433534
52516,0.9996629446450442
52518,6.225562589721475e-05
52529,0.0011137372110754072
52530,0.04848279146139418
52532,0.0013308987936704712
52533,0.9986144800754457
52541,0.00047133373461652304
52544,0.9992539790978985
52551,0.00043018034546087736
52557,0.0013307988318624966
52559,0.9990679690447443
52563,0.0006670742038749202
52570,0.00019675747513123824
52572,0.003445402497458878
52573,0.23300479427181303
52576,0.0007084319402046391
52583,0.9970475031005077
52584,0.9942698787301033
52590,0.0010536356289917426
52593,0.0022020929253979593
52594,0.000952877275216341
52598,0.9985325903156814
52600,0.00043675418752864943
52601,0.23419717249782482
52603,0.001665466680203682
52606,0.8721300979226123
52610,0.22709659507387725
52621,0.036833350742658984
52622,0.9429391189737756
52626,0.9991629690203973
52628,0.9988013425728404
52635,0.9914487335515121
52639,0.0003342005498021483
52640,0.0007599592464986074
52644,0.008198243959630314
52653,0.9954389772012497
52661,0.0034178374750492516
52668,0.0003378983783557151
52669,0.001527182025207168
52672,0.003469511771745164
52682,0.0019902543143674105
52683,0.00033829862845268237
52686,0.994290438132642
52689,0.00012748102176528324
52691,0.23244005659757513
52698,0.999096978004337
52699,0.03389045832562652
52710,0.0004944105964161358
52712,0.00044885682773502427
52719,0.22616402368765462
52722,0.0016087568893334188
52728,0.00012572651944680683
52735,0.000991865818114264
52736,0.00048294068790067464
52738,0.0028886448154593417
52741,0.0014570441470706827
52775,0.00031966007170218405
52780,0.0008419279714313167
52789,0.0003974915403919662
52793,0.0021659184293430704
52794,0.00048281489038495216
52795,0.0014070551595431054
52796,0.0010464430983698882
52798,0.9970863546155908
52817,0.9993309409846938
52825,0.0006153344605682936
52832,0.9975725431007331
52833,0.004935305508505932
52835,0.001548429984609365
52836,0.9437212592281552
52843,0.0025990142548846114
52847,0.00016679326459444828
52853,0.9981167504734335
52854,0.0011631555145849902
52865,0.00048741736575105246
52870,0.9995420084761332
52877,0.0006276433684621938
52879,0.0021845827330663377
52886,0.0021887224269317006
52887,0.0004296592134812562
52890,0.9980553950986516
52893,0.001615877773873313
52894,0.0013666557122104528
52895,0.00047688886618089184
52899,0.9986173639076616
52908,0.0010891633546953646
52909,0.001691984397294045
52910,0.001079278485306069
52912,0.0013357577876434072
52926,0.05589736135660104
52936,0.998781983467862
52938,0.0010969872877945872
52944,0.0014210398706652348
52948,0.0012045699167307817
52949,0.0004326882455892043
52950,0.9972846655464708
52954,0.0007304683593448643
52955,0.00598171462251176
52958,0.0009718589068579269
52959,0.0014281882184853587
52960,0.0006975773853028527
52962,0.0019416102192983274
52965,0.0009743449743534083
52966,0.0013345187568387712
52969,0.9992475791349131
52971,0.9435956353003266
52972,0.00481683524240495
52975,0.00020982910113697442
52978,0.0010464430983698882
52981,0.0003070413030331895
52984,0.0003376842708191078
52992,0.9995414309084718
52994,0.0025606385867558558
52995,0.0014960311371692845
52999,0.9954469672299601
53007,0.0003180246910803757
53008,0.23593286387884368
53012,0.0005002723464028566
53017,0.9988877262868621
53020,0.0006975773853028527
53025,0.0014017390890457286
53027,0.0003421777504519855
53029,0.9888050421145763
53030,0.0014393711654235716
53037,0.9985304508398936
53041,0.998573734809393
53046,0.09578063190147042
53053,0.001333095347657979
53056,0.003559790458653219
53061,0.006313802613965383
53065,0.9976166335580837
53067,0.0009861015495918816
53074,0.23277057286909314
53075,0.997812318767212
53079,0.0049376799123420296
53080,0.9888411982576057
53085,0.000664710202014343
53086,0.0007076610879143874
53087,0.0033919998509845247
53094,0.976391799707604
53104,0.22657127283688758
53107,0.0014511020675689352
53113,0.004481842007851147
53114,0.0004907745637957502
53117,0.035798003395946014
53124,0.0003177170241375779
53127,0.0014131002308162984
53129,0.0003060436739026612
53130,0.001430731303160893
53134,0.0003372671568692079
53135,0.00017165162208806226
53136,0.0002458293058693558
53139,0.0014718449583169739
53140,0.0008232163379731251
53142,0.9999171899795671
53144,0.0003632997217435397
53145,0.9986148385569192
53146,0.00017197711827487774
53150,0.0013362002191384499
53154,0.9990248697052374
53155,0.00042779435419928763
53164,0.0006814467650495518
53165,0.9954079562355079
53166,0.9986250416966778
53168,0.0001262844635460769
53169,0.998809140528754
53173,0.9970243130043562
53174,0.0007669559750051303
53178,0.05386539656752588
53182,0.9968591897607416
53185,0.999222892450809
53188,0.9436281418497879
53190,0.006237730080438402
53192,0.019634410564360803
53194,0.0842140296625892
53198,0.0013361914437706342
53200,0.0475489599600092
53201,0.0001457459258939767
53217,0.0007158291629525414
53219,0.00017317657124046857
53221,0.006058339660525345
53228,0.9996635780373418
53231,0.0003775215643603162
53235,0.00043615931744091035
53237,0.0002711441731171046
53244,0.9438859785599762
53250,0.0021554761484516554
53252,0.001408413142975856
53254,0.000771477130364351
53256,0.00042101190170414267
53265,0.0004656454234731896
53273,0.0014922359586583887
53274,0.998869883544607
53275,0.018423132724627676
53281,0.9970218231607654
53286,0.0011317639717975667
53290,0.0010464430983698882
53293,0.00023335081818866304
53294,0.0006946826232793496
53315,0.0036079130342075148
53321,0.2396534739721599
53322,0.0003865115514754892
53324,0.9988540430979113
53326,0.0006191092966068542
53329,8.871133250388766e-05
53332,0.001702014687862648
53334,0.0021783558271618176
53336,0.0004678814240738856
53341,0.0007770994151593346
53342,0.9462101494022529
53343,0.002185450535788531
53344,0.002184867457787226
53345,0.0012243546000109695
53352,0.002146044300203583
53355,0.00012564749629139562
53356,0.0010452471797766732
53366,0.0007687546215149313
53380,0.09727269410029367
53381,0.00046795260636249905
53386,0.006232305318654189
53387,0.9998922464566924
53388,0.0004590731426898954
53392,0.9952469033217182
53393,0.9426024255661954
53397,0.0006698926337583524
53400,0.00013459552696625643
53402,0.9986150679886043
53407,0.0037893114444498828
53408,8.722755723608048e-05
53411,0.001333095347657979
53413,0.9999177462913829
53421,0.0006256600408531801
53424,0.0012575910074054896
53427,0.9986142505465007
53428,0.0006498343551140149
53430,0.00043006520737223314
53433,0.00515856027893379
53440,0.00046155770298405343
53447,0.9976378844721201
53451,0.0020676102911958865
53458,0.0004935380405031069
53460,0.9997887008388398
53461,0.005631404282293954
53466,0.00012938356670113505
53469,0.9992639122615118
53471,0.0005935447715846519
53472,0.9986150679886043
53474,0.02030131718232573
53475,0.0017758087700145064
53476,0.001079459838288595
53485,0.0001365527239085283
53486,0.22890387907949092
53487,0.0004543538039903225
53491,0.0013348698390800106
53495,0.997350627855325
53497,0.0011180370803099637
53499,0.9988581160053916
53500,0.01760142039143241
53501,0.22657127283688758
53506,0.0010498717178804523
53515,0.001047006435444386
53519,0.9998829984362801
53522,0.99921181063249
53526,0.008155525527347714
53534,0.000740211965019346
53536,0.9435370167272088
53540,0.0004736549933889889
53541,0.9988896118921218
53545,0.0020680052331999836
53547,0.0003174998407305086
53552,0.00047331392187937264
53556,0.0013581797564230945
53561,0.0196894417827647
53565,0.9987821171421936
53566,0.0011107437804627719
53569,0.0029025556789706907
53573,0.9993031452136113
53575,0.9957783469330913
53582,0.0012258607565742827
53589,0.0004508992462655635
53592,0.9988505853894409
53595,0.002184876232945153
53600,0.9985888563805164
53601,0.9983887649096298
53602,0.9992565033241326
53603,0.9984927150373031
53604,0.9999174986815249
53616,0.9986150679886043
53627,0.0016370345512522542
53628,0.9991268299345181
53632,0.0011108639574480648
53641,0.006465921814171794
53644,0.00048205939411839695
53662,0.00012794931857987643
53666,0.9986148385569192
53675,0.005251109061295925
53676,0.0005907668780169525
53682,0.998900014572148
53686,0.0010498717178804523
53690,0.002721649946600505
53692,0.22575401432258457
53704,0.0013977062264361097
53707,0.9970312043244436
53710,0.001482432313388383
53716,0.22657127283688758
53717,0.9992962544840605
53718,0.0013518870887181441
53723,0.9977240419121082
53724,0.9988581160053916
53727,0.0011319631303481296
53730,0.03435823954918707
53732,0.0006193820122452926
53739,0.9928309838928541
53749,0.0014552085524036046
53752,8.677135556275989e-05
53753,0.998781983467862
53765,0.0009432111800427365
53770,0.9971592646381153
53774,0.945465973189101
53776,0.0013387682921931767
53779,0.9984391546010148
53780,0.0004458902867404859
53781,0.9985729265633272
53788,0.00031987292424352906
53789,0.17964167317512855
53798,0.006061414079399717
53806,0.00033414170332179895
53807,0.0001909889822234356
53808,0.00038337087651912265
53809,0.00033265706518189936
53811,0.0041118287906141745
53812,0.0009727570502747795
53813,0.0008652301324719896
53820,0.0016608569742023948
53822,0.0006787526406186717
53828,0.0014083542789360148
53837,0.0033887187379203834
53839,0.002710076110810891
53840,0.001048379449698907
53848,0.0020801481945597914
53862,0.9986250416966778
53869,0.0013196104282543332
53871,0.0014068190724576377
53875,0.00031347040347843967
53881,0.00033110975778566067
53882,0.00043819435014286136
53883,0.9986148385569192
53896,7.221943046622619e-05
53903,0.004506453644622518
53904,0.9990446595528626
53906,0.0021551132884621064
53908,0.9898651925256255
53917,0.0014703545713379178
53921,0.00038864662497506495
53923,0.0002907736536651873
53926,0.002310975318766546
53934,0.033708357675113265
53938,0.0007421932820519974
53948,0.9815253698691582
53950,0.00274252708068474
53953,0.997977616512353
53956,0.000784769978527168
53957,0.9431034581985036
53962,0.0015691546382253438
53966,0.999788188757478
53967,0.9986940407559484
53969,0.0006952652153043761
53973,0.994265708988145
53975,0.0006177090481905554
53994,0.000186289602449351
53997,0.9988110601806842
53998,0.000304629126748268
54005,0.9990218133978271
54009,0.995449280083345
54012,0.9954389772012497
54017,0.0001419190120222233
54025,0.22668867843933074
54029,0.9994320290461017
54030,0.001066492888589411
54031,0.2302794176613532
54032,0.03215777870609807
54039,0.0007758032575999799
54045,0.001351063521905612
54049,0.998351235201993
54056,0.9988922089684865
54057,0.0016649380353092717
54060,0.001086481945300549
54069,0.00111207228615411
54080,0.00019249715176894309
54082,0.001373982999496669
54084,0.0007696865447883307
54085,0.0013291188624175454
54088,0.9992586646284075
54092,0.0022020929253979593
54096,0.9957694482623684
54099,0.0006975773853028527
54103,0.0003855040939949779
54107,0.0006685566629799478
54111,0.9500729378780408
54119,0.0014240746653871295
54120,0.0004793783979341302
54126,0.0010644528347663682
54137,0.9998713007542889
54139,0.9437274450387709
54145,0.0035029412287434732
54147,0.0006466297804685029
54148,0.0012496633877355982
54149,0.00016437165711825273
54153,0.0010501479945533093
54156,0.0007068607485153335
54157,0.0010464430983698882
54159,0.0011605635614117247
54163,0.00401082068062484
54169,0.9952493173187205
54172,0.00898469069739418
54179,0.00033965416426124984
54190,0.9437274450387709
54192,0.0013322091665977033
54195,0.003079369669151887
54199,0.9928285392436771
54201,0.9982712122053801
54202,0.9988449772842366
54205,0.9988976171265169
54208,0.9990371402971194
54231,0.07247336047344013
54232,0.9986229419631962
54233,0.002144507365721266
54234,0.0001433323489398706
54238,0.001066909379578925
54241,0.003536025328497819
54245,0.0013348698390800106
54247,0.019844446120675544
54259,0.00020183125518719229
54260,0.9970475031005077
54261,0.0002106582526685802
54263,0.00033479192445820354
54264,0.0011894622409905605
54266,0.0008072881792631338
54270,0.0016691324384127994
54274,0.001183460378059752
54278,0.0004879814703284226
54279,0.00021798565183444956
54282,0.004174778573673115
54285,0.9990498630267363
54286,0.9985758113591313
54287,9.997323190182786e-05
54291,0.0016601287420356069
54292,0.999222892450809
54293,0.9993396468388527
54297,0.0010498717178804523
54300,0.9965202349217344
54301,0.0010944244653467757
54304,0.9928515141518719
54305,0.0015348644245537664
54308,0.0013881961670351795
54316,0.04951788144744593
54319,0.00018633153791255914
54320,0.2396534739721599
54325,0.0013360998596810979
54326,0.9877719006568665
54331,0.0006986763636347407
54332,0.00030207262601881043
54334,0.0006299143502814988
54337,0.0010217316314156397
54339,0.0006996685302855212
54340,0.0006966879998615981
54346,0.9986173639076616
54352,0.002875307638530925
54354,0.9970312043244436
54364,0.0011965906257714242
54365,0.03201183228418112
54372,0.0033506577800797343
54378,0.0005737324182283225
54381,0.01996809586146814
54385,0.9801629626579094
54393,0.22657127283688758
54397,0.0012550580857516648
54399,0.0009351647339924042
54404,0.00016654124728184713
54422,0.0014525848905315637
54427,0.001327806224507608
54429,0.9975306986161991
54432,0.9992542590567387
54440,0.0014142502583930172
54442,0.9990761047931122
54444,0.9986051462284322
54445,0.0011087710330509196
54446,0.0004342017066031197
54448,0.9997588575502064
54449,0.00020802687411640585
54450,0.001179309264500883
54452,0.0010464430983698882
54456,0.0001543443690866795
54460,0.9986150679886043
54461,0.0014043370655398397
54462,0.00021787613335927283
54464,0.9992875782153909
54468,0.0004300281149622886
54469,0.9999056200879407
54470,0.003099288969176032
54485,0.17772201552629646
54487,0.0014375268937353023
54496,0.003451854312421632
54497,0.0006976019373648895
54524,0.001051248485630149
54526,0.0013861524781698191
54529,0.0003136860806535719
54532,0.00375689765171054
54533,0.9916391834434989
54534,0.00048227255550133716
54545,0.0013322091665977033
54546,0.00105776965684536
54551,0.00030994806649611666
54568,0.0013354064721763487
54569,0.00020183100930056523
54572,0.0007833260042398964
54573,0.0008673513927435068
54580,0.9947119803235632
54592,0.0001513742516416327
54594,0.0014894389454570684
54599,0.001326923554743817
54600,0.9450450651373344
54602,0.9734537726476494
54604,0.0007039062449985226
54606,0.9968809346006053
54610,0.9986728635641169
54611,0.0006986763636347407
54613,0.000502480385637237
54615,0.0010464430983698882
54622,0.0001837681588780669
54627,0.0014482713171809483
54629,0.0007495366118885642
54630,0.9993043226025378
54632,0.0027919170673229936
54634,0.0014050584239404232
54637,0.22616074094976135
54638,0.00018865426551475465
54639,0.0011456237679655177
54647,0.001327806224507608
54648,0.9965713195573319
54652,0.9988668556021207
54657,0.2336795148284603
54661,0.988890305376455
54669,0.0011610545425837766
54673,0.0004692440045256747
54681,0.22657127283688758
54684,0.00141940316479719
54695,0.00047560799708856803
54705,0.999913317101172
54706,0.9983677645469377
54720,0.9984826018165908
54721,0.0007250273192803688
54727,0.000150794333593214
54731,0.0014646630232217743
54733,0.0014047544824271046
54739,0.006345235660197108
54741,0.001051248485630149
54747,0.9988776914676549
54750,0.17619763276304076
54751,0.9999073679710218
54752,0.00039646260217443926
54756,0.007787326570098825
54757,0.0017153127027397534
54762,0.9999138129500039
54767,0.0004487528834574607
54772,0.0010606930865641913
54773,0.0006952652153043761
54774,0.9990247626493131
54779,0.0015108288544368755
54780,0.9975379901494411
54787,0.0013498770121798292
54796,0.0027170195611705924
54797,0.07246254880540708
54807,0.00018938316432808578
54813,0.0004847763850186802
54815,0.9988411280837836
54818,0.0005948360134709483
54820,0.9986511031320976
54834,0.0006230765666046732
54835,0.0001262055502563686
54842,0.0002014989568431085
54846,0.0008441986950615683
54850,0.9986511031320976
54854,0.001333095347657979
54855,0.024812095660112943
54856,0.00020874091572183732
54857,0.03228952886401986
54860,0.9434841976691026
54871,0.09291662984421839
54872,0.0027627380462865543
54874,0.00375689765171054
54878,0.9991953062653818
54880,0.0007712741108100739
54884,0.998858241333915
54885,0.0012239554423937057
54891,0.0007002887513325532
54893,0.0010464430983698882
54900,0.0010486657528460275
54911,0.0001598994309095695
54913,0.0006467650750107684
54914,0.001065640959465873
54916,0.00397594436002639
54918,0.9990590478915465
54932,0.9992237404032532
54940,0.9984721920737462
54943,0.0015834496236640364
54948,0.0033162161471232874
54949,0.999211046782435
54950,0.0030801054800694825
54954,0.9970261303529389
54955,0.9888325990775687
54958,0.22616074094976135
54964,0.0006971763375887906
54966,0.9987281600250748
54967,0.9988615273228344
54968,0.9954957257601585
54977,0.0007687546215149313
54979,0.00048280692010869064
54988,0.2263730549050118
54991,0.0032990245687122125
55005,0.019855132407718183
55014,0.9991026559477855
55021,0.0013498770121798292
55024,0.0010520667299080656
55028,0.0010700803787119038
55030,0.001219829376044385
55036,0.00021045522047109512
55040,0.9984504669141324
55042,0.0007090899554587801
55048,0.0010501479945533093
55049,0.9978375732513547
55056,0.9988826271234121
55057,0.0007957279839583549
55059,0.0006966879998615981
55065,0.21603352709880633
55073,0.00013614930862139085
55074,0.001531995987207176
55076,0.22657127283688758
55080,0.0010224283261232895
55085,0.9977285714470657
55087,0.9984899900459424
55089,0.0033506577800797343
55090,0.0001559492634556565
55091,0.0003592025690588317
55092,0.0007051437362637606
55104,0.001231356627198854
55106,0.00020090947360826077
55107,0.9531226416429378
55111,0.0013748653014184662
55113,0.002860485636427078
55117,0.9795726316017832
55124,0.9988110670464178
55131,0.002752637158029849
55141,0.9437274450387709
55150,0.0001693547354494577
55156,0.001132061774223842
55161,0.0014529531307316851
55176,0.00019031675465737817
55183,0.0010464430983698882
55186,0.000789531817780125
55187,0.9990382207567631
55190,0.23028274239164118
55191,0.9988267619674288
55193,0.0002943190789552508
55194,0.9986250416966778
55196,0.0001265376257517126
55201,0.017926890513265972
55207,0.002796616096625587
55208,0.9977061546576997
55211,0.00020077750338377059
55212,0.9949978419423611
55213,0.00013237375025207818
55223,0.0010501479945533093
55224,0.0014144571519047492
55234,0.9990254150667424
55241,0.9999073679710218
55244,0.9981164421516664
55245,0.0006065609824390455
55248,0.999882777408155
55249,0.00031966007170218405
55250,0.0006776123381450347
55261,0.00014736873370015292
55283,0.005455634379107951
55288,0.9968236196556853
55289,0.0006208109996887098
55290,0.008283381849020733
55294,0.9986511031320976
55296,0.0013360998596810979
55298,0.001333095347657979
55304,0.001515100504216961
55307,0.0009504286822709338
55329,0.9970297508822306
55335,0.0006969299821039665
55344,0.0011152969642302805
55349,0.00021121337670252087
55352,0.22657127283688758
55353,0.00034784478574785793
55359,0.00016690664327998083
55362,0.00015441085882629579
55367,0.0010501479945533093
55370,0.9970947342232688
55371,0.0011005728714370549
55376,0.0021565628034293407
55378,0.09180068981818802
55379,6.77161297795683e-05
55382,0.0003817971131622666
55415,0.0007295370697389793
55416,0.0003378983783557151
55420,0.0015033068926455055
55423,0.0010580135512088076
55426,0.00016827437388789856
55427,0.001453004230480443
55433,0.0002960667196737987
55439,0.998480389568744
55441,0.00043180680836937184
55442,0.0012372225979985763
55446,0.0004642153527584264
55454,0.9981249106212885
55455,0.9989418548290284
55456,0.033347787866468456
55462,0.9992978802464791
55475,0.0014835234046409092
55487,0.00020196615289364326
55488,0.00020955636147323907
55496,0.00023087732082581016
55502,0.008042067071584346
55504,0.005003990666358757
55510,0.9767506877779281
55511,0.0006977610194942836
55513,0.0003163958690901064
55518,0.22657127283688758
55525,0.0014147684455720602
55526,0.01678729274977268
55528,0.07654666182308503
55529,0.0015091912740083134
55538,0.0007669559750051303
55550,0.9986044350607051
55551,0.0010702743449106339
55571,0.0050085837698009275
55572,0.0025954009769390894
55585,0.0004764393288929477
55597,0.0003477431240522279
55606,0.00020183324282521716
55610,0.017211452762457967
55612,0.9784411025977227
55615,0.0002007752815397839
55616,0.0014482713171809483
55617,0.0010458247464856054
55618,0.9986250416966778
55619,0.9433416288599907
55620,0.004019545111855009
55622,0.9978576104241649
55638,0.0010650282679766396
55642,0.9948673183602355
55644,0.00034636267059070234
55646,0.998480389568744
55647,0.001128075835407467
55653,0.05370618553541812
55655,0.9996433819101286
55658,0.00135294576861075
55660,0.0016454868932534918
55661,0.00031966007170218405
55665,0.0013883233750428998
55669,0.00023206547697025707
55672,0.9999133413946015
55676,0.00013492883588713038
55680,0.0013794529041710403
55682,0.0027252003691717115
55683,0.9970365691755999
55685,0.000313843045689499
55687,0.006331961270003499
55688,0.0014552211230187888
55689,0.0012439846702142273
55702,0.22657127283688758
55706,0.9998845925924498
55710,0.0007851278915523128
55719,0.9985750042881401
55720,0.009013728601591544
55721,0.00014095170541945627
55722,0.22657127283688758
55723,0.0016732289640097242
55739,0.0003128078449015146
55741,0.0010498717178804523
55749,0.0010176138107057498
55754,0.0010515251242219138
55755,0.00020867776368731027
55761,0.0010501479945533093
55762,0.0006891766546702833
55771,0.00010162754135161293
55774,0.001397088751075253
55775,0.0003322695588026054
55776,0.0014072541228040837
55778,0.0010924481259849505
55779,0.0012166326728974964
55784,0.0015827470217516296
55788,0.9985758113591313
55791,0.00031966007170218405
55799,0.001128266723528221
55804,0.00198893907331947
55805,0.0008096512024285868
55806,0.9984842994556329
55808,0.22657127283688758
55809,0.9987769037517044
55811,0.0003529196188727874
55813,0.0007875559561999933
55816,0.0009257648659854743
55820,0.003560760533811366
55821,0.0007817439399237306
55822,0.0013394070904072398
55824,0.9986511031320976
55826,0.0004872192946568675
55827,0.00012844013469430224
55830,0.000401004310559314
55835,0.23472311662591383
55838,0.9999111818246753
55843,0.0010331148018481672
55844,0.000942371538912736
55852,0.9434841976691026
55853,0.0003377989759233503
55857,0.9986143618724783
55859,0.22657127283688758
55861,0.000270270990174946
55864,0.0015690930114138767
55865,0.9891220337902947
55866,0.9986137426461222
55871,0.001374976607777887
55881,0.0009218411014283862
55882,0.0009539329302496548
55887,0.0014501697748199851
55895,0.005833058543229372
55900,0.0013424258086277311
55911,0.0048896924915876085
55913,0.9999163316737688
55916,0.00019510553447468112
55917,0.0013807234226369343
55918,0.00020136254176925472
55919,0.0005955642483479134
55925,0.001209235989633226
55931,0.00016814209302216934
55933,0.0013263068765288913
55935,0.0016995207831781093
55936,0.00014241087585603645
55937,0.9963244972437616
55939,0.0013360998596810979
55941,0.0009537516424858339
55944,0.991252461628399
55945,0.9429553327848773
55946,0.0022305068122868217
55955,0.00020778662629305136
55967,0.0009536748314380794
55972,0.0007712741108100739
55977,0.999292058059782
55982,0.0005988542689810914
55983,0.0007735860072678485
55988,0.001046452862879954
55997,0.005003000791002623
55998,0.9463651828724532
55999,0.0010478153746551816
56002,0.002598525106666001
56006,0.0014086396032016895
56011,0.00033934369605129465
56012,0.002588418677864591
56014,0.0003274385113976783
56021,0.0010498717178804523
56024,0.0013559711391043059
56026,0.00047797671958619165
56034,0.9889912324807872
56035,0.00020149712626543455
56041,0.0017227596795833834
56043,0.01717958129072448
56047,0.00838366129222485
56049,0.9992529364623042
56051,0.0013345187568387712
56052,0.0006104120771579305
56053,0.9961972616115744
56054,0.001539384157352716
56058,0.032372602411515405
56065,0.002855765987331058
56067,0.9927506170996565
56068,0.9991864327932956
56071,0.0060822558415971695
56075,0.2330865864401449
56078,0.000474459699646594
56079,0.8635305629137509
56086,0.1987198565378126
56089,0.942707610066319
56095,0.0013735878803886263
56101,0.0002961379170507363
56109,0.9437274450387709
56111,0.9960461492289079
56115,0.0001355095531437221
56118,0.2336795148284603
56119,0.9985758113591313
56121,0.9985921748732034
56131,0.0036917808410729634
56135,0.9431021164465473
56137,0.22616402368765462
56138,0.0007645347466252566
56141,0.9429498299030813
56147,0.0014704036394498053
56150,0.0007886576239339743
56159,0.9986148385569192
56163,0.006446399823269538
56170,0.0006619300281060855
56181,0.9984927150373031
56198,0.9970306107413125
56200,0.9942742363455944
56204,0.001327806224507608
56208,0.949378835239323
56215,0.0004606239749801846
56230,0.001333095347657979
56238,0.00039049795614624704
56241,0.7938449746541327
56242,0.0006756457556567867
56245,0.9988581160053916
56247,0.0009442490961498326
56249,0.22616074094976135
56250,0.0034066685565840864
56254,0.1720431665215584
56255,0.0022282641872968132
56260,0.03280682487379083
56262,0.9980374984807296
56266,0.0014639624738094763
56267,0.0018992956867722945
56271,0.9981571061310416
56274,0.001323676692686682
56276,0.0003189178113029457
56281,0.0006297217967673729
56287,0.0026548308819018688
56288,0.0004929801457991322
56291,0.9988041210708302
56295,0.0003846655255933685
56297,0.0055512720878751805
56299,0.00013668171160191933
56304,0.9997887008388398
56305,0.006133767434065718
56312,0.0041745768241337996
56317,0.0362108290766049
56319,0.9988554390939568
56321,0.0009468815593265197
56322,0.9973453798371856
56328,0.0007873184314972579
56331,0.0007084937474378607
56333,0.000840711637633203
56334,0.00045789065303535287
56339,0.0014162774794057938
56342,0.0021448309295469528
56360,0.00031245099537137645
56362,0.998836185464057
56363,0.0026001058555372636
56364,0.00416067070859633
56365,0.001506154773506404
56366,0.0015491448972968877
56367,0.02429773040616603
56368,0.9999124117469569
56369,0.0026939304842236783
56370,0.00031414520728606705
56373,0.003300489141395035
56374,0.9984790017266675
56382,0.004006537576835806
56398,0.9986148385569192
56404,0.008184438636613268
56409,0.0008533070419716975
56413,0.979809614053186
56414,0.0002007752815397839
56419,0.0012527253306392097
56421,0.0002013647701107435
56422,0.021473674616048894
56427,0.0016972964680198434
56430,0.1720643379438703
56432,0.0007295370697389793
56436,0.0003080157378351032
56438,0.9889871796235189
56467,0.9988922089684865
56470,0.0001026333466382797
56476,0.00043232689969895934
56477,0.9999133413946015
56478,0.0027302552563719185
56482,0.23163315307971089
56493,0.0012234841916521518
56494,0.00047777771797438126
56498,0.0029134545263961474
56501,0.9995437438677358
56508,0.0006952652153043761
56510,0.0010308601654767447
56513,0.0035984632463282747
56516,0.00012599117059346497
56522,0.9993022410712123
56523,0.9998831264165292
56525,0.0011273217106020769
56533,0.9434717391042877
56539,0.0010464430983698882
56549,0.0004836068776917671
56554,0.9990601075314867
56556,0.0016417077716487482
56558,0.0021427118647269886
56560,0.0030919998381815405
56562,0.00046183566129022973
56563,0.00010558750955575713
56567,0.0011178403691784304
56568,0.9914399725146528
56571,0.9974842343214556
56572,0.9990463311840243
56573,0.00044868985208870434
56574,0.22616402368765462
56579,0.9986418312153114
56593,0.00010170430322697005
56601,0.0004587358096893053
56610,0.0006993322622923788
56614,0.0009177085102846273
56617,0.0011032912997579077
56620,0.005077961049061815
56626,0.9990296978682425
56627,0.006054547447194596
56632,0.00036246520437735577
56633,0.9992792894012268
56635,0.0014790055638577082
56644,0.0016641554010327947
56645,0.9984839998768117
56658,0.0024263461128096048
56659,0.99912930450355
56660,0.000572006694858442
56662,0.22657127283688758
56663,0.001545033330505211
56667,0.9988886810585282
56668,0.00010130071985795963
56674,0.0003870697018416032
56680,0.004856402678111935
56681,0.0036595839835214822
56684,0.03762141700628203
56689,0.0014421200860356604
56696,0.0011896225672674632
56699,0.0025679886669269917
56701,0.00291085368893658
56704,0.9973209395497615
56705,0.9992492632152247
56706,0.0020641291950349657
56707,0.0021446593825267457
56713,0.9993073161566206
56717,0.09186008517839735
56721,0.00014601057606314062
56722,0.0015711419622502258
56730,0.0008417066912138499
56736,0.00048426826463518675
56737,0.0003853191373680667
56739,0.9990249386448753
56740,0.0014290694537665485
56742,0.0003975599733686687
56744,0.0005990286212059759
56747,0.002772938364203766
56750,0.0013360998596810979
56751,0.011779904443320355
56759,0.05485797194411364
56761,0.0013932689114082267
56763,9.235949732447375e-05
56769,0.00014211374313719035
56770,0.00021185458148756107
56772,8.649805251146158e-05
56780,0.9997801391587161
56782,0.23163315307971089
56791,0.00012915726727634276
56793,0.000287911622946443
56798,0.0007954883107179451
56805,0.0005998857320820617
56807,0.9990216747937545
56818,0.00030893088100196025
56819,0.0013948420313515731
56827,0.00032312987536905916
56834,0.00527301029776543
56835,0.000985535156551997
56836,0.0016520352378865328
56838,0.9943261211427786
56839,0.00011065044011419474
56840,0.00032764546886622877
56844,0.9943098769505161
56846,0.0012546179922399048
56848,0.00020090335454591755
56850,0.0014023637343896856
56855,0.9986051462284322
56858,0.0003378983783557151
56869,0.0014838455200156238
56874,0.0012339181893047885
56881,0.9898651925256255
56883,0.22709659507387725
56889,0.0015000239578352055
56890,0.0003222694099094709
56894,0.0026843286694767272
56898,0.00038410633797659647
56901,0.00824755002073146
56908,9.918270096501619e-05
56915,0.23205063981404345
56921,0.9435370167272088
56925,0.998573734809393
56926,0.9426684480993138
56927,0.0677814862946255
56933,0.9795256705709164
56936,0.00031987292424352906
56938,0.0008417657655953986
56942,0.001388555457439006
56943,0.0014591750191593226
56945,0.9988334963229948
56951,0.003341638468561845
56955,0.0017072790664384796
56964,0.0008520578363594563
56965,0.23069519703894745
56978,6.865519671831862e-05
56980,0.00016755559564579297
56987,0.001557152648238117
57000,0.00012851578431908968
57002,0.9928309838928541
57009,0.9999124039308699
57016,0.00048747212373084157
57018,0.9999119048323682
57025,0.0010438782634250496
57026,0.0024847350151230856
57027,0.0010546761872639548
57031,0.22657127283688758
57034,0.002338925705084427
57036,0.99275657873698
57038,0.0002130825708848095
57039,0.9999058693609757
57044,0.0017302709032501944
57048,9.268508862309882e-05
57049,0.001958270247432638
57056,0.9989562375079422
57057,0.00031781306801495046
57061,5.2380787179075846e-05
57064,0.0006388451393537763
57066,0.00020196615289364326
57067,0.9966250200988072
57069,0.0036005899970483145
57076,0.00031966007170218405
57081,0.00020136254176925472
57084,0.0027905267831518864
57085,0.0003136860806535719
57086,0.00020802687411640585
57093,0.005014767153144932
57098,0.00031898701703228646
57099,0.22625904865575544
57104,0.0019779706105934962
57105,0.00034388529685142294
57113,0.9993490855567737
57120,0.00013556174966415164
57126,0.998573734809393
57130,0.001056384357674219
57136,0.0007819730655322492
57137,0.0021491171764421555
57139,0.9993073922169563
57140,0.9986150679886043
57143,0.00044319851786988403
57147,0.9986250416966778
57149,0.9999056650555936
57151,0.0009935379817799094
57153,0.0030468055682357446
57155,0.9917920370647947
57157,0.2312915931836164
57158,0.001376953741713705
57163,0.0010952096391290207
57169,0.00031707509505408835
57171,0.9996543867867794
57172,0.001237719740757948
57175,0.9888399856636911
57176,0.003627774656689796
57177,0.0003180246910803757
57184,0.001383229417564613
57185,0.00031987292424352906
57186,0.0007485157762202784
57187,0.0016796747907353849
57189,0.9992708958396636
57192,0.001175930571895377
57194,0.00031897144999666307
57202,0.9992830752989881
57203,0.00038776184413875697
57207,0.0013839083678178481
57208,0.0033514787760559415
57217,0.9984949093687883
57218,0.0026669134639443976
57220,0.00028853413340371056
57221,0.9985127817307765
57222,0.0006238763123336984
57227,0.00015692719931654193
57232,0.9988922089684865
57244,0.22657127283688758
57246,0.9986148385569192
57253,0.0004891325650702909
57264,0.9999133174958619
57267,0.0006986763636347407
57269,0.00013006468360955036
57270,0.03692614118034221
57271,0.03389045832562652
57273,0.9982653991619251
57274,0.9991478769546547
57276,0.0001270783533218117
57278,0.0021920955552061725
57279,0.9980508858734833
57287,0.0004856516332984124
57292,0.00014261950071319397
57295,0.0003097596575447666
57297,0.0010236651029580535
57300,0.9985982730925195
57306,4.856242485201018e-05
57312,0.0007687546215149313
57316,0.0026967017014363336
57318,0.0010464430983698882
57319,0.9456442839815158
57320,0.0007832032621882947
57321,0.9754301292740513
57322,0.9749157646693476
57323,0.9966097893893299
57327,0.002710797370959493
57328,0.9992193037365394
57333,0.0011935167150798711
57336,0.0015784202759806234
57340,0.002884883934183161
57342,0.000946034166126691
57344,0.0007758457561199169
57346,0.9967751808182256
57348,0.00043807573202343775
57356,0.004182087440967097
57365,0.0006952652153043761
57366,0.0013600798463509096
57368,0.00016539262278542473
57370,0.9992583459400073
57376,0.0014457543423466266
57378,0.0010891633546953646
57385,0.0003607139454821672
57394,0.00041840713051636966
57405,0.019905507397316044
57409,9.921554444338278e-05
57411,0.001333095347657979
57414,0.001333095347657979
57416,0.0011259719633833845
57419,0.0007833260042398964
57422,0.0001638569848606187
57429,0.0006976019373648895
57432,0.994606216098928
57433,0.001056384357674219
57438,0.9992607728186575
57439,0.0006977610194942836
57442,0.002236516160741022
57449,0.9986225556061034
57450,0.0004817336698952671
57461,0.001078625815557953
57462,0.00641350809102965
57463,0.9986148385569192
57467,0.23214765083129657
57474,0.9970243130043562
57475,0.0008031976426633168
57483,0.0013322091665977033
57492,0.9970759536163009
57497,0.00018254530316682822
57499,9.192277255382838e-05
57508,0.0007049336885484916
57513,0.0014016871270398907
57515,0.0006952652153043761
57525,0.0014030680784605863
57532,0.00031987292424352906
57534,0.0001002247080143489
57536,0.0008490285869758141
57541,0.0011322609851198324
57542,0.999072250129868
57548,0.9990463810787181
57559,0.0012498608670077546
57560,0.00012409674751236312
57564,0.0021850075241375546
57565,0.0005037418537910541
57583,0.0010464430983698882
57585,0.0030845015930467353
57588,0.00015742957584035608
57589,0.0014068190724576377
57595,0.001056384357674219
57601,0.765918874660991
57609,0.0005484899406647584
57613,0.0007687546215149313
57623,0.9984522375418247
57629,0.0010680129550391824
57631,0.004750101578327949
57638,0.9996267718893583
57649,0.0014173332741138234
57650,0.001128068214592131
57651,0.0003291645760446519
57658,0.00020183100930056523
57665,0.0025746431633038116
57666,0.0003617386799974603
57672,0.000172622415991393
57677,0.0010464430983698882
57678,0.0004794503985653606
57681,0.0035182196347421386
57682,0.0003105500337149383
57686,0.025620564982240062
57692,0.9448299537551799
57694,0.0004253262069299232
57700,0.024322216555151467
57703,0.0012111899461424264
57711,0.0013291188624175454
57715,0.22657127283688758
57718,0.0014106548353336689
57725,0.0010538258802757887
57733,0.00014470171585284595
57734,0.00015049295135941226
57738,0.0010806486786394327
57739,0.0007818773967121454
57743,0.0003369748221593044
57745,0.0329096777471297
57746,0.00041222464788673107
57748,0.0004770197299853485
57749,0.99896457405083
57750,0.9941982780068355
57757,0.0011322609851198324
57758,0.0006853870189158486
57759,0.00015604326637346817
57760,0.00105095533253554
57780,0.9986044350607051
57781,4.692836423017095e-05
57782,0.00033414170332179895
57787,0.0013777327657043437
57789,0.001489990517777997
57796,0.0002018953799805991
57798,0.00038886889733315337
57801,0.0022494637751515173
57802,0.00039126750284189556
57805,0.01682813787281074
57812,0.00296598683611263
57813,0.9492962120658508
57816,0.005175776289226821
57823,0.0014288225849243598
57830,0.0007571487491253062
57832,0.0014621063289078176
57843,0.9963553313641366
57850,0.0001881834380868871
57856,0.0003403757031195967
57864,8.710172882341647e-05
57871,0.23750327661741386
57874,0.00015499540999429318
57876,0.0007002520334353098
57878,0.9957889976936457
57884,0.0021893065314556497
57889,0.0014609345854828108
57898,0.0003548861928448196
57901,0.00046230340316978484
57902,0.0006567364534815171
57909,0.9984391546010148
57912,0.00017199083140901464
57918,0.009413494592971904
57923,0.9979399361839494
57925,0.9975377202568791
57939,0.001045566547486201
57940,0.0001589054211216737
57946,0.0012374034617830027
57948,0.9986225556061034
57958,0.01707463666387389
57959,0.0006946826232793496
57961,0.0015682903675398189
57971,0.22616402368765462
57977,0.0009569568687432407
57979,0.2323521827812824
57982,0.024353483643930304
57989,0.00021089154916797094
57997,0.0020207387095856127
57998,0.05160346130658994
58008,0.9984045796887182
58012,0.9990040110154244
58014,0.00012788302778189603
58016,0.0012470423272491382
58022,0.9933616103250517
58026,0.0019683746327663633
58040,0.9943307945399152
58042,0.001170440774553353
58048,0.22657127283688758
58051,0.0011322609851198324
58055,0.0004806421667550268
58060,0.002974203135399495
58075,0.9990379666785656
58078,0.001684337658081494
58080,0.0013464686899902019
58081,0.0021791632629682904
58083,0.00019048227990150696
58089,0.9985173239855781
58091,0.9990482104886051
58093,0.0008085334065770356
58094,0.0005104522097725236
58096,0.00020722031189396713
58097,0.974995550699986
58110,0.9986511031320976
58111,0.9985396004231438
58114,0.0005313214283215961
58118,0.9986150679886043
58120,0.001412903115298615
58131,0.9992831697592863
58139,0.9986416062112657
58144,0.00038540861910631115
58145,0.0016417077716487482
58146,0.0015662485373477638
58147,0.0012518105528262066
58152,0.001016859205078168
58163,0.002145514690800606
58167,0.9998712438289504
58177,0.0011317639717975667
58192,0.9988388308163137
58193,0.9971543764641
58194,0.001324202226094446
58201,0.0015329061937902734
58212,0.0006292159584088074
58213,0.03590703426342722
58223,0.00012848907876231267
58228,0.008399996202245602
58231,0.001326923554743817
58232,0.9993102587995134
58235,0.009100446929196657
58237,0.001363589702926147
58243,0.2324699157887524
58250,0.00015865132311938587
58254,0.00033777895412361497
58256,0.9993042072751286
58261,0.00020887746718513257
58266,0.9990504369728225
58275,0.006365951625844207
58294,0.9988999777197471
58303,0.002177709367356574
58309,0.0005692267886516813
58310,0.0003141051662310734
58311,0.9990393576089927
58316,0.001413528874628642
58319,0.0013698331727575728
58326,0.0006977610194942836
58335,0.0008113199347866156
58342,0.0029426183600417756
58347,0.9986051462284322
58355,0.9870438991213549
58357,0.0005435138054035531
58361,0.0001600261789476693
58362,0.00016178892660725783
58369,0.024322216555151467
58373,0.000657835191800334
58376,0.9957401225156567
58379,0.9957920108295063
58380,0.9970203651395135
58382,0.9985325903156814
58391,0.0013810906856352727
58395,8.803052620811171e-05
58399,0.0006977610194942836
58403,0.9499336471966496
58406,0.0026034271767405273
58407,0.9986051462284322
58410,0.0006966879998615981
58414,0.001398298109252877
58427,0.9986150679886043
58429,0.0006977610194942836
58431,0.0005049338342625526
58435,0.0006228421127042466
58436,0.00014146231554785485
58439,0.0016730417680409203
58440,0.0012222059795232935
58441,0.9970857132011282
58442,0.0007400816804321923
58444,9.236033854538727e-05
58445,0.002143542093149076
58454,0.000492355007639392
58458,0.00013823478944814517
58460,0.0009357166849478351
58461,0.9970597441525482
58475,0.00046163897863300905
58477,0.00372903089699529
58488,0.0021433196891891305
58491,0.0004448828595255705
58496,0.03703603760126128
58508,0.0014459640232829959
58510,0.00010033562729483822
58511,0.0014858181739510372
58512,0.9931488903785924
58515,0.9992160464648429
58516,0.002211844399067911
58528,0.995099111229233
58529,0.004808840065423284
58530,0.0009411556150394346
58533,0.24090041554296615
58535,0.0006977473254203455
58544,0.9196930895664879
58547,0.0014232462834741352
58549,0.9988922089684865
58550,0.00020183125518719229
58554,0.2298534178247721
58557,0.9996299138010929
58562,0.9981242109695386
58569,0.9425306208178795
58570,0.0011520295697414825
58579,0.9988855946852235
58581,0.0004040503186665712
58582,0.0014841513475427155
58598,0.0013314231022819125
58604,0.0001041925216320758
58607,0.03174843583247837
58611,0.00031966007170218405
58612,0.22657127283688758
58618,0.001254018683483061
58626,0.01682813787281074
58636,0.00034235378700109265
58643,8.642092080516607e-05
58646,0.9435956353003266
58647,0.001406603897474574
58652,0.0007295370697389793
58653,0.9930222814311056
58658,0.001060597461302408
58670,0.978156534615365
58673,0.22625904865575544
58675,0.00045521884173819126
58676,0.0007306606456103839
58678,0.0013522846394636969
58679,0.9990405454818939
58685,0.078177604166339
58693,0.00021025279625876
58695,0.0007950754288849815
58698,0.9954389772012497
58699,0.9986225556061034
58716,0.003704160175318679
58719,0.0013345187568387712
58722,0.00020196615289364326
58736,0.001402486679406978
58739,0.9992356219547303
58742,0.0013902349147649831
58743,0.001444467911008638
58746,0.9988581160053916
58759,0.9441399216225865
58763,0.0014420164782711399
58765,0.001333095347657979
58766,0.0010495789483104545
58768,0.22625904865575544
58769,0.2344029589311133
58776,0.0002161837533909433
58778,0.011764029532407242
58779,0.9981167504734335
58780,0.9986319049212742
58784,0.0032644370169212854
58790,0.001214658634071074
58791,0.9992847651824602
58792,0.00020136254176925472
58795,0.001132061774223842
58805,0.0006952652153043761
58809,0.9871104061138182
58812,0.0006977610194942836
58813,0.991704137814995
58818,0.9986051462284322
58823,0.0006977473254203455
58831,0.9988110601806842
58835,0.22616402368765462
58842,0.9986328286032092
58847,0.001972152860731215
58855,0.9430080365155141
58858,0.001333095347657979
58859,0.9928125910789724
58863,0.004481842007851147
58865,0.0006952652153043761
58875,0.23419717249782482
58884,0.0016513915890475686
58885,0.9990563285576272
58886,0.22616074094976135
58891,0.016141186491627626
58894,0.04674745940768364
58896,0.0014146297130579943
58898,0.00031852276390208114
58902,0.0010529577064033074
58904,0.22657127283688758
58911,0.004715073293462856
58912,0.0038019749692759044
58913,0.0016600324374479605
58915,0.9986037771597573
58916,0.0001272685697038246
58918,0.00012563613559307923
58920,0.0008353125991912327
58923,0.0003322110522207432
58924,0.9996539719574311
58925,0.9973845457469949
58929,0.9990511609650443
58933,0.0041636912570540184
58934,0.0017417095619973865
58936,0.0035385369172281
58938,0.9991003064099044
58950,0.0001823793009939718
58951,0.0016811451823284184
58952,0.9976692900583451
58954,0.001093019335000773
58959,0.9632626766864276
58972,0.0010631864662247362
58978,0.0008226878257056622
58985,0.002601855411576674
58986,0.9988490297451414
58989,0.0003843472847125014
58994,0.00010320001752463487
58996,0.9988554390939568
58998,0.00031728856680523024
58999,0.00014591331243881778
59001,0.0010606930865641913
59006,0.9986145097923802
59009,9.976132659470137e-05
59011,0.0014173332741138234
59014,0.0010464430983698882
59017,0.00043125126837113397
59018,0.9993110819674208
59033,0.0014561008515759988
59036,0.002202488195183686
59037,0.00038248825041765515
59041,0.04753631739454603
59043,0.994659053807118
59047,0.00134849013974898
59054,0.0017205821407971723
59062,0.9989051223115961
59066,0.0005969690715182257
59071,0.9934158865568388
59075,0.00014898547183332593
59079,0.0005987562431489143
59080,0.0004750629350912275
59085,0.0013307932133592442
59086,0.0013322091665977033
59087,0.999910650488498
59092,0.00026821636354141485
59094,0.0016691324384127994
59095,0.9986051462284322
59096,0.0005477357689680424
59100,0.9985982730925195
59105,0.0007374753911356625
59109,0.0003186698154476255
59110,0.9985921748732034
59116,0.0021498309175487884
59118,0.0006729223805114681
59120,0.0013354064721763487
59122,0.9993045161174449
59128,0.9985758113591313
59131,0.9977029227356343
59134,0.0003426503718134447
59135,0.001534184776567975
59140,0.001649025336628197
59147,0.0010276119792193418
59151,0.0007095752559529764
59153,0.0004790969512275573
59154,0.002748695512039137
59156,0.999269317073611
59157,0.0007712741108100739
59159,0.9945528415743714
59167,0.00013834055542543612
59169,0.0019779706105934962
59176,0.0012535536030982937
59177,0.9978046861795473
59178,0.0014170745498796166
59180,0.0003180246910803757
59190,0.999917597373879
59192,0.0018913789003555447
59194,0.0013307988318624966
59198,0.9999205128150731
59200,0.0013357577876434072
59209,0.020699676823586532
59210,0.0013917313366732461
59216,0.0007117262221147445
59219,0.0004418979087870981
59221,0.23163315307971089
59222,0.01682813787281074
59223,0.003954391831518316
59228,0.9444362126112711
59236,0.9986111001926684
59237,0.0011317639717975667
59243,0.0013280058435466498
59248,0.031202768320988825
59250,0.0013544926386530138
59252,0.0006272847603262486
59254,0.0014070551595431054
59258,0.9959338499441434
59259,0.9984949093687883
59263,0.0006431249588695474
59271,0.0016240736875591483
59277,0.0003205945825388334
59278,0.0013902349147649831
59285,0.0001676217367333537
59286,0.04768479676552809
59290,0.0197870187544523
59292,0.0014838455200156238
59293,0.0010703986147962705
59297,0.22616402368765462
59298,0.000808456936193044
59303,0.0002106211550980722
59306,0.0012400733546673052
59314,0.9993009267757315
59316,0.9999039402758417
59317,0.003393513654093694
59326,0.0026101663675461863
59331,0.0004704128852221161
59333,0.00014364068583847252
59338,9.143706312381976e-05
59342,0.0010515251242219138
59344,0.22657127283688758
59351,0.00018408143457831818
59352,0.0014587434557046936
59353,0.00013584035076490844
59357,0.2344029589311133
59359,0.003987643149383158
59369,0.0010498717178804523
59374,0.0014241030362190435
59386,0.22575401432258457
59389,0.9992167608027179
59390,0.9986141577339633
59393,0.9993489776452047
59396,0.0010501479945533093
59398,0.9986148385569192
59400,0.0021694908594496794
59406,0.0009660254789737317
59409,0.00020694233679738054
59414,0.0013345187568387712
59416,0.9962081871634684
59420,0.9999133413946015
59424,0.002718674593261505
59429,0.0003161306472252587
59435,0.00014032383772565307
59436,0.0003163505215530493
59439,0.2336795148284603
59441,0.9988922089684865
59443,0.0021692703732660206
59447,0.0011634474575666829
59450,0.0013348698390800106
59453,0.99926454923244
59455,0.9971571787966198
59459,0.001340774510785564
59463,0.002626497318051077
59465,0.22657127283688758
59468,0.00179885192956319
59470,0.004132405543256797
59472,0.00031966007170218405
59475,0.00012354188794098323
59476,0.004949042927146926
59478,0.0010501479945533093
59479,0.0006975773853028527
59489,0.2336795148284603
59490,0.998487590868112
59493,0.00287226067554567
59501,0.9965457799039414
59503,0.9993022410712123
59504,0.0009510845973571964
59505,0.9986150679886043
59511,0.22678385924336528
59512,0.0004118129714645285
59517,0.000475247941317976
59522,0.9999258506230664
59524,0.001513250280736296
59532,0.00085588670105089
59537,0.0002654207491645663
59540,0.00030318819159411907
59545,0.0015779065995731863
59551,0.0007159140531769034
59562,0.0028195114768582758
59563,9.43494787728494e-05
59565,0.9986150679886043
59567,0.9986150679886043
59572,0.0011605505134673032
59573,0.22616074094976135
59576,0.00048741736575105246
59577,0.00047835531159938
59585,0.00039177252472941766
59591,0.00030050205115762107
59592,0.00031966007170218405
59593,0.9985730076494048
59605,0.00048111980466549684
59613,0.0006235140077326335
59614,0.00013756789827527256
59616,0.001076516144808526
59622,0.0015514212667466709
59625,0.9440797535766113
59627,0.003384605282386208
59632,0.00040571893692614594
59633,0.9946488333430988
59634,0.0003468778706388117
59635,0.9986250416966778
59638,0.0012306346478378808
59640,0.0013866863557185478
59645,0.9981147839386134
59650,0.0010438782634250496
59660,0.00016282056257793594
59667,0.0004850976669987906
59673,0.9986511031320976
59674,0.9933779458652656
59682,0.0035487251340603626
59691,0.9999133413946015
59698,0.0025931195193013962
59700,0.0036274916841409176
59702,0.23419717249782482
59705,0.0010464430983698882
59715,0.0015592357060575288
59717,0.9985325903156814
59718,0.001777330153302988
59732,0.9988922089684865
59738,0.9970863546155908
59741,0.23268245411767788
59750,0.9931525719200591
59751,0.0032833523880339602
59757,0.9979604590785632
59763,0.0014817400545275086
59765,0.0005243277394333618
59771,0.07033359043768345
59773,0.0013394070904072398
59780,0.00021285633477477958
59785,0.0007002887513325532
59787,0.003337680676305694
59789,0.9990864370485831
59796,0.9990611922877631
59806,0.0012230168449763909
59810,0.0013920946329716646
59811,0.000998319393169664
59814,0.024353367909996055
59817,0.00020870834591779473
59818,0.9985304508398936
59821,0.9783693304780621
59834,0.0007824717428261451
59837,0.001496354202494219
59844,0.005146699525735024
59848,0.23750327661741386
59852,0.0019836367995614717
59853,0.9996966911169984
59854,0.0005436868422033726
59859,0.00045343820075074683
59865,0.0013975017234579864
59870,0.9990247626493131
59871,0.002589571994615276
59875,0.0009924487721671756
59877,0.0003690023355708544
59883,0.00030029878253515425
59885,0.06976451684547959
59888,0.0014117532467339724
59894,0.9985304508398936
59896,0.0006976019373648895
59903,0.0006975773853028527
59904,0.0013366048867058235
59905,0.9970312043244436
59908,0.9971571787966198
59909,0.9931817979165838
59913,0.17256706047282952
59917,0.001747583885800342
59919,0.00021836989760604605
59924,0.00027130690609026745
59926,0.9980750078724782
59929,0.999056432151701
59938,0.0010501479945533093
59939,0.9990959605027481
59943,0.23256578420239737
59947,0.001388555457439006
59949,0.01730949793710311
59951,0.001025735356027091
59953,0.23256578420239737
59955,0.22657127283688758
59960,0.00031802703645052453
59962,0.9988596583872943
59970,0.00013545128191400828
59981,0.0009460891217816673
59983,0.0033483967426830956
59989,0.9992616253557479
59995,0.0010501479945533093
59999,0.0006475624588320857
60001,0.0014639462937762167
60008,0.0015078112217166992
60010,0.008178907521813623
60011,0.9999111818246753
60012,0.9993109677597874
60013,0.944206190614765
60038,0.0007819068921865363
60045,0.9984936134943148
60057,0.0009665571184696214
60061,0.0013362002191384499
60069,0.0014794755848845534
60074,0.0017743636491321967
60075,0.0010964059426178101
60079,0.0014223497245456802
60082,0.9990238657148593
60090,0.0006067668701011924
60092,0.0032641055407477424
60104,0.0011249987252143613
60108,0.0014052399588494909
60111,0.9999146065310242
60115,0.0010464430983698882
60116,0.0010455535251587304
60134,0.00040061190138909644
60137,0.0004783523770525555
60141,0.9891241277439995
60146,0.006102587124210838
60150,0.00016265572736365332
60156,0.0021701084253869366
60158,0.0006502464672198143
60159,0.0003151683486604227
60163,0.0013291188624175454
60171,0.00023751455250976423
60177,0.9441399216225865
60178,0.047443754549443544
60184,0.0004044635403730062
60189,0.0013681383211619103
60192,0.23394012381158846
60194,0.0014106548353336689
60215,0.0002007752815397839
60217,0.0013772296715759426
60218,0.0003232191928852792
60224,0.00032479304897827324
60226,0.00010331116927076422
60227,0.001057449950643817
60230,0.9955585750680261
60234,0.9976378844721201
60245,0.0001266247642108338
60248,0.0001618520844396058
60255,0.0006114523762411355
60258,0.0006952652153043761
60259,0.001066492888589411
60264,0.017115596930383982
60265,0.0012339181893047885
60266,0.22616402368765462
60271,0.0004889150720276561
60279,0.0006020247394616444
60280,0.020699676823586532
60282,0.001506154773506404
60291,0.002814393797503166
60295,9.525728903379718e-05
60296,0.00041984326377659967
60297,0.00558593189792441
60299,0.9986090462513629
60300,0.9996130370643068
60301,0.0003038741138741712
60305,0.0011025989652740508
60307,0.0007815250050899329
60309,0.0016879833464092018
60311,0.9982725906588308
60313,0.0009980905563257327
60316,0.866376787430886
60329,0.9898017424887944
60338,0.001507883382960731
60349,0.9994336902232399
60351,0.003819147422146758
60358,0.9999161514644023
60362,0.00014336230229476993
60378,0.07620476042442692
60382,0.03298377016331353
60395,0.005581892882697747
60396,0.001440686902290383
60397,0.230073678156334
60407,0.943139027381046
60408,0.00016803116614686676
60415,0.0014104493049383441
60418,0.0013983658748103302
60421,0.00044878076380639603
60423,0.9449709975584797
60427,0.0003323252978164667
60432,0.0009745625921431857
60433,0.0007156503144361969
60437,0.0016815638592475367
60439,0.0014240746653871295
60455,0.0007228622500492692
60461,0.17539246769095143
60465,0.0014006538502956615
60468,9.373869681436159e-05
60469,0.0006771121934292578
60477,0.003779607406193997
60485,0.001116346560778397
60486,0.0010438782634250496
60495,0.0001672657797936117
60496,0.0015994588045710194
60503,0.000803520371758875
60506,0.0003606193560230772
60507,0.0011918211996152467
60511,0.9985675336117084
60513,0.996488337888363
60515,0.9913652182978665
60516,0.00047996654835520393
60522,0.0029051663838700423
60527,0.0004783989684343258
60528,0.0006977610194942836
60533,0.9983936811199694
60534,0.945345947364365
60539,0.9985730076494048
60543,0.00044422308089062465
60546,0.0006975773853028527
60555,0.000289273160553025
60561,0.0006301130656322751
60563,0.0010902758131505889
60568,0.001987422002805572
60569,0.0010864939261666432
60577,0.00015555079426173596
60580,0.0002106211550980722
60584,0.00012843539598169975
60588,0.998928484252556
60591,0.0006273548212268823
60598,0.0019897518322079125
60602,0.0010673775239228918
60607,0.00012649867930297976
60608,0.9979387072755619
60618,0.9986153519637962
60621,0.00028724306222730216
60624,0.001254123744167288
60628,0.0004602609251311553
60630,0.9440090207245707
60631,0.003394921679498299
60636,0.0003793016812383782
60642,0.9979970484061402
60643,0.09247117128598722
60644,0.0022322805384424314
60645,0.0004098956161203444
60647,0.0007104605393422514
60654,0.00048415551191925525
60666,0.0007002520334353098
60667,0.000470669140335549
60673,0.9633182758906012
60676,0.059899436172823964
60693,0.001157693781812288
60696,0.995449280083345
60702,0.008818012527567842
60706,0.005741406722619384
60707,0.0005481733714213449
60708,0.0011221444441193522
60709,0.9992937458827459
60724,0.9986615075859822
60725,0.0027131978824431486
60729,0.0009640528956102596
60731,0.9988595901798046
60742,0.0003366776280047536
60747,0.0021396481273690533
60767,8.623345709647186e-05
60768,0.00015260311133048364
60769,0.9950880316644711
60771,0.005873530631278903
60780,0.8645411820853666
60781,0.22657127283688758
60783,0.001338872824365021
60792,0.0011152969642302805
60794,0.019706361272111856
60796,0.0009949437786045117
60798,0.0003730183515618007
60802,0.00013178423019619123
60810,0.00034488253861771116
60813,0.9990805611309325
60815,0.009973667538780935
60817,0.03637620842422638
60826,0.9988849225221543
60828,0.0014164524240481732
60830,0.004999259196746474
60831,0.9986146802480945
60838,0.9440090207245707
60839,0.0013873927348508985
60840,0.9985147088295416
60844,0.0007995762633562685
60845,0.9991021942413617
60855,0.00047773576195593744
60857,0.9992710358098711
60859,0.9997876109422188
60863,0.00012552027025841407
60865,0.031508195783692565
60871,0.0013907331024720772
60873,0.0021491171764421555
60876,0.9986690296515942
60878,0.0014083542789360148
60879,0.0006201957578061959
60881,0.0029754083593092773
60886,0.0010413732559039796
60888,0.0013618282917086631
60892,0.995519625999861
60893,0.01983984132770378
60894,0.0013360998596810979
60896,0.9974546502821334
60901,0.9970312043244436
60903,0.0007755172427918714
60907,0.0004587358096893053
60915,0.22936141743957172
60917,0.9992506190368011
60922,0.9991065022534678
60923,0.00020524575051171113
60926,0.0005384462545870104
60929,0.00017321159666486548
60935,0.974831753963438
60940,0.9992008415752769
60941,0.9993110819674208
60946,0.0010464430983698882
60948,0.0015801006636631239
60949,0.0010498717178804523
60951,0.031910730198682354
60954,0.0001682963787201067
60955,0.0004820635623792604
60960,0.0013300029905555474
60962,0.0013322091665977033
60972,0.0329096777471297
60973,0.0196894417827647
60975,0.0007165818100822186
60976,9.416484989928452e-05
60977,0.0005123797743452886
60994,0.00043093836059567383
60995,0.00021798003347490617
60997,0.0025942663340626855
60998,0.9961821051527342
61000,0.0007964594235652429
61003,0.9992127003932216
61010,0.003419508969834689
61012,0.00048426826463518675
61017,0.99914706867678
61019,0.0005924041593677357
61026,0.9990191022308889
61031,0.0007147906882903747
61033,0.0013357577876434072
61034,0.0017103767404504872
61037,0.9978393429257226
61042,0.0005488561625778732
61044,0.9976749890269939
61046,0.00015688771288421133
61049,0.0005221886219599447
61050,0.2302794176613532
61067,0.00032316364956022447
61073,0.0003053330215358307
61080,0.002077590842846251
61082,0.9985730076494048
61083,0.0026234461107302685
61087,0.9991450530638639
61090,0.9968215175790065
61098,0.00031966007170218405
61103,0.9955106111807682
61104,0.9961806350938766
61109,0.0019887436269398952
61110,0.9993325394608652
61119,0.9986418312153114
61120,0.9990778428262288
61122,0.9987715752723417
61126,0.0013955125369959662
61127,0.9982763130697943
61131,0.000455507278233066
61133,0.00013243659524103478
61134,0.000998319393169664
61135,0.9999190782754335
61138,0.00048122427569794254
61143,0.22584891729924114
61152,0.99892924567896
61156,0.0010660054835055924
61158,0.0008057550602074822
61164,0.00014584786602431045
61174,0.0014144571519047492
61175,0.0004020290234361717
61176,0.09578458407401073
61178,8.691870580285546e-05
61179,0.9986250416966778
61182,0.9996202546592253
61187,9.179491634384954e-05
61190,0.22657127283688758
61202,0.00033924735168830525
61203,0.0002913012770639365
61206,0.00018845941791092384
61207,0.00030343732528740486
61210,0.0017072346910494299
61216,0.001051248485630149
61217,0.0008065654736061351
61226,0.001101145677616401
61227,0.9978045410144207
61230,0.9975629734483736
61231,0.0014240746653871295
61233,0.000428121373324246
61252,0.0013426082196164887
61258,0.00027312103202488104
61259,0.999081787411218
61264,0.00022257862289451355
61266,0.998832618388886
61277,0.00015889872472589487
61280,0.0002765296105192875
61282,0.0006973456595520218
61283,0.052606759458563496
61286,0.0017506378391819201
61294,0.033073712694804205
61302,0.0014420351372630914
61303,0.0014750331290651975
61304,0.0003038741138741712
61307,0.004161204745926727
61310,0.0002106582526685802
61314,0.00020196590684270645
61319,0.00020090947360826077
61320,0.001961363078699296
61329,0.998781983467862
61330,0.011973131507138777
61331,0.009992880305357346
61336,0.0013800226053435722
61337,0.9977395878898486
61342,0.029122308892333103
61347,0.0021996096492474444
61351,0.0034620265382727736
61354,0.23419717249782482
61360,0.9968919666093123
61363,0.002589954065087658
61364,0.9981291350381887
61368,0.0003385193981603424
61372,0.0010606930865641913
61382,0.9993967503603459
61383,0.9944057760409197
61391,0.23277057286909314
61392,0.004713085981135469
61396,0.0010542324883082044
61403,0.00132472612021336
61404,0.0010501479945533093
61405,0.00031923900496137037
61407,0.0006257763575192575
61409,0.0021972485372274454
61410,0.00033414367978866624
61412,0.0006966879998615981
61416,0.00030104281135265494
61417,0.0014017390890457286
61420,0.020085408715027595
61425,0.0010478153746551816
61429,0.0013323087611524238
61436,0.9946647137366625
61439,0.0011554974669463584
61444,0.0006976019373648895
61446,0.9986018932931983
61449,0.998626523204832
61452,0.004047233712544377
61457,0.9951421719043833
61459,0.0013559315999209878
61460,0.9963275307201799
61462,0.0014951454732317468
61464,0.9989241888877106
61465,0.002229177282382061
61467,0.9970863546155908
61472,0.0004587358096893053
61476,0.0025947156644276406
61478,0.00046417367967566115
61480,0.002202488195183686
61481,0.001390481661695129
61482,0.001121999862567175
61486,0.996018076486373
61487,0.001132061774223842
61489,0.002624107382553201
61493,0.0006183964541270897
61496,0.9988975915657745
61498,0.0037963945545115606
61502,0.03215777870609807
61503,0.9985895341082224
61506,0.0004935318428251601
61511,0.0013813927888910323
61515,0.0007645347466252566
61519,0.0001486882931732833
61530,0.002582478931245024
61531,0.00028952763015692673
61534,0.001363589702926147
61535,0.0025453275095306876
61541,0.0004794260120863296
61558,0.0013348698390800106
61560,0.2323521827812824
61562,0.23419717249782482
61563,0.0006185888456179202
61564,0.00018918823322285934
61567,0.0003954418743649465
61571,0.9988554390939568
61575,0.0008107291500870238
61579,0.0016771969881562278
61580,0.00010056893927643747
61588,0.0035644258169779523
61590,0.0007669703499864773
61595,0.0009312446083195329
61596,0.049672227435137495
61598,0.0008005744397705154
61599,0.0009980567381267038
61602,0.00031781306801495046
61624,0.00018347423177708018
61625,0.001056414096114893
61631,0.9985304508398936
61632,0.0010498717178804523
61634,0.03301021274324133
61642,0.0016386922630199142
61643,0.2336795148284603
61646,0.00036494668885682564
61657,0.000492271276756253
61662,9.144308134641594e-05
61665,0.9984359321690478
61672,0.9975238486298795
61673,0.00021025279625876
61674,0.005380235887659554
61684,0.2336795148284603
61690,0.9985163090439763
61693,0.06857462650213769
61695,0.994470918156272
61697,0.0002083817140792507
61703,0.005138785461525048
61705,0.00014792437807680962
61708,0.00031987292424352906
61710,0.0013370890514789763
61716,0.9746879122655642
61725,0.002676724953820923
61731,9.20015552661808e-05
61732,0.00012594446789605015
61740,0.9984790017266675
61743,0.00047627355610117914
61744,0.9999124584933486
61746,0.9993135417821257
61748,0.995449280083345
61749,0.9950855361169707
61752,0.00024261788061444382
61758,0.0006976019373648895
61761,0.23750327661741386
61765,0.9988654975080095
61766,0.9985758113591313
61771,0.0004297659179713955
61772,0.9992847095102878
61783,0.00014140564254263498
61784,0.0014392941560200567
61785,0.0015881307883564208
61798,0.23583475689990954
61800,0.003805537682154021
61803,0.002705260714498658
61806,0.9971520266814533
61809,0.0009443612460256315
61811,0.0027497270330927325
61815,0.22657127283688758
61817,0.0006975773853028527
61824,0.00048317808768712266
61825,0.0013348698390800106
61830,9.222800030944808e-05
61831,0.000847188159072244
61836,0.00031987292424352906
61838,0.0008101518278048807
61850,0.00020090335454591755
61856,0.0013357577876434072
61859,0.0006180929428683742
61879,7.213105206579729e-05
61884,0.00031744689105663607
61888,0.019596377205291216
61891,0.0014740116238039908
61895,0.998504877136766
61899,0.9983995829261639
61902,0.002589571994615276
61905,0.00013832742697951185
61909,0.0018288885698755752
61912,0.998097496869052
61921,0.9996481889165693
61923,0.9986278215642707
61924,0.0006952652153043761
61925,0.03762325380119066
61926,0.9984927150373031
61927,0.002639210917785201
61928,0.9994068766840776
61934,0.05519997668002873
61940,0.0021364438208533397
61943,0.22890387907949092
61944,0.0015733792914311396
61949,0.0006966879998615981
61952,0.9982138401500175
61958,0.0017457720224039572
61965,0.998626523204832
61966,0.001333095347657979
61974,0.03684545388933726
61975,0.0014223497245456802
61978,0.00285420221309239
61984,0.0020029640339820384
61989,0.0009472618256346441
61992,0.0013791005817008024
61997,0.016724726637830725
62005,0.9914329366067739
62006,0.0002018334887145647
62007,0.002612020996816333
62010,0.00020090671433500078
62014,0.001434906809950631
62016,0.008874344962834043
62024,0.0026709161323467986
62025,0.001326923554743817
62029,0.9990277833397894
62030,0.0011295473643260679
62034,0.00811846561973318
62047,0.23735139335330843
62048,0.9990924480322073
62049,0.10375937647054018
62050,0.9986051462284322
62052,0.03689055603872175
62054,0.00277522050624637
62060,0.00043349490050289196
62061,0.998626523204832
62063,0.00017309877195551077
62064,0.9973791861865198
62068,0.001418321156710076
62071,0.0005830069179736853
62076,0.0021972485372274454
62078,0.0002907758141870122
62080,0.000318772402928196
62081,0.0014511020675689352
62082,0.9992542590567387
62085,0.0004751498093861791
62087,0.001470584658036773
62090,0.0004767764323170523
62093,0.00026720994704549977
62095,0.9985721989918559
62097,0.001327806224507608
62103,0.00012777999623984942
62110,0.000209519457908517
62111,0.0014658266644447843
62114,0.00013621422589136072
62125,0.9944051647118844
62128,0.9991990190665736
62130,0.00015126512169222578
62133,0.0014092674114245325
62139,0.0006976019373648895
62140,0.0016492981969636385
62145,0.00045832076947172344
62146,0.9873998193769757
62155,0.23750327661741386
62158,0.00042098449114406607
62161,0.16899991335611758
62167,0.012418800733288896
62170,0.9985921748732034
62171,0.0007089999174303763
62173,0.22657127283688758
62174,0.0012664214968357633
62178,0.0013357577876434072
62181,0.23492172791525795
62185,0.0011008310265134766
62186,0.9985758113591313
62187,0.02482457553137039
62188,0.9986143618724783
62195,0.0004381357807926496
62198,0.0007669559750051303
62204,0.003382860899405144
62208,0.0014501697748199851
62209,0.0003345775213377888
62211,0.036889887116592086
62212,0.0013370890514789763
62215,0.0059410732174818804
62217,0.9999064609501706
62225,0.0949977560668698
62229,0.00031913016975200286
62233,0.00021283540640743733
62234,0.22657127283688758
62238,0.03637620842422638
62239,0.0007687546215149313
62242,0.00040155732337757117
62246,0.9978792923456699
62259,0.0012728915773290532
62261,0.9992901965867101
62265,0.17771919830855262
62273,0.0015513737092357116
62274,0.0016484952446671457
62275,0.0014056748829190632
62279,0.00020030901992176356
62280,0.22657127283688758
62282,0.9985781151566643
62293,0.22709659507387725
62298,0.0012060983621019837
62299,0.002881740602740388
62308,0.0010498717178804523
62316,0.00431244026159533
62319,0.9992578998106392
62323,0.9985304508398936
62325,0.9984391546010148
62329,0.002878076009992741
62330,0.003050544481077618
62331,0.0003323252978164667
62336,0.008157271451417366
62337,0.0004605444677083014
62338,0.0012141614566376243
62340,0.9975360102306755
62357,0.0016585504086307564
62358,0.9992616253557479
62359,0.0007496685596809076
62363,0.0164881736567303
62365,0.1782346869744821
62368,0.9997762878139735
62370,0.9988922089684865
62371,0.0007169333969970628
62374,0.9438808853843167
62375,0.001113591921478225
62381,0.0009456209841598204
62387,0.23492172791525795
62391,0.03280682487379083
62401,0.00020077750338377059
62402,0.0011742757091760846
62405,0.0015918219764959418
62408,0.001333095347657979
62409,0.17226026952924117
62422,0.002658603821516888
62426,0.002759144677868976
62428,0.0013977891343536241
62431,0.0004562400939140523
62435,0.011844994458791407
62437,0.001425493823332429
62445,0.0012400733546673052
62449,0.0010498717178804523
62452,0.0011288501309027193
62459,0.0014289310540068776
62466,0.9999123187703027
62467,0.0004492746838056701
62471,0.00047627426860609413
62480,0.0007295370697389793
62484,0.0015705070521530042
62493,0.004955314420728122
62498,0.01682813787281074
62501,0.0004891510057557451
62503,0.005845438851158375
62505,0.0006977473254203455
62508,0.9986145097923802
62512,0.22625904865575544
62515,0.22616074094976135
62520,0.002729237495024687
62521,0.9986051462284322
62524,0.9981888748424806
62527,0.0005005502632850289
62536,0.9887858581141772
62537,0.03384787739101802
62540,0.00016808025685587864
62558,0.0015344016891197054
62562,0.001741320894510396
62563,0.0014264690137838802
62565,0.0010464430983698882
62566,0.9970664261720048
62567,0.992866948956026
62570,0.00035589029177562903
62576,0.9990587464063989
62580,0.002239712834323774
62587,0.0008063277317558698
62588,0.9999203618298002
62597,0.0014561169450252036
62602,0.0014281101409774422
62605,0.0008049679497824759
62608,0.9997119966897208
62611,0.0013322091665977033
62612,0.9992794069053658
62616,0.2336795148284603
62617,0.0011910777499309494
62618,0.0003507887059068479
62623,0.9973880027948195
62626,0.0009537516424858339
62627,0.001378455189589461
62631,0.0004718261329563558
62634,0.002935131996412426
62636,0.0010655530042030339
62640,0.9969105742395864
62647,0.00048419982464472056
62652,0.00045760686160097795
62657,0.00015459544415846518
62668,0.0007002520334353098
62669,0.0002227366648680772
62670,0.9986250416966778
62672,0.0008151172447919317
62673,0.0015922086010649982
62679,0.9992601683497175
62680,0.00012924806540975196
62681,0.9992104594424004
62682,0.0007948098135346435
62686,0.0001279758993978248
62695,0.00012585014035741614
62697,0.00145657963698613
62698,0.0006977610194942836
62699,0.00017689568740139367
62702,0.000545290265473483
62709,0.0011063137250863328
62710,0.00047734595463674737
62718,0.0007400816804321923
62721,0.00031966007170218405
62724,0.0025882560435850164
62729,0.00020930153388022744
62736,0.996936775112361
62742,0.00011084921831444741
62746,0.00014058209287684713
62747,0.9970403607467739
62748,0.9975142847492887
62749,0.00012522237698821186
62750,0.00018426349693969693
62751,0.00014502645598584362
62754,0.0010515251242219138
62762,0.998218789229309
62764,0.0028598003745792843
62766,0.9990996763775103
62779,0.0010566279329613157
62782,0.0003738209518141741
62784,0.9992241362235756
62788,0.9971486083413231
62791,0.9929646283201927
62796,0.9927506170996565
62799,0.0011087710330509196
62803,0.003201759475751907
62804,0.0028471761644608498
62811,0.0004895936911158499
62814,0.9986511031320976
62815,0.9440671783225519
62819,0.00031914120857143204
62820,0.22657127283688758
62823,0.0001408517720766666
62825,0.23273485653406706
62826,0.00048516804648649403
62827,0.9893472426022769
62841,0.0015719415954044413
62842,0.0032598072186317676
62843,0.999913241617262
62847,0.9989040281378135
62850,0.000457592058838135
62851,0.0010971464488911953
62852,0.9984132949819566
62859,0.0003835544496008705
62860,0.0006966879998615981
62861,0.0013362002191384499
62864,0.0010566279329613157
62867,0.0013832463899109565
62871,0.00033887219899483666
62873,0.060900231966307956
62878,0.00015864368086617969
62887,0.0013238454952592227
62889,0.0196894417827647
62890,0.0008292139782543554
62892,0.00016759917497031476
62893,0.9968359867962648
62898,0.0013939376311818369
62905,0.9927498262158888
62909,0.9988849225221543
62912,0.9992100586045856
62914,0.001074188233469181
62923,0.0016827606770615435
62928,0.049672227435137495
62937,7.271818872329356e-05
62938,0.9965335604163144
62939,0.000947075185722398
62944,0.002705051162779213
62946,0.9988615273228344
62957,0.0006724878194341296
62958,0.0025937495852717675
62970,0.000579327467197294
62971,0.003576914780533324
62976,0.9999176064276466
62982,0.003322766995786966
62984,0.9999138129500039
62985,0.9992601683497175
62988,0.00020046419231356665
62991,0.9432355656029227
62993,0.0014711401065580767
62997,0.0013999039444806672
63006,0.0013357577876434072
63010,0.22709659507387725
63019,0.9970307188079839
63020,0.017082712256096404
63023,0.9999111818246753
63024,0.9988574526555745
63025,0.9456442839815158
63027,0.0011317639717975667
63028,0.07332596661604902
63030,0.00031950792554199115
63032,0.0014804567575335173
63033,0.0016391339898432376
63037,0.004506453644622518
63042,0.9999090997745638
63043,0.996611447634318
63046,0.0008211063102988818
63047,0.001479413320303394
63049,0.9972648391345401
63054,0.002178928419834957
63056,0.0009526303952585953
63073,0.00848090671019992
63074,0.000477314455320125
63078,0.00012792894904835122
63081,0.9991145085550639
63082,0.9990399258451784
63083,0.23256578420239737
63084,0.0010464430983698882
63086,0.0003742009118374018
63087,0.00033735869765406994
63089,0.0003080398398657629
63091,0.0026129924171990767
63098,0.0009237903619329652
63099,0.0014772247279323648
63100,0.0014838455200156238
63102,0.0004321831142265248
63131,0.9970312043244436
63132,0.0025954009769390894
63136,0.0004908024755530035
63148,0.0013849201263588242
63150,0.9992347159720498
63153,0.00020196590684270645
63157,0.17156296936417512
63160,0.9990591511873794
63161,0.002468346723699139
63164,0.9870845424081423
63175,0.9990224943416612
63191,0.998606773275092
63196,0.998691647138987
63205,0.9991947952257436
63208,0.0003050260908371051
63210,0.002147347949071867
63211,0.0004794146150433534
63217,0.0013330005423693775
63218,0.23750327661741386
63223,0.001640189901092019
63233,0.033514148439143965
63235,0.0007669703499864773
63237,0.00020243184794869657
63246,0.00027536858645291093
63254,0.0006952652153043761
63255,0.9965309403767847
63275,0.0005170207852254853
63282,0.9990382207567631
63291,0.9985888563805164
63299,0.0015748077035188537
63302,0.001564577391741063
63309,0.001333095347657979
63313,0.9917962811742417
63318,0.9976052480151244
63326,0.0001026192493662971
63333,0.9977188946541535
63334,0.9970709854007006
63338,0.23157203953511424
63340,0.9999134003531726
63346,0.22668539031695156
63349,0.0006977610194942836
63353,0.002172769239709119
63357,0.00020183324282521716
63359,0.0013806983036342474
63361,0.000952463446563013
63376,0.00045009333967459427
63377,0.0003189178113029457
63394,0.026689583923273058
63398,0.0001030320455256713
63400,0.946223875821458
63407,0.0007669703499864773
63410,0.0007106890935110245
63411,0.001333095347657979
63415,0.998573734809393
63418,0.001431377219952108
63419,0.0010478153746551816
63420,0.0001266247642108338
63421,0.9981167504734335
63423,0.00021084765722545728
63431,0.037125655679305286
63436,0.9988028902492105
63437,0.00048111269827669185
63438,0.9992123549535821
63459,0.9990248697052374
63461,0.9992002050438475
63464,0.00046833325000985763
63466,0.005590099490727453
63473,0.7645025361726915
63475,0.0011203992524009122
63476,0.0001293883403926238
63484,0.0011317639717975667
63486,0.0010464430983698882
63489,0.00012692798214374002
63492,0.001044095979009727
63494,0.0014407752270374245
63496,0.0013322091665977033
63497,0.0016386922630199142
63503,0.0022320691549454503
63504,0.0002106582526685802
63505,0.004718341486212678
63506,0.0011595949682242288
63510,0.0014149321542815739
63514,0.0003140517565150522
63523,0.09201167908545912
63526,0.0014955631008176957
63529,0.000970744920371066
63530,0.0006966879998615981
63538,0.001333095347657979
63539,0.0028043493073958833
63549,0.0001519229030219582
63550,0.0004585475316479409
63552,0.9980623288515147
63553,0.0012414164673816336
63560,0.0005141990068228372
63571,0.0004416960161931167
63572,0.9959298663608356
63573,0.0012215494669633369
63578,0.22657127283688758
63581,0.0001677739250476551
63589,0.23707900843612423
63591,0.9986090462513629
63598,0.22657127283688758
63620,0.0007712741108100739
63624,0.00014462943517530092
63630,0.0011586912846655723
63631,0.9988505853894409
63636,0.00021735902731906943
63638,0.00027390492415369096
63644,0.9971189230893835
63649,0.0035188372628004354
63652,0.2339042827310981
63655,0.0026267469834613103
63656,0.0006987764805758616
63660,0.001403902554816893
63664,0.24935663497513896
63667,9.235906993880308e-05
63671,0.9985921748732034
63681,0.0329096777471297
63682,0.008948851779062591
63683,0.9988944323938466
63684,0.005904077683402573
63687,0.00012364081391186873
63695,0.9983817690000943
63707,0.9992849439866964
63709,0.004079656286769906
63715,0.9970947342232688
63721,0.00026954734390288515
63725,0.9992051422418996
63729,0.9990286579835103
63730,0.0002173373727412762
63736,0.0007998275916725096
63737,0.00015384620574680153
63741,0.002189297738543276
63742,0.9990248697052374
63743,0.999346689773663
63746,0.0004543641250240946
63752,0.00070480483868547
63753,0.00379515572591715
63759,0.006233779063672845
63764,0.7656555264145115
63765,0.008509993029996379
63768,0.0010737415028483517
63776,0.9986325487946063
63792,0.0011432007298191069
63796,0.9455541648252075
63797,0.00013888991146479172
63812,0.000398931092206195
63813,0.9437703971075457
63814,0.0001677739250476551
63815,0.0016665163184367213
63820,0.0013535850016856096
63827,0.0008212039263068642
63831,0.002073029949966142
63839,0.0027147372470586223
63840,0.00041592344451764585
63843,0.0021292694564890515
63848,0.0012169885751055866
63849,0.0004861490933835695
63852,9.999411726586185e-05
63853,0.00021185458148756107
63854,0.9985947588944922
63855,0.0003041554340765583
63857,0.001376002411089009
63858,0.2343670686352531
63861,0.9999030703779901
63865,0.9990804601835348
63866,0.0003130380491041334
63869,0.0006233429154647103
63879,0.0013782292069382037
63881,0.0015136785892474157
63888,0.9999001426238577
63889,0.0014561008515759988
63902,0.0012087766069412752
63904,0.0003711494821907329
63906,0.9984023527505332
63908,0.000710943947052471
63909,0.0012046803512670919
63911,0.7945841893845829
63918,0.00016760062461921503
63931,0.00013965540371042837
63939,0.23000195006996277
63942,0.0003931031598946655
63943,0.0008211135023083137
63944,0.03685146349154607
63946,0.9988753708559429
63948,0.9992641251832379
63949,0.22657127283688758
63953,0.0004992275490373351
63957,0.0004297145574642557
63958,0.01680158933175082
63963,0.0014529531307316851
63964,0.9996507772750639
63973,0.998573734809393
63976,0.0011218024549936852
63977,0.0012381385958963396
63984,0.00045343820075074683
63986,0.00014201812386572705
63988,0.002039694754779116
63994,0.9933881841788083
63998,0.0001643466071933641
64000,0.23000195006996277
64001,0.9989234161270648
64002,0.9978106733339187
64006,0.002939563743775105
64015,0.22657127283688758
64023,0.9977746147249473
64031,0.9990674644071869
64032,0.001056384357674219
64052,0.23419717249782482
64056,0.0004829529506778748
64058,0.00016801139755381092
64061,0.2312822821505752
64064,0.00886805336019443
64066,0.9436281418497879
64069,0.00042027717753235523
64070,0.9999033710004388
64074,0.0012369704648522225
64081,0.0014237001549568147
64083,0.0007483840311752833
64085,0.9954957257601585
64087,0.0007049903741301012
64090,0.001023679830253149
64092,0.9986150679886043
64110,0.0007089022938602272
64111,0.0011735403237508456
64112,0.9435775386032649
64116,0.00048710205265719707
64120,0.00016927348619465255
64125,0.22616402368765462
64126,8.656934539306078e-05
64134,0.990461800694218
64135,0.0002959774135042346
64136,0.0015418364775558083
64137,0.9970312043244436
64138,0.0013318842772717895
64147,0.0007496685596809076
64154,0.00047502346494526803
64155,0.00020183125518719229
64157,0.0001711054881985792
64158,0.9988831443673203
64163,0.0007376052172481805
64164,0.0004745685044796116
64172,0.230073678156334
64176,0.999056432151701
64182,0.9999108453953015
64192,0.0003688463318080415
64193,0.00013368491894745471
64203,0.9946595126629848
64207,0.9990872995683597
64212,0.0004544339558784427
64215,0.98110146836495
64228,0.01682813787281074
64229,0.0015060509927679756
64235,0.2336795148284603
64238,0.9996316653060144
64243,0.0015043449298171405
64246,0.00039613120482754493
64247,0.9976162391178057
64248,0.9949379337228663
64252,0.9784610843746083
64256,0.00012864316642883234
64259,0.0016971805452463727
64262,0.9988581160053916
64264,0.004156992378606104
64265,0.0013756405255296595
64267,0.22601724241695728
64272,0.03697553977496588
64273,0.0010497978516041697
64274,0.0003205945825388334
64285,0.0002172539413743712
64289,0.0009535176972495676
64290,0.0010438782634250496
64293,0.00048338649661780285
64305,0.000476646974600677
64313,0.9888068823131431
64319,0.001093019335000773
64321,0.00031455688935866854
64327,0.00040381991904212423
64331,0.0006970173886677063
64333,0.00012572651944680683
64335,0.001376726987172989
64342,0.0001519818514387552
64344,0.0003071552400063152
64345,0.05614914301370221
64348,0.00045262414218656693
64350,0.000799947418213968
64351,0.0014237001549568147
64353,0.0003853728662228377
64355,0.002184775132243612
64360,0.9992844500263077
64363,0.9992918444178979
64364,0.0011178403691784304
64370,0.003819068831788301
64386,0.00045870077109045026
64387,0.9985895341082224
64388,0.0014396243761522246
64389,0.0005755280539752321
64399,0.9990307663538277
64402,0.00020149712626543455
64404,0.0009304032767452057
64409,0.00033436445672549436
64412,0.9997825862052411
64418,0.22657127283688758
64419,0.22657127283688758
64424,0.000771477130364351
64431,0.0006976019373648895
64437,0.017238002036229435
64438,0.0013345187568387712
64439,0.0007937970298646343
64440,0.0017489864928011925
64449,0.998573734809393
64451,0.00044604707186004594
64454,0.00017617377084129613
64456,0.0015875183458144621
64461,0.9986138143176175
64466,0.9984790017266675
64467,0.24090041554296615
64471,0.9992891241132132
64478,0.0013832327569996198
64481,0.9999162090249651
64483,0.037334729011542424
64485,0.0010495789483104545
64494,0.0007138607365759712
64500,0.9999115168882146
64502,0.0017780304873421377
64505,8.725579138968316e-05
64507,0.00016890849685213604
64510,0.0006952652153043761
64511,0.0014144515673547987
64513,0.0002013647701107435
64518,0.9986150679886043
64526,0.0006952652153043761
64534,0.9993481865045962
64541,0.999153228315766
64547,0.9805237606395403
64551,0.02954765761640035
64552,0.0004797858349598271
64557,0.0033491468703563017
64558,0.002190963095334104
64564,0.00014246566732354997
64566,0.0016887840769647647
64572,0.0014570441470706827
64574,0.00026590072366695
64577,0.0016767923179635512
64586,0.00012820846589228093
64587,0.0010644528347663682
64594,0.9915260291968492
64595,0.0242666484493299
64597,0.0007687546215149313
64601,0.000814641004735351
64602,0.001394361743636382
64608,0.0004996090295829973
64611,0.9985758113591313
64615,0.00012310777558358578
64640,0.00045949302308857397
64643,0.0004519524539877876
64647,0.0010464430983698882
64650,0.0009719814367100238
64654,0.0006996685302855212
64655,0.0031014429253945148
64656,0.0036155418359342427
64657,0.9993109677597874
64659,0.0021930210776544656
64663,0.00016670501191280574
64665,0.9981617892810661
64675,0.00017266861100136453
64685,0.9999121505630186
64687,0.032834044576445925
64690,0.00020734326908477806
64693,0.9977077775916148
64697,0.0006952652153043761
64699,0.0006294067409858144
64708,0.22657127283688758
64711,0.00012788302778189603
64715,0.998935312940558
64721,0.0009490434232479856
64722,0.0003144662249104758
64729,0.0020191981864457562
64734,0.001425493823332429
64737,0.9986511031320976
64744,0.00016759917497031476
64746,0.006328701749176957
64759,0.0004885133672570348
64760,0.0011144036063403138
64764,0.9997037735037052
64765,0.019714779477397554
64771,0.996149851489521
64776,0.0013322091665977033
64779,0.9980518406165478
64781,0.0019735000420831586
64791,0.0026304169688386872
64793,0.00016798563970695996
64796,0.0023375469616339294
64800,0.00016834862693973344
64803,0.0007517833991508759
64804,0.0014880870751700858
64805,0.001350774929935324
64809,0.9992533225486302
64810,0.0003033183183368073
64812,0.9986150679886043
64815,0.0033222977878239086
64823,0.002206225746654215
64824,0.0011050721376588872
64836,0.0014149375301638946
64839,0.000698492488714771
64853,0.00015283698833982586
64854,0.003606601756147528
64859,0.0007417266599352397
64861,0.0015577190715700198
64867,0.00045624403902305016
64870,0.9986135846785343
64871,8.654268880379265e-05
64876,0.22657127283688758
64884,0.00041686105232057423
64885,0.00012641633637804618
64886,0.9953322397970595
64890,0.0012060983621019837
64894,0.00020090947360826077
64896,0.00032554897915684094
64897,0.0010682214256244973
64898,0.9988922089684865
64900,0.9999121409097892
64901,0.0001262844635460769
64903,0.00045521884173819126
64914,0.9986188536771394
64915,0.0006154093949440096
64916,0.000713702593573105
64921,0.0009962156894876054
64922,0.00027163684403806515
64945,0.0013786395145314314
64955,0.9990454598647192
64960,0.0010018529581161415
64965,0.05009689428346912
64968,0.0001277126890493713
64979,0.005669307144659088
64981,0.0002750820383580243
64983,0.003631970437064055
64988,0.0013559832325791056
64990,0.00045033098039457664
64995,0.0007051642120079574
64998,0.0029843239957996997
64999,0.0006501582022120437
65002,0.00010165754279595916
65005,0.0008787310630760543
65006,0.001614012870991314
65009,0.0010697988637722617
65010,0.0011551440445559944
65015,0.0034031330410799307
65020,0.0011025989652740508
65026,0.0011604606339950796
65027,0.9986173639076616
65028,0.9970756422306613
65036,0.0007383952626012342
65042,0.0007687546215149313
65054,0.0002084337797319735
65059,0.004813843622819178
65060,0.0036222237807345264
65061,0.9440671783225519
65063,0.9972309193936453
65067,0.0004910518327443707
65072,0.00032802769220504507
65073,0.0005399367937072444
65080,0.0010498717178804523
65082,0.22616402368765462
65084,0.22657127283688758
65095,0.9770324998252085
65100,0.0012338299146150815
65102,0.001922993318988707
65103,0.0016673660697857765
65106,0.0017391445759932904
65111,0.23211325760483065
65115,0.00016069046873495215
65124,0.0016670274814038488
65130,0.005019030188838377
65131,0.0026627043529973346
65137,0.001326923554743817
65144,0.09200786674642966
65148,0.0006388016961476357
65154,0.0012744894989296209
65156,0.00020901083330655948
65161,0.0002737081418603897
65162,0.003629491426091414
65164,0.0011152969642302805
65165,0.0007517178664561273
65167,0.037600051217112844
65169,0.0013272744040993814
65172,0.9965468408045122
65174,0.00034221761338622383
65176,0.003834504370834635
65180,0.0006987764805758616
65185,0.0014953287104577857
65199,0.0013322091665977033
65201,0.9984856286383681
65206,0.0007157031669046038
65207,0.00506727940808033
65208,0.0010501479945533093
65210,0.0014094574846528296
65215,0.00038005233622470544
65220,0.0034829189882249673
65222,0.0010501479945533093
65231,0.0013832327569996198
65247,0.9971785055995563
65254,0.999292058059782
65255,0.9990285513430825
65257,0.9986150679886043
65259,0.9978504462049596
65278,0.0012755423937533925
65280,0.0015171513381667754
65285,0.993373968294443
65286,0.002613984193777272
65291,0.000275213092054493
65295,0.002142508884170945
65299,0.0013527863417349077
65303,0.0011025989652740508
65307,0.0010464430983698882
65309,0.0001475856917656544
65320,0.001326923554743817
65321,0.006380476664555849
65326,0.9974885549840431
65332,0.9781917057843729
65336,0.0007184516068437734
65340,0.002300615338527785
65349,0.0014735356120857248
65350,0.0002106211550980722
65351,0.22668539031695156
65360,0.0007067588552168477
65363,0.0013694328630738193
65364,0.9871779299672125
65365,0.0011089069218777328
65366,0.0022453248689288945
65367,0.0001723499372431388
65371,0.0013354064721763487
65372,0.0027696880719971823
65375,0.00012401408150451918
65383,0.001382159831341408
65384,0.0003373231978184435
65388,0.0014302196964909922
65389,0.00012306773014676635
65391,0.0013864799808329682
65403,0.0004989895726835957
65404,0.0014094574846528296
65405,0.00012904730803514313
65407,0.0006998527145761828
65412,9.360300055146083e-05
65414,0.0012272554442807608
65422,0.0013345187568387712
65426,0.0036318730320396547
65433,0.00016829783439845536
65437,0.0009709868837471556
65439,0.9975024346033857
65446,0.9990715823566171
65449,0.9992599008673915
65452,0.9990885068611484
65453,0.00041236227456606785
65454,0.22709659507387725
65456,0.0013360998596810979
65457,0.0021827729330937077
65458,0.000740109155948564
65461,0.9986150679886043
65476,0.944851553021069
65478,0.0027531445411813227
65486,0.9986124225204502
65489,0.0001257160504051726
65494,0.9962151035806782
65496,0.0013357577876434072
65498,0.0030608990821360863
65500,0.0012227699260043093
65505,0.22625904865575544
65511,0.0007021663492745114
65513,0.0010464430983698882
65515,0.000771477130364351
65518,0.0006977610194942836
65524,0.00018548753470713948
65530,0.9988594649991724
65532,0.0014248153644022025
65540,0.0026046529116878904
65541,0.005146379662149577
65556,0.0010619655052582612
65559,0.9929331812322626
65562,0.05361688821888718
65570,0.9985304508398936
65577,0.052213353460391757
65588,0.998490562148364
65592,0.9984368791096894
65598,0.0010478153746551816
65601,0.998805247068001
65603,0.0014587434557046936
65606,0.0197870187544523
65611,0.23277057286909314
65616,9.414421359937075e-05
65618,0.00274252708068474
65622,0.001128068214592131
65625,0.22584891729924114
65635,0.23286779359570378
65636,0.0004871060438423369
65638,0.0002010354074752237
65639,0.0011894384600005814
65642,0.000947273623376115
65654,0.0008260899167194596
65659,0.0004913918509332623
65664,0.9954965155709099
65666,0.00036515922690064074
65675,0.003044956204334764
65679,0.0006518879449238976
65682,0.9984826018165908
65686,4.687902148020403e-05
65691,0.0007494712748985762
65692,0.0004552227780204413
65694,0.000450740825875394
65697,0.0010523725137954313
65699,0.9993042072751286
65704,0.0006379820404100191
65707,0.00012421397075301776
65710,0.0002022894992036526
65712,0.0013484704548222062
65714,0.9984701639046804
65715,0.9984044366851073
65717,0.0004857632010478286
65719,9.216783896303927e-05
65720,0.00043124317101915293
65727,0.9946885952139096
65729,0.0008111064388331324
65732,0.00014710141614060444
65736,0.0006966879998615981
65747,0.00012915726727634276
65748,0.001388555457439006
65755,0.0010464430983698882
65765,0.9992565033241326
65769,0.00816164088537232
65780,0.9999133174958619
65781,0.00047462181966388483
65783,0.0011178403691784304
65784,9.92072768368984e-05
65792,0.00013878355361639385
65794,0.0012324502959374626
65796,0.9986148385569192
65798,0.000771477130364351
65802,0.9990305555232252
65805,0.0009945691346464666
65822,0.9970312043244436
65825,5.1001890246515905e-05
65827,0.0013362002191384499
65831,0.000634880119441506
65833,0.003626246318838983
65838,0.0009559043695959593
65840,0.0002956381835703818
65841,0.22584891729924114
65845,0.23336796766343915
65848,0.0002014989568431085
65849,0.9953322397970595
65850,0.0007442256240102126
65851,0.0013476472728503359
65852,0.0010972842476293708
65854,0.00043121116591397573
65858,7.194176219487062e-05
65861,0.002088709865404906
65869,0.0026559049092130227
65873,0.003555797386796243
65880,0.0013458988912213082
65884,0.9997893604065634
65885,0.00031429515276539877
65888,0.00019312715026364468
65889,0.9999177462913829
65890,0.03201538501957575
65899,0.0001549120758580956
65900,0.019659123635689613
65904,0.00015079538869317387
65907,0.0003375142854283795
65910,0.9970297508822306
65915,0.0007053293608580809
65924,0.002192784509190498
65931,0.9994553807756449
65933,0.997018844808916
65936,0.003547622550864336
65937,0.001227489933735431
65943,0.9984340888062888
65945,8.682791748229138e-05
65952,0.00014122604597994516
65960,0.0016163030934091412
65965,0.0014823900571184065
65966,0.0006418902049588408
65975,0.9970277345003677
65980,0.0014264583021325458
65983,0.0015372668914322748
65985,0.99926454923244
65986,0.004514189120548086
65989,0.0003742344343285951
65990,0.9972985216492006
65996,0.9986290021442883
66001,0.00021821963188420682
66003,0.003081803876932117
66004,0.9999121409097892
66009,0.9993057808215099
66010,0.22616074094976135
66015,0.0013388459745175877
66017,0.0007669559750051303
66018,0.001232535347570713
66020,0.0018790739680989064
66022,0.0014418511305711946
66026,0.22616402368765462
66030,0.003819147422146758
66040,0.942469441083362
66047,0.008263366621240262
66053,0.00031008901232112214
66061,0.9989548669773387
66068,0.0013651048910351524
66083,0.01697198397929897
66086,0.0002018334887145647
66088,0.0013322091665977033
66097,0.00018855786870239843
66108,0.9990277833397894
66115,0.0003838637531992294
66119,0.000769254937802526
66120,0.03859566698887281
66123,0.9983976523360288
66126,0.003059559031378126
66129,0.9985982730925195
66135,0.03607025028877854
66137,0.00015910548143794587
66140,0.00045231844772786574
66148,0.0005596746911367428
66159,0.00018642737551955924
66160,0.0010438782634250496
66167,0.230073678156334
66168,0.0008314474564933248
66170,0.00019577224309700437
66172,0.002872855214748983
66179,0.9997903900147432
66187,0.9994050592217428
66191,0.003812211257968032
66193,0.0002018334887145647
66194,0.003436711997687811
66195,0.9456502705979688
66198,0.002859960577659088
66202,0.9984767842381782
66205,0.999708733963455
66206,0.0002179347632323061
66212,0.9990982389517317
66214,0.001128266723528221
66215,0.9971472335429987
66217,0.00015014768511725066
66222,0.0014151210324348043
66226,0.9986148385569192
66233,0.008143541476539133
66236,0.001703423286731006
66238,0.0015100400805556067
66244,0.0013834738682019735
66246,0.005072657144868361
66252,0.00013064544441844322
66253,0.000358758001816681
66256,0.0022683393798315398
66258,0.000144118437503348
66263,0.9801482360180955
66264,0.0006952652153043761
66271,0.9991280247564636
66273,0.9953322397970595
66276,0.0007810119472820578
66281,0.0007786954412548402
66286,0.005859004391635283
66287,0.0016795841801761425
66288,0.0007945245231257439
66289,0.00026399979074366483
66302,0.0002467162530193585
66303,0.00031966007170218405
66304,0.0006977610194942836
66305,0.008212171699070065
66310,0.0004436100218096222
66312,0.0025871604458401897
66314,0.00020918986447955468
66319,0.0005384475967301277
66321,0.9989015118760816
66330,0.0011058591040840147
66334,0.0019966989778180673
66337,0.002150689363157211
66340,0.00044784118504956187
66344,0.9990482314755222
66347,0.0010606930865641913
66350,0.00048086919000877627
66351,0.00018185438822406489
66352,0.999056432151701
66364,0.0001470537370131932
66365,0.0011317639717975667
66367,0.0017328542178948322
66375,0.9958430701008774
66376,0.0004057670666493252
66388,0.005952509271824786
66392,0.0014037317615209083
66397,0.0008342587540692052
66401,0.0007215954458515605
66404,0.9818860338804127
66406,0.9989377390244781
66410,0.8602436065733515
66411,0.0006966879998615981
66416,0.9973453164789413
66424,0.0009908283901148636
66426,0.0009803181608375275
66427,0.0013898692912985818
66430,0.0013354064721763487
66434,0.944658066629722
66435,0.0007415961089447381
66438,0.00015227446141660828
66440,0.0013322091665977033
66451,0.0015382149464848072
66452,0.0010772203168682435
66453,0.0038485160942795258
66456,0.9986140921705661
66461,0.0020020929370426735
66462,0.00043518722759258163
66464,0.0016404896389434268
66465,0.00047734302689895054
66466,0.9992665394666168
66470,0.995449280083345
66474,0.003463125800752814
66477,0.02001804161925317
66480,0.0018929974117964158
66483,0.0013392981701964661
66486,0.0007712741108100739
66490,0.22601724241695728
66492,0.0011416678539700098
66499,0.7636241060644033
66509,0.0006966879998615981
66512,0.0027980119837800856
66516,0.0002479523610133226
66530,0.0006924546972391643
66539,0.0037142720712876735
66544,0.0007810128982218828
66545,0.0003784117312440315
66547,0.00033634396696397944
66548,0.0014791344056402827
66551,0.0009473400117597374
66560,0.9958173112140739
66563,0.00138668466835079
66567,0.9985860783153324
66570,0.00032009340549570936
66574,0.22575401432258457
66583,0.0004643623055626951
66585,0.000771058971623664
66587,0.000698492488714771
66589,0.001420045235977748
66590,0.2932889019411445
66595,0.0014240746653871295
66603,0.22625904865575544
66604,0.0012509243934423263
66608,0.9988978110864347
66609,0.002111814345641295
66613,0.996981537061841
66615,0.9997747236281024
66617,0.0003426825888865438
66618,0.09526209578078397
66624,0.22616402368765462
66630,0.036843530310186216
66633,0.9986148385569192
66649,0.9985742777744523
66653,0.01671945006749288
66656,0.9996656889253527
66662,0.001200632242345776
66667,0.0011186389157803172
66672,0.0006502464672198143
66673,0.9986411387260136
66676,0.9990297933138916
66677,0.9984682843860403
66683,0.23494092363382552
66686,0.0014601694188751805
66693,0.0013345187568387712
66695,0.9984927150373031
66705,0.00033829862845268237
66709,0.001076516144808526
66710,0.00016648583014015647
66713,0.00030148102369757844
66715,0.0005003587955469925
66717,0.999269317073611
66719,0.00015764534202754896
66720,0.00038657791209123504
66721,0.9992522435264679
66723,0.9988942956896195
66726,0.23750327661741386
66734,0.9988908550653981
66747,0.00033908306249003485
66749,0.0010558936155703842
66751,0.00031802703645052453
66759,0.0014758746799037447
66769,0.0033675529882166316
66773,0.00013824904522891082
66774,0.00048390722933872385
66777,0.9983789915053389
66780,0.0014252638864679964
66782,0.0014186942541821095
66787,0.006294221352814243
66788,0.9984850561630967
66790,0.001333095347657979
66793,0.9993256861298305
66794,0.001508507383360896
66795,0.9985730076494048
66803,0.0009590214905839967
66806,0.0007494712748985762
66810,0.8666222315245222
66820,0.00039341659490509546
66823,0.0014198843298218215
66825,0.000243998408411405
66830,0.001060723269786945
66832,0.0003183140435645318
66835,0.2316178747991679
66839,0.0010501479945533093
66842,0.9993019564047637
66843,0.00012789578206276415
66845,0.0003022214357084831
66846,4.7073466211761736e-05
66850,0.007506784167359946
66857,0.0010465724994688703
66861,0.0004812148842399808
66864,0.0013969267206600173
66865,0.9993022410712123
66876,0.00020136452479231065
66881,0.0004827117254549703
66884,0.0022167721967868894
66886,0.9970312043244436
66887,0.0004792197944562537
66894,0.0015400511462936289
66896,0.9991142480980888
66900,0.9986225556061034
66901,0.9976378844721201
66906,0.9945528415743714
66923,0.0004370699135683611
66944,0.0013323087611524238
66947,0.9984391546010148
66948,0.0010306914566383049
66949,0.0019506717321517166
66956,0.9989011557026146
66957,0.0013326592627687333
66958,0.9999152098196568
66961,0.00020183324282521716
66967,0.0036300492629969187
66968,0.99879706636483
66971,0.0004433399885102694
66978,0.2323521827812824
66982,0.0014121892759831774
66987,0.0016600324374479605
66989,0.0323514826440894
66992,0.0002070596934931484
66993,0.998573734809393
67000,0.9950104226641268
67002,0.00020880441831395155
67005,0.017801593857222183
67006,0.9986236033432372
67007,0.0031859763728619454
67008,0.0010538258802757887
67009,0.00020542085947070784
67012,0.00047835531159938
67014,0.0007295370697389793
67023,0.0020958868540162288
67031,0.0007971284024127815
67032,0.00015618010107078836
67035,0.0016732779654654885
67036,9.211997868197038e-05
67037,0.000740211965019346
67040,0.9440994292152037
67041,0.0014667610237057164
67042,0.0014065041010069069
67044,0.00038559200774470817
67061,0.0007000677441272146
67063,0.9993215687577972
67068,0.0013307988318624966
67069,0.00029005404759620734
67075,0.0007039062449985226
67077,0.0003558087669537751
67083,0.0020728666129958707
67085,0.0014139455987275363
67087,0.0027184803879920214
67096,0.03308527962594008
67098,0.0009849372860514824
67106,0.9999133174958619
67107,0.019596377205291216
67110,0.00026262691438780524
67113,0.98740658950645
67116,0.00044545932374795373
67119,0.9993099718034175
67129,0.9871141554896692
67136,0.9988546395273804
67140,0.9988922089684865
67142,0.0014083542789360148
67144,0.0027003124811462104
67146,0.00046597156993748737
67147,0.9445960595585096
67150,0.0010687232009848105
67155,0.0011894622409905605
67157,0.9441399216225865
67162,0.00016236068466760786
67164,0.0004580992087092325
67174,0.9998827567718245
67175,0.0003379492112765032
67180,0.0013354064721763487
67183,0.9980485076012359
67186,0.9940152867314487
67197,0.0033387105147823152
67198,0.0013322091665977033
67199,0.024322216555151467
67206,0.998480389568744
67208,0.0012721584601602775
67209,0.00033601149896927496
67211,0.9997651194615285
67212,0.9986144800754457
67213,0.00033789545622709614
67216,0.0006551722080535227
67219,0.0021757549044993142
67239,0.0009508290671455808
67240,0.0016945802119453712
67242,0.00020196615289364326
67247,0.9994817428705672
67250,0.0005782555546847695
67252,0.22601724241695728
67266,0.09199475635953143
67268,0.9957889976936457
67278,0.0010438782634250496
67288,0.0011180370803099637
67291,0.9986225556061034
67293,0.03704232059596092
67307,0.001327806224507608
67309,0.9984927150373031
67311,0.0020024180545819025
67316,0.0035834203461038677
67317,0.999913241617262
67322,0.0006078632536121283
67329,0.9970982563313449
67333,0.0009830116379729087
67336,0.997150525764089
67338,0.0012227699260043093
67339,0.9993840304314682
67344,0.001326923554743817
67348,0.0002106197076725534
67349,9.607368474955293e-05
67351,0.9424045280336082
67352,0.0006334132521866274
67354,0.00031781306801495046
67361,0.00018777645869050917
67366,0.00020790936323252754
67370,0.00020887746718513257
67371,0.000595608988725187
67373,0.0006444999174081097
67376,0.0033966614669716593
67379,0.05275708321758541
67380,0.001128266723528221
67383,0.0014083542789360148
67385,0.0013641974910802213
67394,0.0005080974764261097
67395,0.9984856286383681
67396,0.9889912324807872
67401,0.0019863834434078933
67411,0.0003049604400555862
67413,0.019596377205291216
67414,0.0004879189378276827
67422,0.0013300029905555474
67429,0.0012073022549328998
67449,0.00047777771797438126
67455,0.011748502539098758
67456,0.0004794384864341365
67457,0.9990244367839166
67459,0.00036089402973479997
67461,0.005171513000513342
67464,0.0006975773853028527
67467,0.9985471937240783
67468,0.00033414170332179895
67469,0.0013754629402546919
67478,0.9999148106137368
67479,0.03705100199369932
67482,0.0003385725636512814
67483,4.799681229133243e-05
67488,0.0009708843308463573
67490,0.0012544906141168167
67491,0.9871141554896692
67492,0.001327806224507608
67509,0.0009376875680967267
67510,0.036944097137180165
67511,0.9915827206659311
67517,0.004172931910389476
67521,0.0013845558987120139
67525,0.00015762771568921438
67527,0.0052161931524352554
67529,0.0013754800208837493
67535,0.00044540871593026755
67541,0.0003128557707957022
67544,0.00018975527508545374
67547,0.00040832303689953035
67552,0.0020680302095237046
67554,0.0021446767915560385
67558,0.0015236055461966254
67559,0.0005727572083723048
67562,0.0007687546215149313
67565,0.9992607728186575
67581,0.9950774023342903
67582,0.0002759970596047867
67587,0.9737375401547337
67590,0.001537056771596761
67593,0.0003378384409522683
67595,0.0001674082044164129
67599,0.0002039515646824668
67602,0.9999137631016393
67603,0.0007517833991508759
67605,0.00012881491399222787
67612,0.00043254537013104257
67622,0.9999030553130525
67627,0.00016806069779501506
67635,0.9988595901798046
67636,0.005156590825506086
67638,0.00012372606081292688
67643,0.007959477327760936
67645,0.0008505898640322884
67648,0.004068838928660053
67651,0.0006827317677295659
67655,0.0014781915469140466
67657,0.00017079512102309701
67660,0.001326923554743817
67663,0.0013300029905555474
67666,0.0005475319087130929
67672,0.0004562602850487787
67681,0.9430861083700371
67682,0.0013354064721763487
67684,0.9761550934307603
67685,0.0014752542495565168
67686,0.9988976171265169
67689,0.0362920747539464
67690,0.0027714302705120985
67691,0.00012851647077209835
67695,0.9986150679886043
67697,0.9988110601806842
67698,0.9986169544148807
67703,0.9999050964777161
67704,0.0010619616479565373
67710,0.9990860642949837
67714,0.00020044014755101858
67722,0.9977234979841926
67730,0.0007496685596809076
67732,0.00018174335946891172
67738,0.9992769564348631
67742,0.004985681937650511
67747,0.9958722956759023
67753,0.9953335772837718
67762,0.00022896970282248327
67763,0.9990224760242282
67764,0.0010452471797766732
67765,0.0009851020417686567
67767,0.9972789879847561
67769,0.9997886425739513
67774,0.00048087635088007546
67782,0.0010501479945533093
67783,0.0012469776553996486
67787,0.998573734809393
67791,0.0022310786472429646
67793,0.00045034427200269666
67799,0.9993032015536819
67803,0.0013849201263588242
67811,0.0011998673651576882
67824,0.0004457651927677952
67828,0.0007687546215149313
67829,0.9981019075606308
67833,0.0007752872158305941
67842,0.9986088158234899
67846,0.9986511031320976
67849,0.005191105402198248
67852,0.0014017390890457286
67855,0.00015359005556813334
67861,0.9978323300208727
67867,0.0014068190724576377
67870,0.00012386718644698543
67882,0.0004626315099108641
67889,0.999056051304048
67894,0.00016923636801169004
67907,0.9986150679886043
67908,0.001973898913105551
67910,0.002641088483330903
67914,0.092276201863631
67925,0.000135711914505269
67927,0.00809079062462679
67928,0.0004270510042286311
67929,0.9990496765503453
67941,0.001324202226094446
67945,0.0020048055291167475
67946,0.0014005338769207405
67947,0.001392427762020291
67948,0.0001761155826056662
67950,0.9991210487322371
67955,0.00048747212373084157
67956,0.0003424140792354095
67957,0.23277057286909314
67964,0.002190621956865787
67965,0.00105434279638433
67967,0.0004562400939140523
67968,0.005970993892110585
67969,0.0011178403691784304
67971,0.0341882443572045
67973,0.026689583923273058
67975,0.00013636545407690848
67983,0.01682813787281074
67986,0.0004811210929295001
67994,0.9932523611783584
67996,0.996231791416713
67997,0.0010501479945533093
67998,0.0003071450350146489
68005,0.00010033562729483822
68007,0.9968123483562028
68010,0.0005455553609491191
68012,0.0009980905563257327
68015,0.00017565614019459194
68019,0.0007832654495063748
68023,0.0013864799808329682
68024,0.001492957111837361
68026,0.00021117618139360054
68027,0.001056384357674219
68029,0.00020183100930056523
68030,0.22657127283688758
68039,0.00012851647077209835
68041,0.9973279354889136
68044,0.0003476851836191016
68049,0.0015314094120294794
68051,0.0013280058435466498
68052,0.22616402368765462
68056,0.0003277656119003705
68057,0.002802176901554074
68059,0.0016661142209504188
68062,0.0023023388751108364
68064,0.001254018683483061
68069,0.0021571835174236872
68070,0.0014667610237057164
68072,0.0010478153746551816
68078,0.0008085061084027813
68081,0.0003146267875020502
68088,0.0007712741108100739
68089,0.9950394378405144
68092,0.9984921883385266
68095,0.0008787293474039128
68097,0.0008604095428510785
68098,0.002842539506980744
68101,0.001508507383360896
68102,0.9992095431095231
68109,0.0009821625909207184
68113,0.0007083072452495462
68114,0.0010466613483267123
68123,0.00116030519777328
68124,0.9985921748732034
68125,0.9999129494847196
68126,0.9984883614884884
68130,0.0015284606247432323
68132,0.00010381559245250598
68150,0.9994161119589715
68152,0.0009685404708802832
68156,0.00031938132175628897
68166,0.0027917796983062955
68171,0.9999138129500039
68186,0.0004523145365478097
68196,0.0013782258795662207
68199,0.07867417731398217
68209,0.0033447631689644585
68211,0.9988643744927079
68218,0.0021598251450591693
68222,0.00012544623343303766
68230,0.0035913736550659096
68233,0.0014400406695055015
68235,0.00018944134276760438
68238,0.00033757372566151685
68240,0.000148999915454947
68241,0.9957685819509089
68252,0.9737375401547337
68261,0.9999137631016393
68262,0.03190512670172164
68267,0.22657127283688758
68272,0.00031987292424352906
68274,0.0008005134003740212
68279,0.0011317639717975667
68280,0.001327806224507608
68289,0.9437274450387709
68291,0.9988382864317635
68294,0.99870364213407
68295,0.0001461331823301449
68296,0.0009756683793802104
68301,0.0014068190724576377
68304,0.002317499594181226
68314,0.9444661646887993
68316,0.0007063762445977137
68317,0.998788526446752
68323,0.0004406909841549055
68325,0.0007005863750023628
68330,0.00020056854188639864
68331,0.996174660796501
68352,0.9808989271051877
68361,8.718622755416665e-05
68372,0.001201997104495668
68375,0.0013322091665977033
68389,0.998858241333915
68391,0.004006885004148144
68400,0.996552896918591
68410,0.0008210304547474262
68411,0.9987715752723417
68412,0.0014109795094850803
68418,0.0016865630046397643
68419,0.9983868389205726
68420,0.9974499528270434
68429,9.35161390134144e-05
68433,0.001054315271855709
68434,0.0004767764323170523
68438,0.019676593562196563
68440,0.9999031392726281
68442,0.024322216555151467
68446,0.06752559270959348
68447,0.0001238655033705493
68448,0.9991121930295982
68452,0.0014316831117198172
68456,0.03298377016331353
68457,0.054079411602816964
68459,0.22709659507387725
68468,0.001066492888589411
68469,0.0008064696689403108
68475,0.0013362002191384499
68476,0.9784610843746083
68487,0.9986137426461222
68489,0.9991964647068065
68490,0.0005808023443415543
68499,0.9980749769952213
68501,5.361396789452816e-05
68504,0.0004135662640196629
68507,0.00044774451153684015
68508,0.00030394150072750445
68524,0.002705260714498658
68526,0.00039051951629866304
68527,0.0015636630078246015
68528,0.0014541319110198615
68533,0.9978497572942676
68541,0.0014561043666829377
68543,0.0006225514390047314
68544,0.9982233015274432
68554,0.00041737496913549254
68555,0.0001415925827536206
68559,0.9961074032700482
68560,0.9992616253557479
68561,0.0033596767422237037
68571,0.0007817439399237306
68572,0.027484749667566873
68576,0.9996353627661804
68577,0.0016691324384127994
68581,0.00032009340549570936
68584,0.9434827872730327
68588,0.0007167558626409905
68591,0.0014133446085278138
68595,0.0010478153746551816
68602,0.9988912803095946
68605,0.9990434933150584
68606,0.8059235201059226
68609,0.008305225798484922
68612,0.0014017390890457286
68617,0.0008368363152898501
68622,0.22625904865575544
68627,0.0006986763636347407
68628,0.0010541692482956564
68630,0.0019288909377922965
68638,0.9985758113591313
68649,0.9993073922169563
68655,0.0014838716782131515
68656,0.9993110819674208
68661,0.23268245411767788
68664,0.0021907615392670722
68667,0.2318152533770567
68674,0.0002776397679011993
68681,0.9954389772012497
68685,0.0014278126277986506
68686,0.0003242764953937907
68690,0.0006288807557544962
68696,0.00011323513861698559
68699,0.0005122456558401746
68702,0.00014240292996238178
68709,0.0007450118494727843
68713,0.0013806258908920337
68717,0.00030366989837463007
68721,0.000794768223522313
68722,0.0021460897536704337
68724,0.9999129590491173
68726,0.22616074094976135
68732,0.0014144517177809535
68738,0.00040031343997980033
68739,0.001333095347657979
68740,0.0013937867367518136
68743,0.0007552073985370928
68746,0.9983781348616444
68747,0.004107163968993595
68749,0.9991497120074059
68753,0.0001681908370374234
68761,0.0013291188624175454
68767,0.9986185005342564
68770,0.9985730076494048
68773,0.001051248485630149
68783,0.008076102470624645
68790,0.0011262975242287414
68791,0.9998544911536176
68795,0.01682813787281074
68797,0.0004841599136581199
68799,0.23419717249782482
68800,0.0013346098029615927
68805,0.2324605716649962
68806,0.0013492362728857034
68808,0.00047943225322451933
68816,0.008140968201260939
68818,0.0035517790093588346
68820,0.0015623660996640335
68833,0.9986138143176175
68854,0.024353367909996055
68856,0.9990584791452685
68859,0.0002053129389432864
68862,0.0009691150758444003
68873,0.0008751310245278258
68876,0.0013464686899902019
68883,0.00010118513967169881
68892,0.0026555590099923525
68893,0.0007943385530743614
68897,0.0013794681516446725
68906,0.0002106211550980722
68909,0.04233266217500049
68910,0.9820383248046981
68912,0.9988834000415925
68913,0.0002983609087156613
68915,0.0027405292638013777
68917,0.00015958343107610115
68933,0.019634410564360803
68935,0.0010515251242219138
68946,0.9988896118921218
68953,0.03243577212589953
68956,0.9981123742078375
68960,0.00044586584272066944
68964,0.0006966879998615981
68967,0.9989387553903429
68970,0.036944097137180165
68979,0.0034648309470661815
68984,0.008220978300213323
68985,0.0343837250708822
68988,0.0016164101477096186
68989,0.0007786954412548402
68998,0.0010501479945533093
69000,0.0007182979679302867
69004,0.00012378851129195612
69006,0.0006966879998615981
69012,0.0010443716296044028
69016,0.0013354064721763487
69019,0.00026870371604108143
69022,0.0004924997380570498
69023,0.9986054725239085
69032,0.9984799216367759
69037,0.00013677365726395672
69040,0.00821913191720157
69041,0.0013832154654162252
69045,0.0004797858349598271
69050,0.0009507153704685142
69055,0.0021527643544181534
69062,0.9996545225325146
69064,0.9986511031320976
69074,0.99861785043631
69078,0.22657127283688758
69079,0.9974224233482315
69080,0.001377522412179218
69092,0.00021283540640743733
69093,0.0026128672319689922
69096,0.9953385804705376
69102,0.9992284662892305
69105,0.00048692623911616875
69117,0.00032852214554367616
69118,0.2343670686352531
69128,0.0952987854077172
69130,0.002195896806603622
69134,0.22890387907949092
69135,0.9976644577877481
69141,0.0014314517192953913
69143,0.00020149712626543455
69156,0.9986290021442883
69158,0.9996501451884721
69177,0.0010515251242219138
69182,0.0010501479945533093
69186,0.0007400816804321923
69192,0.09166627405089828
69194,0.0013384161859994084
69198,0.000947273623376115
69200,0.0001266949571953709
69202,0.0011088166778516627
69204,0.9986150679886043
69205,0.0016608061091781827
69207,0.0007943075637897192
69210,0.0011311135862410273
69214,0.0012473777313564964
69218,9.887103349763148e-05
69219,0.9454027966159992
69221,0.0006973494338747249
69223,0.0002742626199097231
69227,0.9443748637508962
69229,0.998036487120302
69233,0.0007831401949882937
69244,0.0013322091665977033
69257,0.00041390586365360144
69258,0.001169446030053335
69265,0.0002010354074752237
69266,0.00021029008515202494
69268,0.9879574419088638
69271,0.00014287671235443548
69272,0.005089207816541007
69284,0.0013898692912985818
69287,0.0013363001116608168
69288,0.22616402368765462
69289,0.0007021663492745114
69295,0.0033887187379203834
69296,0.998573734809393
69298,0.0014176893699432954
69301,0.00038297215630430634
69308,0.0019972543061576465
69311,0.00045231844772786574
69320,0.0006966879998615981
69325,0.9986411387260136
69330,0.002161855802231402
69332,0.2336795148284603
69336,0.9990224943416612
69339,0.004511983595830675
69343,0.0021418965130002242
69347,0.001666831549507338
69352,0.002932903137175443
69358,0.0026265872053201278
69359,0.019596377205291216
69365,0.9997772944845899
69370,0.0013322091665977033
69372,0.0010464430983698882
69373,0.0011094905780343917
69386,0.01723799953702255
69392,0.9992204912809851
69394,0.9984034372505491
69397,0.0007097927132636294
69403,0.0005703573095321646
69410,0.03637620842422638
69414,0.9455936641990684
69417,0.00020175178566211519
69425,0.00036114094624527905
69434,0.9996299383161875
69442,0.0020271797003439044
69451,0.9973842694911359
69454,0.0006975773853028527
69456,0.0007069851890000161
69457,0.9999177553287899
69467,0.9437274450387709
69468,0.001648509482205844
69470,0.00100035295471883
69471,0.0014639498277947151
69477,0.9431034581985036
69480,0.9437274450387709
69481,0.999331647296142
69482,0.0009861268785123227
69484,0.999913786877534
69494,0.006549202383067254
69503,0.9999111818246753
69504,0.0012428969715655288
69505,0.0004057629867688512
69511,0.9953362116188839
69513,0.23268245411767788
69515,0.9952493173187205
69516,0.0010498717178804523
69519,0.033896226470991636
69520,0.0010501479945533093
69526,0.9992506190368011
69528,0.9985758113591313
69533,0.0007063762445977137
69537,0.002185450535788531
69540,0.000189792518146687
69551,0.00257798817605441
69556,0.0002007752815397839
69559,0.0020381207108082287
69566,0.0013348698390800106
69568,0.00020631570477508965
69569,0.22657127283688758
69571,0.17242783548159202
69576,0.001376953741713705
69587,0.0037626174195846845
69592,0.0013889207357647738
69595,0.0008068321763127393
69598,0.9978583037048552
69601,4.753187712945355e-05
69605,0.00020870834591779473
69606,0.001066305236631986
69610,0.0026652276583894077
69612,0.23205063981404345
69615,0.23419717249782482
69620,8.662776655822482e-05
69628,0.0016670274814038488
69633,0.2316178747991679
69639,0.0007669703499864773
69641,0.00016023827024659102
69649,0.9927390451398485
69650,0.9796089353264646
69657,0.9997053455464631
69658,0.019714779477397554
69662,0.04940766468336245
69664,0.00033829862845268237
69667,0.00015519358500375144
69673,0.9986148385569192
69679,0.0010818598721409505
69683,0.0017254166975468079
69687,0.0033538582043344013
69690,0.9984522375418247
69692,0.0013339223196659777
69702,0.9986183816206441
69704,0.00047917183331364793
69712,0.0010219776566715618
69715,0.053678529674412855
69723,0.0007158291629525414
69724,0.0007002520334353098
69727,0.0015772689601544184
69730,0.9996536889456524
69733,0.03351648328070398
69735,0.0010464430983698882
69739,0.9451123627461687
69741,0.002612834439795798
69742,0.999634811535496
69743,0.0007184516068437734
69745,0.000707046870100556
69746,0.9984927150373031
69749,0.999263726970021
69750,0.0004519524539877876
69755,0.0012550580857516648
69762,0.0014058816937065437
69764,0.859051722313891
69765,0.9999124039308699
69779,0.00048390722933872385
69783,0.0002178926835662093
69791,0.001049668052132826
69794,0.9986504153638817
69795,0.00023358468760819942
69799,0.00015443380964568783
69805,0.0014237001549568147
69807,0.0015234885355446255
69809,0.00021771286797027238
69811,0.23419717249782482
69814,0.005028927345122102
69824,0.005129073504980912
69828,0.02680009054362073
69829,0.00016765435964491426
69830,0.000945313581074714
69833,0.0015193400647605525
69836,0.0003205945825388334
69841,0.0014612777617658444
69846,0.9999129050437643
69851,0.0006966879998615981
69854,0.00033711701371223903
69856,0.0010501479945533093
69857,0.998781983467862
69858,0.00020645329918753168
69861,0.024622391412353995
69870,0.0007601413269664109
69875,0.0007687546215149313
69878,0.0007219342703994844
69886,0.0006741342173745719
69895,0.9942789522327318
69898,0.002178928419834957
69906,0.0015212336479188252
69911,0.00044215307873564293
69912,0.0004472998710091204
69914,0.00020183125518719229
69920,6.171721302697202e-05
69924,0.9974928290132514
69929,0.0033730215890894664
69930,0.0010801440053786263
69932,0.9997024607035613
69934,0.0005715895445854926
69943,0.0007053293608580809
69947,0.0014124224866748445
69948,0.0014758746799037447
69950,0.0010562419274261971
69953,0.00010099086763527345
69954,0.09292570874215647
69956,0.0014106548353336689
69963,0.0016899414192273843
69965,0.0011256757611495106
69966,9.195807319506275e-05
69974,0.0013291188624175454
69976,0.9950982520657984
69981,0.9986051462284322
69986,0.0007495366118885642
69995,0.0003204116272815731
69996,0.0007485157762202784
70007,0.9970707869604901
70017,0.0003795544589897251
70021,0.005664303906234443
70023,0.0002058564104063722
70025,0.9987826288344748
70026,0.9990202767725479
70032,0.001380726756030256
70036,0.0007326257625361308
70037,0.0006011759055944228
70039,0.9870843032781131
70040,0.002576399641430363
70041,0.00034624855039229897
70043,0.0004576975631100917
70044,0.00020634002776591905
70046,0.9986213464399434
70054,0.0004575171121561813
70056,0.0026765594594762693
70058,0.9992243107507128
70070,0.9984093437640139
70078,0.0007494712748985762
70080,0.0032856770502740595
70085,0.9974985074119823
70088,0.0025987163038869512
70089,0.0010452471797766732
70095,0.00020933140470601278
70097,0.9970597441525482
70107,0.0004571860719022064
70109,0.00014627591160202216
70112,0.0005952935524633113
70114,0.001326923554743817
70117,0.0012472268892652243
70121,0.9942248919583809
70131,0.9955339414557116
70133,0.00031987292424352906
70148,0.9984522375418247
70150,0.0010555145089567424
70152,0.0006501653938383597
70160,0.9957968382805242
70164,0.0006973494338747249
70165,0.0014237001549568147
70166,0.00014299753562514066
70168,0.9990585825034782
70170,0.2344029589311133
70183,0.0014120944961045492
70184,0.9984519816433097
70187,0.00027605758285269386
70188,0.0014435554740092865
70194,0.9992687662826747
70195,0.001669162161396151
70203,0.0003484090330796223
70204,0.0015799312086464657
70222,0.0011115263726466994
70225,0.9985758113591313
70227,0.0002018334887145647
70230,0.22657127283688758
70231,0.23950064756170503
70232,0.00020835463555364794
70240,0.0011259719633833845
70251,0.9970400572697066
70253,0.003819068831788301
70254,0.019676593562196563
70256,0.0021916313831676893
70259,0.0010464430983698882
70262,0.9955064387975117
70263,0.0011107305396399103
70264,0.0003395731711185676
70267,0.0006977610194942836
70268,0.0008232051390557222
70269,0.001416473082243454
70270,0.0007687546215149313
70271,0.0014482713171809483
70279,0.0002009011313095166
70284,0.9992406347950479
70289,0.024353367909996055
70291,0.0014086027731200796
70295,0.0013533032450002522
70300,0.999906682224107
70301,0.05810756228106757
70308,0.0002091209793950606
70310,0.9999111818246753
70311,0.0013348698390800106
70334,0.0014932052060015885
70337,0.0037525289227335187
70338,0.003577638531108971
70341,0.01586012555297888
70346,9.166278629563429e-05
70347,0.0016158758080688116
70348,0.03298377016331353
70353,0.9986161499319501
70359,0.9979303228514794
70363,0.9988720544081383
70364,0.9784411025977227
70366,0.0009454862168831807
70367,0.00021283540640743733
70371,0.001376478123578981
70384,0.003323299277891609
70396,0.0004498638135935616
70399,0.0027313473978343456
70412,0.9993009267757315
70415,0.00132472612021336
70416,0.996746411240928
70418,0.9873645758278542
70419,0.0006976019373648895
70423,0.0010543453426494578
70426,0.00414511946923324
70427,0.998490562148364
70428,0.8597590311145219
70431,0.0004561920533303272
70432,0.0015222210178569996
70437,0.0007651758749198382
70440,0.00020149688078578747
70441,0.0004820667205525133
70445,0.9991994606660167
70447,0.9989232979449342
70449,0.9992583459400073
70450,0.033370619608037416
70452,0.0010823986278409086
70453,0.9970498823054121
70454,0.003293640000699465
70457,0.9986225556061034
70460,0.9992082335627437
70468,0.0021032266484793715
70469,0.00031966007170218405
70474,0.9991934343054173
70480,0.00022764797543273766
70484,0.0015147679653569768
70488,0.998573734809393
70493,0.0011068364086260734
70496,0.0010464430983698882
70497,0.0014472019875673905
70498,0.0010312139005160404
70499,0.9978163181014486
70502,0.0011199086198061196
70511,0.998671373456099
70513,0.9988922089684865
70521,0.9980553950986516
70528,0.9989203114043833
70535,0.00173828211096954
70537,0.0003426825888865438
70546,0.9999057095698273
70553,0.23707900843612423
70554,0.0003163505215530493
70560,0.0037162267987464544
70564,0.0013504451793759434
70568,0.0008347853442326559
70571,0.0006615935162375074
70575,0.0002107532566014181
70576,0.002146044300203583
70580,0.0007131548183533392
70581,0.0004312302376825845
70582,0.0004879282732766844
70583,0.9986173639076616
70584,0.9978375732513547
70589,0.004742216640742911
70590,0.0001593711447346769
70593,0.9986150679886043
70597,0.998490562148364
70617,0.9434827872730327
70618,0.0004892305359982265
70620,0.0004823110170172403
70621,0.0017213109580098793
70623,0.00047647264911179657
70628,0.2302076446116715
70629,0.9992616253557479
70634,0.0010260130345820853
70635,0.0013748875716118494
70641,0.1727143995851945
70644,0.0004549756698347558
70645,0.0011108762394364587
70653,0.0010529344919224094
70655,0.00021172187164064104
70659,0.0006966879998615981
70660,0.00037833790943413837
70663,0.998632602109768
70665,0.001383229417564613
70667,0.0012836329261492665
70668,0.0003573960392967944
70694,0.0014017390890457286
70695,0.9988465345304379
70700,0.0012974266989461741
70702,0.9986146802480945
70703,0.002039694754779116
70704,0.020384359162927575
70706,0.001419701412969335
70708,0.22616074094976135
70718,0.001003474887057544
70719,0.0020433391722171996
70723,0.001678591096752461
70724,0.9990342018609808
70726,0.006040970542919724
70729,0.0013348698390800106
70731,0.99990401111929
70733,0.0033727428366938793
70737,0.03155824165695592
70740,0.00033116807047985005
70742,0.9996194995363955
70745,0.9988595901798046
70748,0.0017597774531086221
70750,0.0010453371731488185
70754,0.00048276572098473444
70760,0.0013412685677548798
70761,0.9999133174958619
70765,0.0036060254178685836
70767,0.0021868584810577187
70768,0.00036167322064595416
70769,0.9988449772842366
70771,0.06686866274233252
70774,0.9435370167272088
70776,0.0019013495965637757
70777,0.00082216956224605
70790,0.0016811306634024316
70792,0.001688025904727503
70793,0.00042996985041240146
70800,0.998856309146387
70805,0.0008129715065505117
70807,0.0002996280373761096
70811,0.0004903396422876457
70820,0.8666700659397997
70827,0.9975811484164466
70833,0.07863807384139902
70836,0.9979172591785085
70840,0.22709659507387725
70843,0.0016815713976615567
70845,0.0006980909152615423
70847,0.0001733693413084783
70852,0.0005730771967638686
70862,0.00012912139716084905
70865,0.9986141323239783
70868,0.9972446526400177
70870,0.00031966007170218405
70878,0.0001266247642108338
70881,0.0010018529581161415
70882,0.9988834000415925
70885,0.9808081265613158
70887,0.00017024360105684635
70889,0.9455936641990684
70895,0.0009685404708802832
70896,0.9993008796815203
70897,0.00046032561703946643
70899,0.23163315307971089
70909,0.0003205945825388334
70919,0.00047943225322451933
70920,0.0013354064721763487
70926,0.0020689868108207826
70927,0.0013897887448263162
70929,0.9979699904625385
70933,0.9989063342237086
70934,0.008866474882514333
70937,0.9428771423109147
70943,0.9988595901798046
70948,0.0002010354074752237
70949,0.001376425902896821
70952,0.9981249106212885
70967,0.0004424760332870972
70975,9.164586612873649e-05
70982,0.00014192096126737621
70986,0.000771058971623664
70995,0.00031487936659739074
71010,0.0014248153644022025
71012,0.9990431770694655
71015,0.00030209377096175176
71021,0.0004519485459710342
71023,0.003799222561037871
71029,9.275818470244576e-05
71032,0.0001571169575386057
71033,0.0012122415709026376
71040,0.00026585392884080064
71043,0.0010714603643304315
71044,0.9980439730647033
71054,0.9999160088890594
71056,0.9971629296314222
71073,0.9927330691772777
71083,0.0002970977206166993
71091,0.0007244123741952202
71093,0.9992830752989881
71095,0.01996464889652046
71096,0.998781983467862
71101,0.0013357577876434072
71103,0.000546397900393246
71105,0.004912532560682423
71108,0.9992625762550723
71109,0.9898017424887944
71116,0.0013955047373519526
71121,0.0017167466463715486
71122,0.00016338296404952107
71131,0.9989575993467045
71132,0.0009586829217791573
71135,0.006174986891254148
71139,0.0014258542204673413
71145,0.9993489776452047
71146,0.002210359128409943
71149,0.22575401432258457
71151,0.005868284597855178
71152,0.0009982165548116336
71153,0.004822990150516223
71154,0.0014961307203172347
71157,0.0015678525624681677
71165,0.0004795418536019065
71166,0.9962421201481978
71167,0.998480389568744
71168,0.9998712438289504
71177,0.0013023679517122906
71178,0.0014420333826422845
71179,0.0013322091665977033
71184,0.9992167608027179
71189,0.04824501432259576
71192,0.9988978110864347
71202,0.04954853516232699
71205,0.0015286574158534783
71206,0.00649321215107346
71214,0.0032990245687122125
71219,0.9434841976691026
71220,0.0013348698390800106
71222,0.0038244193121905203
71226,0.0004705813191982011
71227,0.9999125802717082
71231,0.001343942868083352
71242,0.0014191710100907905
71244,0.0008803267516292049
71246,0.9992193037365394
71250,0.00042990194966519544
71254,0.9985867988242589
71255,0.016820351767326214
71263,0.0012458047248881075
71265,0.9986185005342564
71268,0.9992500921889869
71279,0.03351102827649216
71280,0.00015460240588062863
71283,0.9992976006518928
71284,0.9999121147611357
71285,0.003416769944442034
71293,0.000834880446640284
71296,0.9982436113045504
71300,0.9425589187916171
71311,0.0010557922689764087
71317,0.0007280472492937065
71318,0.0004316039774434882
71320,0.0014167623246106888
71340,0.9459060328965206
71343,0.0006191092966068542
71345,0.8602809255008216
71348,0.0007694839960761947
71349,0.9990761855923281
71350,0.0014511020675689352
71352,0.0010774201011067063
71360,0.23492172791525795
71361,0.10076716722523199
71366,0.9973388573570179
71367,0.998573734809393
71369,0.00038565214657603056
71370,0.001128068214592131
71371,0.0006232054861096399
71381,0.0004735257834799751
71386,0.0058011038173968275
71387,0.9970312043244436
71390,0.9148005336981232
71391,0.0025920579906452486
71405,0.004170872945637685
71412,0.04940766468336245
71415,0.0010501479945533093
71418,0.9990761855923281
71422,0.9988554390939568
71426,0.0006966879998615981
71427,0.0013322091665977033
71429,0.006077747912724635
71430,0.22657127283688758
71435,0.0027138280835140543
71442,0.9987769037517044
71447,0.9994046196824972
71455,0.22657127283688758
71456,0.05414360186748328
71457,0.0017934930095348826
71462,0.0009454862168831807
71464,0.9992578998106392
71468,0.00015452270890308376
71470,0.9984826018165908
71475,0.0003092392883151238
71477,0.9977623369843948
71480,0.00030375569152729426
71491,0.0003312267773362995
71493,0.0003346693777903019
71494,0.9981468202313418
71499,0.9993069571301825
71506,0.0007359693714270704
71509,0.0011253859560722388
71519,0.002285752786323014
71521,0.0008263773080546704
71525,0.0010464430983698882
71530,0.22657127283688758
71533,0.10323255977158038
71542,0.9984815592730417
71556,0.0013397594569352074
71570,0.0005678854765366622
71572,0.000304866299716451
71573,0.9986146802480945
71576,0.0021520318572814875
71579,0.0010500015425101493
71585,0.997682569641701
71590,0.0007495366118885642
71593,0.9986051462284322
71596,0.0004880311836539648
71599,0.0013322091665977033
71603,0.00032401110555925835
71605,0.9981167504734335
71607,0.01537661663136549
71608,0.0004835214029663507
71611,0.9986208056596542
71633,0.0002718901172823641
71634,0.9998848824399814
71656,0.008880991680755287
71657,0.0007735860072678485
71660,0.003436456835489061
71661,0.0015603599806139567
71669,0.001403696034759367
71676,0.0015882376040629762
71683,0.0016641554010327947
71688,0.0004954214414942598
71690,0.0006966879998615981
71691,0.01697198397929897
71697,0.2309655046758487
71703,0.0007042447108025233
71705,0.998573734809393
71706,0.005689306386359287
71708,0.0025748821142056906
71719,0.0013624441576416911
71729,0.9444003451692202
71734,0.22678385924336528
71735,0.9990971468455901
71736,0.0027538765193251043
71740,0.0012338299146150815
71741,0.00033728772483565365
71743,0.035420734887915105
71744,0.0007002520334353098
71747,0.0005447456293050329
71752,0.9986051462284322
71756,0.9986150679886043
71759,0.0010510445530828698
71771,0.22657127283688758
71772,0.23336796766343915
71776,0.002736807081447316
71782,0.00032576575167618933
71786,0.0014109673205015569
71787,0.0010793352265851092
71788,0.9991523374992076
71791,0.008239105657975138
71796,0.031858767394226474
71798,0.0022532066064282485
71800,0.0014154447408210894
71805,0.0688877031950887
71807,0.0007495366118885642
71816,0.0001276752582025484
71822,0.001396070303730785
71831,0.0006502464672198143
71834,0.0022266510558768293
71835,0.23277057286909314
71840,0.00016225428326285742
71846,0.0006977610194942836
71849,0.0001408367399294009
71858,0.999537994517461
71870,0.22625904865575544
71875,0.0007139902273988
71877,0.9986290021442883
71883,0.9986131075631874
71886,0.9984826018165908
71888,0.0009617506657625383
71889,0.009957662768491908
71902,0.0012434111148510874
71908,0.0006975773853028527
71918,0.001243534877441363
71930,0.0005888244902044549
71931,0.019714779477397554
71948,0.00045113292256870224
71950,0.9992753045230975
71957,0.0013322091665977033
71958,0.0013345187568387712
71962,0.0006232907541459018
71965,0.0007289257808305074
71967,0.9990794949203252
71971,0.00012536240395812355
71975,0.9997398670077189
71977,0.9980507383079064
71987,0.9427939981613412
71988,0.0004570248844397043
71989,0.0016053630770572825
71990,0.0001101388535918772
71992,0.2344029589311133
71996,0.9975559882566137
72001,0.0014184318951753856
72008,0.0006567364534815171
72009,0.9992167608027179
72011,0.00034644180672406826
72032,0.0019972543061576465
72034,0.00016808025685587864
72047,0.943822545609877
72054,0.0013789006993436216
72060,0.0016952437027150317
72061,0.0013322091665977033
72066,0.0011319631303481296
72067,0.006052836640972607
72071,0.00020803048576402536
72079,0.0014511020675689352
72080,0.0004817336698952671
72082,0.0002004367955628281
72095,0.0021861915159463825
72098,0.00017227646581471508
72106,0.23205063981404345
72107,0.0010464430983698882
72114,0.9444084210322943
72115,0.001684176909226684
72122,0.003970077995672767
72123,0.9999039402758417
72128,0.0021640137702567414
72132,0.9977790434627856
72135,0.9960251434560455
72136,0.9992892021697103
72137,0.9988912803095946
72138,0.001389203158236028
72151,0.00026826993025771224
72152,9.147329651675196e-05
72161,0.9990761855923281
72167,0.9986290021442883
72170,0.0037210068219326
72172,0.9988896118921218
72173,0.0019095650750101853
72174,0.9734659537490187
72175,0.0003379910418116044
72180,0.07611901405713156
72184,0.0005720568892567653
72185,0.9986148385569192
72192,0.00038442114076090496
72197,0.22657127283688758
72202,8.645621141866613e-05
72205,0.004390158919056425
72214,0.03637620842422638
72215,0.0007147906882903747
72223,0.9986150679886043
72226,0.22616074094976135
72229,0.0014791344056402827
72231,0.00016281037282418802
72237,8.94645553152443e-05
72238,0.9791669330200571
72239,0.9932858470560906
72241,0.0012480224086085388
72242,0.00030237720616868113
72255,0.0011116313560605167
72261,0.0014862467150935552
72262,0.00100403085205842
72264,0.0033862101366186744
72286,0.990399326397661
72292,0.00134849013974898
72294,0.9986051462284322
72295,0.0006288278793883904
72300,0.019864496481890873
72308,0.003558738730743134
72311,0.004136871662698343
72314,0.9993482610459528
72315,0.00045708225095596005
72316,0.9978026850694208
72322,0.001048191944908759
72327,0.9985758113591313
72328,0.005945491382420023
72331,0.0011341096412637627
72337,0.001104164090389858
72338,0.0004524401949982825
72342,9.325061391525453e-05
72344,0.0027131886033919515
72345,0.0002967057012643063
72346,0.03812084809576528
72350,0.006999768528142743
72357,0.0004047928232862353
72358,0.0014285328137183654
72359,0.9987715752723417
72361,0.008447038701876861
72366,0.9985758113591313
72368,0.22616402368765462
72377,0.24090041554296615
72382,0.00038414972384128565
72385,0.0015151653261516475
72386,0.0013330005423693775
72389,0.00379515572591715
72393,0.00010409265124027687
72396,0.0019132948525493673
72399,0.0015719396829665688
72407,0.004135861853240919
72408,0.00017229445650440053
72409,0.9975400718250071
72418,0.001512363906756231
72419,0.0006966879998615981
72420,0.0013357577876434072
72421,0.998573734809393
72425,0.0007495366118885642
72434,0.0010957407949524882
72435,0.00045664367074960615
72438,0.000698492488714771
72441,0.9441399216225865
72449,0.0007400740854177157
72453,0.9992753045230975
72462,0.9992644684706653
72484,0.00034498225051315744
72485,0.00034268783794209163
72489,0.0329096777471297
72492,0.9443201488220455
72495,0.9970302991598233
72497,0.9999057576819895
72498,0.00031802703645052453
72500,0.0009962156894876054
72503,0.001333095347657979
72504,0.0010659211171873471
72505,0.0007778672882497094
72506,0.00020345537504180014
72508,0.9990272027583151
72517,0.0002082990768178969
72519,0.9438823720907612
72521,0.9985921748732034
72523,0.00020183100930056523
72526,0.00109917341256498
72530,0.024617104128537615
72531,0.000952877275216341
72535,0.001447533329676262
72536,0.0007052726480390809
72537,0.9981905017166476
72538,0.9929324101238457
72539,0.00017833076797887633
72541,0.02450563517416658
72549,0.22616074094976135
72553,0.0003398734518714182
72555,0.0035182196347421386
72564,0.00013185319029527113
72566,0.9986150679886043
72578,0.9986150679886043
72582,0.9993968742842976
72592,0.000640645143068972
72593,0.0021783558271618176
72597,0.17121102070866645
72598,0.0013308987936704712
72605,0.9992985052537583
72606,0.9993107507035679
72613,0.00030206968489830183
72615,0.00030422814036458755
72617,0.0034781301657591623
72618,0.0014346679116223496
72621,0.001051248485630149
72625,0.0026001058555372636
72632,0.9992581790623635
72637,0.0002084337797319735
72638,0.0011025989652740508
72655,0.001093019335000773
72656,0.00047946847440056596
72662,0.0003136860806535719
72665,0.998573734809393
72670,0.9988955185476442
72677,0.0011137372110754072
72683,0.0003362599548387717
72684,0.998573734809393
72687,0.0013322091665977033
72701,0.00043128843220976385
72706,0.0002945898158346117
72709,0.0012240370767965655
72711,8.664960148697504e-05
72714,0.9970312043244436
72716,0.020384359162927575
72727,0.0003369617804224723
72729,0.0011175928490144852
72732,0.0013810294876348903
72748,0.9989179309728935
72749,0.004024629684088701
72751,0.09563500373958828
72754,0.00044770712851702687
72755,0.0033675529882166316
72756,0.0010501479945533093
72760,0.002599716391118619
72771,0.0007829438542577405
72773,0.9448299537551799
72775,0.0014047389558529276
72776,0.22616074094976135
72777,0.9951941006587913
72781,0.05361688821888718
72786,0.0021850075241375546
72790,0.9991974520965682
72799,0.0011317639717975667
72801,0.0016547964958849699
72803,0.0009579231733615528
72805,0.9999118951521394
72806,0.00041336232411942744
72809,0.00014831991364304344
72816,0.0009087871963588064
72817,0.0009576747609384405
72831,0.0015580917741735837
72832,9.123069937201704e-05
72835,0.0008322484838684472
72840,0.0003696722976133557
72846,0.9433637870791766
72848,0.0006986763636347407
72851,0.0002888556698612464
72863,0.0010464430983698882
72888,0.9988849225221543
72893,0.001710018839945564
72896,0.9992668111774998
72898,0.0013999039444806672
72901,0.9990344099468911
72908,0.002387063830792621
72915,0.0013184062076380943
72917,0.9991537798634534
72920,0.001348355134750257
72921,0.0008091786967537966
72927,0.0196894417827647
72938,4.801834242140481e-05
72943,0.00016446756987284803
72948,0.9975209602350955
72949,0.001989536367355692
72954,0.9990248697052374
72961,0.0012568917100505787
72970,0.0013491478294439124
72976,0.0009432111800427365
72978,0.0002077162132328829
72990,0.0005603209766099222
72991,0.0021491171764421555
72992,0.00048111269827669185
72995,0.0014264583021325458
73001,0.0021396481273690533
73009,0.0003758472530880153
73010,0.9992204912809851
73014,0.0014553436102782609
73017,0.024469557626647917
73020,0.00010750876297645881
73022,0.0027728707674713107
73028,0.9980543464766206
73035,0.9933668586989844
73037,0.001453004230480443
73040,0.0007669703499864773
73044,0.2295231799323673
73055,0.22657127283688758
73057,0.0015231844559892426
73061,0.0012239554423937057
73073,0.9999033334982531
73075,0.9950788529429322
73083,0.0013322091665977033
73086,0.00013787826396654515
73089,0.0011025989652740508
73101,0.0005186745598162787
73119,0.0006975773853028527
73125,0.0001417112470494827
73127,0.0017090384773556571
73131,0.0004477483832174275
73133,0.9436689552719975
73134,0.0001390988964689507
73138,0.0011612982853272565
73142,0.0020191981864457562
73150,0.22709659507387725
73151,0.001333095347657979
73154,0.0014124224866748445
73157,0.0028625697636689798
73166,0.9999133413946015
73169,0.0013582350208402566
73176,0.0014167018777636747
73180,0.0001738023003740183
73181,0.0009946596707985777
73182,0.9988581160053916
73186,0.999108722096816
73187,0.0010010437098740403
73192,0.0015078112217166992
73193,0.002605560049516877
73204,0.00020090947360826077
73206,0.0011108666400614655
73207,0.0021803765454502023
73209,0.0010774071368914284
73210,0.0006319646226454172
73211,0.9990787881569747
73214,0.024807833673085936
73216,0.0006278668297485529
73222,0.0010464430983698882
73228,0.9984856286383681
73233,0.0006976019373648895
73239,0.00021172187164064104
73241,0.9969740660024359
73248,0.0031377938962402897
73249,0.0002018334887145647
73251,0.047443754549443544
73252,0.9870843032781131
73253,0.0006975773853028527
73257,0.9986051462284322
73261,0.019706361272111856
73264,0.001439059905243181
73267,0.002610348859751796
73269,0.0010548011612390481
73279,0.0005046404703671414
73284,0.9997119966897208
73296,0.9988505853894409
73297,0.00026138190190172576
73305,0.0008589157310755082
73308,0.22616074094976135
73311,0.0005933921637957623
73312,0.9984927150373031
73316,0.9999133174958619
73319,0.9982326333452018
73322,0.9986250416966778
73326,0.9992615044913079
73332,0.9992736914091642
73333,0.00013981345973346923
73336,0.23182457939590814
73339,0.9983277036766929
73340,0.22616402368765462
73343,0.0002009011313095166
73344,0.9982587621497208
73346,0.8596723900068087
73360,0.001045383290139556
73369,0.003334855652784542
73370,0.0004818977426921823
73375,0.0002007752815397839
73381,0.9993039676621875
73387,0.0013695215464835308
73388,0.00014790173412480834
73390,0.0010438782634250496
73392,0.0007495366118885642
73396,0.00018824544445218388
73397,0.0010452471797766732
73402,0.9986720505579647
73403,0.9981520695550212
73404,0.23148388411063797
73406,0.0003177170241375779
73413,0.0012098118970606249
73425,0.033161388008296135
73431,0.9993029113241073
73437,0.23132351061416212
73439,0.001093019335000773
73440,0.9992009293177337
73446,0.9463651828724532
73450,0.008260659392235681
73458,0.0014300880214954826
73464,0.002195896806603622
73466,0.99990401111929
73468,0.00041882760020044895
73477,0.9992830752989881
73484,0.0017757888173097456
73489,0.0011961133015965602
73490,0.0006952652153043761
73492,0.00017142066915679024
73493,0.008135701461694272
73496,0.0029534836310691755
73497,0.0006966879998615981
73499,0.998573734809393
73501,0.001051248485630149
73502,0.0004842027406427956
73505,0.0015055648178817593
73509,0.22616402368765462
73512,0.9929121105372893
73513,0.22657127283688758
73514,0.0010864939261666432
73520,0.0010568227369276986
73521,0.001048992298036604
73522,0.00012444077805366394
73529,0.0004997138274904857
73533,0.9985758113591313
73534,0.0012800223185402471
73540,0.9954706530766831
73541,0.0013388688518177576
73545,0.9987821171421936
73556,0.0004652108050449801
73560,0.0001264038974225006
73563,0.00048306707015556506
73564,0.0033407877671122123
73569,0.00016168506715607232
73571,0.9425343088701104
73578,0.003941644628161354
73579,0.02009598753612613
73580,0.998781983467862
73583,0.0033229258580378678
73585,0.0001286465423396715
73591,0.00027425242246361374
73598,0.0009452330455805927
73600,0.0001382655553876474
73608,0.00020948710051663243
73610,0.999702644043388
73612,0.0002893780107144131
73620,0.0002010354074752237
73623,0.0002018334887145647
73624,0.9985133134650812
73628,0.9992695553050941
73638,0.0013470625925140172
73640,0.014236702594250004
73641,0.03222030966627966
73649,0.2287941971391267
73655,0.0028479955569351663
73656,0.003467659707620925
73657,0.000631436264544927
73659,0.9999133174958619
73660,0.9984628503471938
73661,0.0014105430516357833
73665,0.0013794562345012665
73671,0.00047058559582702935
73679,0.0013581797564230945
73681,0.9997102574828051
73682,0.2361036309532166
73688,0.9988999777197471
73695,0.0013348698390800106
73696,0.9986148385569192
73698,0.9990175921601251
73700,0.9991947952257436
73701,0.9986225556061034
73702,0.0005094939583684512
73705,0.0004463480875006157
73711,0.0013963146391111788
73713,0.0003995588696680068
73717,0.9930603580982406
73723,0.002145513977232216
73724,0.0006766468903786931
73729,0.9981101319012696
73735,0.0026386181006349
73736,0.0016622506518060025
73743,0.001066492888589411
73750,0.0015120979214877535
73758,0.004783360401756631
73760,0.0003585686192945462
73761,0.9455914489630027
73762,0.0004553741690607715
73766,0.0007451756502883842
73770,0.99926454923244
73781,0.001328420901044378
73782,0.999706151587428
73787,0.03273402795082887
73789,0.0006691721305168248
73791,0.9988494999254434
73792,0.0009500338885672832
73793,0.22657127283688758
73796,0.0014529531307316851
73802,0.004507075349013468
73806,0.9929800900299744
73809,0.000201362296453536
73813,0.9434681076062907
73818,0.0009910913870444522
73832,0.000846427898514167
73834,0.0005516059894391201
73837,0.00012601567577877595
73838,0.9903016401999148
73840,0.017265760837622886
73846,0.001684337658081494
73849,0.00048605618669023435
73854,0.0007006254789228897
73873,0.017082712256096404
73876,0.0011152969642302805
73878,0.9992557990960942
73880,0.9978450066305112
73884,0.0004833202005795489
73885,0.9973082364452747
73887,0.0010300490440431486
73891,0.0014142502583930172
73892,0.22657127283688758
73893,0.000254457606976454
73895,0.00015732340618159933
73897,0.0010084131250114848
73903,0.001326923554743817
73907,0.17153588460055277
73908,0.00045262414218656693
73914,0.0014212364422210746
73915,0.002229177282382061
73916,0.9986250416966778
73920,0.00014575071077200806
73932,0.05337041696089721
73933,0.00030224204927493877
73936,0.0015286632371037982
73937,0.0010660054835055924
73939,0.0002220158982308494
73940,0.0010276119792193418
73942,0.9772050784809067
73943,0.22657127283688758
73948,0.9974982332020644
73949,0.002141593246258356
73951,0.002148957965390403
73955,0.003308706949894848
73956,0.996553107351721
73971,0.015429972494652906
73972,0.0011152969642302805
73975,0.0004988974530214784
73976,0.03980662518606719
73984,0.005986794702614783
73985,0.0006576739720591172
73986,0.0004487720802164035
73989,0.0001910357718195548
73991,0.0029207984924494064
73992,0.0012068762688802412
73993,0.9989627175495409
73998,0.998226282229425
74000,0.9984391546010148
74001,0.9999171867560545
74003,0.0003163958690901064
74008,0.0011237745640164686
74009,6.0631813432616664e-05
74010,0.0004480476205385738
74011,0.0013387682921931767
74016,0.9988530947302098
74018,0.9981167504734335
74019,0.04105601528818715
74030,0.2834644475925315
74033,0.05225217131443536
74042,0.0006966879998615981
74045,0.9836767170614852
74050,0.9990490664030939
74061,0.0009391423304231738
74064,0.0006966879998615981
74066,0.0005796774731343506
74071,0.001049668052132826
74074,0.00020772967945201803
74075,0.0004524401949982825
74083,0.001074188233469181
74086,0.0007517178664561273
74090,0.0014567963816965845
74093,0.02472988268057561
74101,0.000707046870100556
74104,0.0010820502584899718
74105,0.0011005559633408266
74106,0.000299163303018421
74113,0.0011211899334053572
74114,0.0007302296677954079
74115,0.0003025734300005872
74123,0.9967014244116312
74130,0.0013357577876434072
74133,0.0006371637628628139
74135,0.9992574455373663
74137,0.0013348698390800106
74138,0.0003342005498021483
74145,0.001440686902290383
74154,0.0016498581684904077
74158,0.0037952338260567164
74160,0.0001263848308508896
74162,0.0009474575278462262
74164,0.003122085760983636
74166,0.0014845912774664551
74167,0.0014106548353336689
74170,0.09863374991061041
74173,0.0021382846857755963
74176,0.0007483840311752833
74177,0.9991635003749486
74181,0.00014262789877341812
74182,0.0010791610852118392
74186,0.0003480918209024276
74189,0.0016839494321652267
74197,0.01830358070387826
74201,0.00045832076947172344
74202,0.9990761855923281
74209,0.001383229417564613
74210,0.9985730076494048
74211,0.9986144800754457
74215,0.0004459930942084825
74216,0.00043841759905772197
74217,0.0031721610575744055
74221,0.019855836727651822
74226,0.0012600176717175405
74231,0.0003031305796342189
74233,0.9990223986870087
74234,0.9986290021442883
74235,0.00037174303577772194
74237,0.2297580612889669
74240,0.9979183844774773
74247,0.0010452471797766732
74248,0.23256578420239737
74249,0.0004753964878276046
74251,0.9988869646713325
74252,0.9985456675720464
74261,0.0002013647701107435
74263,0.001122466735257538
74265,0.9988830090976109
74268,0.004156858926894928
74271,0.99915163714841
74273,0.0005783246391176534
74279,0.9999040655759276
74281,0.0016254279656313624
74284,0.0010659507768699394
74287,0.22616402368765462
74292,0.9943614406169715
74296,0.00031966007170218405
74297,0.0006966879998615981
74298,0.16837137899729476
74303,0.0006977473254203455
74304,0.00029749917761299767
74310,0.0016623875153925058
74311,0.0010498717178804523
74323,9.259200592678236e-05
74326,0.00017407597472086093
74328,0.0012463023905776376
74330,0.9980485076012359
74331,0.0020264032077683034
74332,0.00016273498517916732
74339,0.0008329827299522405
74351,0.00012713410670177477
74352,0.9972934434926746
74362,0.0011409759107582167
74363,0.9874689656447088
74371,0.004710793733230022
74374,0.001400396234409951
74375,0.9990710858997699
74377,0.9990381151651898
74378,0.9981019075606308
74388,0.001326923554743817
74390,0.9965418510199509
74395,0.0013757289370536694
74398,0.0020209769416944805
74400,0.9988955185476442
74402,0.9990611922877631
74403,0.001478933201847819
74407,0.0009589294546048872
74411,0.0013874640415193944
74413,0.0010464430983698882
74414,0.998119172999208
74420,0.00014192220745101223
74421,0.00016581781700005064
74424,0.0014251901677744534
74426,0.0006977473254203455
74427,0.9992639122615118
74428,0.0048778259031656375
74434,0.0005944365073475581
74435,0.9966407689343478
74438,0.036018245118506306
74440,0.00044586584272066944
74443,0.0004128394572411568
74446,0.0003729910791757464
74454,0.22616402368765462
74456,0.22616402368765462
74471,0.9988976171265169
74478,0.0014223497245456802
74480,0.9747220541678615
74481,0.9976879400566013
74482,0.02312107841199169
74490,0.9928748358237466
74492,0.0007924949485998543
74500,0.0010333866734534402
74502,0.9972079724755146
74503,0.0010515251242219138
74507,0.000773789634902593
74511,0.0009961824897516307
74519,0.9983677645469377
74520,0.9973582453167856
74523,0.00031802703645052453
74525,0.0012550100773120153
74527,0.0019125642768335269
74534,0.9988244560414685
74537,0.0050816432897772944
74544,0.0006682858016211102
74549,0.0011314483914365559
74559,0.005398775232233431
74562,0.001194034835939875
74567,0.0014140851671555655
74570,0.0019466662587310974
74587,0.0010495789483104545
74588,0.0002009011313095166
74593,0.0007770908205789111
74607,0.9451369932886816
74608,0.0004458864311196929
74609,0.0010501479945533093
74613,0.9989206917422284
74616,0.9437274450387709
74629,0.0369378301637463
74630,0.943271840004247
74632,0.9988922089684865
74634,0.0011043367194035645
74635,0.9986150679886043
74637,0.9992669325840287
74639,0.001226388688384639
74643,0.0009489207132267238
74645,0.0007843067479768579
74650,0.22657127283688758
74678,0.002430725031290556
74680,0.9991522296186082
74685,0.9999056200879407
74688,0.002567296189892543
74693,0.0004839251963543128
74702,0.2336795148284603
74706,0.0015238912308204475
74709,0.00047773576195593744
74716,0.8134168501791003
74721,0.0030267628003611494
74722,0.22668539031695156
74727,0.0013535850016856096
74728,0.9988922089684865
74729,0.9986290021442883
74732,0.9985758113591313
74739,0.0011192644296789496
74744,0.9990206203693445
74745,0.0007067158972347171
74767,0.0014699490775971352
74769,0.9999094811750746
74771,0.0013990071832945224
74795,0.0010498717178804523
74804,0.0007157031669046038
74805,0.0006966879998615981
74809,0.017238002036229435
74810,0.00029005404759620734
74813,0.00048796707463459143
74815,0.9990476927772307
74823,0.0001421800958788713
74826,0.00029062554990687864
74829,0.0014902687239859499
74836,0.04934884276318381
74837,0.9965866745321644
74838,0.004946057837743755
74839,0.0012424931169908342
74840,0.0015747883844338026
74855,0.00037574843368133056
74859,0.0036274916841409176
74862,0.22616074094976135
74864,0.002579310509961716
74872,6.159644700570183e-05
74875,0.0003037677427767354
74877,0.0010532949351575692
74879,0.0008371417489165321
74880,0.024353367909996055
74883,0.0014036027424847788
74889,0.9914654326260939
74895,0.001501408714257417
74907,0.0013983658748103302
74914,0.0008040173769039756
74915,0.0016011474443249417
74919,0.0016623875153925058
74920,0.23707900843612423
74921,0.00020857184511256874
74931,0.0007712741108100739
74937,0.0007158915692103695
74938,0.0032288331131824608
74939,0.001054398720555458
74940,0.9961528797790005
74942,0.9991968872264263
74943,0.0006998527145761828
74947,0.018408950321429467
74954,0.9967771366494625
74956,0.9440064555909081
74958,0.0014752926040924087
74960,0.9992179810030387
74961,0.00013350705189521138
74969,0.000771477130364351
74970,0.00014095170541945627
74973,0.0007143483147406381
74974,0.00048080123016691325
74976,0.0004950239880387725
74979,0.9987821171421936
74980,0.9981412739095373
74981,0.0013345187568387712
74983,0.998993342114995
74984,0.0010891633546953646
74988,0.23804614431014262
74993,0.0013885873717803916
74995,0.00043705921281421005
74997,0.0007894468449875578
75001,0.9973773437565452
75006,0.0009442490961498326
75007,0.005956396264840212
75015,0.0009838563125258435
75017,0.9873464187497424
75024,9.978566733909006e-05
75026,0.006628757112521061
75029,0.0022340277061702316
75037,0.004616818472323634
75038,0.0009940656224949275
75040,0.0035545987344280067
75045,0.0006996685302855212
75046,0.0014633153781299921
75056,0.0013522427339947437
75057,0.00036258362788844944
75062,0.23750327661741386
75063,0.0007004974159751484
75065,0.0001267368338029718
75070,0.9992179810030387
75074,0.00015574673163537626
75076,0.0003033552237274345
75077,0.00030387674187477994
75083,0.9991478769546547
75085,0.0013681383211619103
75090,0.0010464430983698882
75093,0.0020723794363967985
75094,0.00034681163316985366
75097,0.0014516263773497555
75098,0.9970312043244436
75107,0.9985921748732034
75109,0.00020958132106021305
75111,0.9999187690626427
75112,0.0017194998035192724
75118,0.036944097137180165
75124,0.9986278215642707
75125,0.9992830752989881
75136,0.0008527913254121024
75166,0.0001918672879145813
75171,0.0006975773853028527
75181,0.9999036374072408
75186,0.0003500569602021985
75190,0.9435956353003266
75199,0.00594425237495766
75202,0.005876607381565146
75204,0.0003834129196399753
75206,0.9991258424119995
75207,0.22616074094976135
75211,0.0037499549399998946
75218,0.9985728596078647
75227,0.001387697207513293
75228,7.189851002481175e-05
75232,0.9970261303529389
75234,0.0013990071832945224
75235,0.002190167050319704
75238,0.9946488333430988
75241,0.9983742616540913
75251,0.002200841898887399
75252,0.006249661739179642
75253,0.0006492253275554549
75256,0.23231651120501481
75258,0.0011322609851198324
75270,0.00033836259494066654
75272,0.0033763875713009443
75275,0.9970947342232688
75276,0.9453091013151472
75282,0.0007422925291802978
75285,0.00519563567268955
75289,0.9990228625436638
75290,0.998573734809393
75294,0.00500193935681254
75299,0.0006350159437679121
75307,0.0001353985891396085
75316,0.9986148385569192
75317,0.9972997637404881
75332,0.09368598204681948
75333,0.01682813787281074
75334,0.9977265574509423
75338,0.00020918986447955468
75339,0.00016311247573150698
75345,0.9978295830929247
75348,0.0009439724547283536
75356,0.00014404594532431176
75357,0.0003029972601703118
75370,0.019596377205291216
75377,0.002579549892916626
75379,0.002320454474537313
75380,0.9984620667414877
75382,0.0004706167410781558
75388,0.0014070551595431054
75389,0.0007813225608000066
75390,0.9999119048323682
75395,0.00020043457748842642
75397,0.0013902349147649831
75400,0.0011476710246958038
75401,0.0004702394490304431
75402,0.00015910165909516577
75403,0.2344029589311133
75407,0.0001004003046228405
75409,0.0007810042603928674
75413,0.0008561867745079263
75416,0.9871399606665947
75424,0.00014327960090717572
75432,0.22709659507387725
75440,0.0007687546215149313
75441,0.7941577410029542
75442,0.23419717249782482
75446,0.000344389383389648
75451,0.0008345853347868831
75456,0.9874357062954684
75459,0.9438318442997111
75460,0.0013890688715531266
75461,0.0010697988637722617
75462,0.0014281882184853587
75465,0.945522704788552
75470,0.0003068014223538903
75474,0.009068470197572967
75475,0.03294755026216739
75477,0.000379161249362715
75478,0.23750327661741386
75480,0.0004783523770525555
75483,0.9987821171421936
75486,0.0005285510854371896
75487,0.0034132520696373582
75489,0.0010134523178182628
75491,0.0001627935326546408
75499,0.22657127283688758
75504,0.0004250022584903115
75506,0.22657127283688758
75508,0.9738097326046844
75511,0.0013322091665977033
75515,0.00012797262965337427
75516,0.0014005261972160695
75526,0.001333095347657979
75531,0.0010501479945533093
75533,0.027587058052708547
75534,0.001051248485630149
75535,0.9435016113575939
75536,0.23000195006996277
75543,0.00030420449293731415
75551,0.9992059201137807
75552,0.001049268343530753
75554,0.9986213908924036
75555,0.9970312043244436
75558,0.0007687546215149313
75562,0.0012178077949159597
75569,0.0013362002191384499
75572,0.0015105090834870692
75577,0.0007783261013151931
75589,0.00018590619112077408
75595,0.0026301519578562217
75596,0.0026581754864764416
75600,0.0004880595886809862
75602,0.00042749198041897756
75610,0.05431154223496352
75617,0.9991467782782067
75624,0.9988951304105662
75626,0.9992120760274472
75628,0.9450450651373344
75630,0.0004888483771388498
75633,0.00013668171160191933
75637,8.623530506384462e-05
75639,0.0032058724765563216
75645,0.0006966879998615981
75647,0.001254018683483061
75649,0.9992999612525642
75652,0.00012593271458769946
75653,0.0010838726326008858
75658,0.9988485066388494
75659,0.0011285615152235508
75662,0.0017154215098231385
75663,0.9997649908884634
75668,0.9990248697052374
75669,0.0012405524241342195
75678,0.0011151007346656104
75679,0.0011319631303481296
75683,0.23707900843612423
75685,0.22678385924336528
75689,0.0004909055524060515
75692,0.9950394378405144
75693,0.00199708992829521
75701,0.037415036210285274
75709,0.0021743446166842696
75717,0.0008299129413016505
75719,0.9983757783670153
75720,0.9993000413050952
75729,0.0013283942605217221
75736,0.00033789545622709614
75738,0.000648592022957769
75748,0.9755290362765496
75774,0.0004502953114057078
75778,0.00031966007170218405
75781,0.0003614336052905536
75786,0.000546044982050492
75793,0.9986511031320976
75799,0.0013845558987120139
75802,0.00047560799708856803
75808,0.0013570424347061911
75809,0.00044670496807618055
75814,0.9983713825818336
75822,0.00043812886737434794
75824,0.001398298109252877
75828,0.22584891729924114
75829,0.0010158094194059116
75830,0.8674410717327653
75837,0.0014561169450252036
75840,0.2295231799323673
75842,9.406676930466453e-05
75845,0.9991430762582285
75849,0.0012234596327517974
75850,0.9431765953598499
75855,0.0006987764805758616
75858,0.03704232059596092
75860,0.9990127931995655
75873,0.008477744182520536
75876,0.9952404385411528
75883,0.9992542018908926
75884,0.00021229326508659342
75885,0.004796493370746579
75888,0.0014259999265536201
75891,0.003641306103411854
75893,0.0008347853442326559
75894,0.0010864939261666432
75896,0.03146258300846478
75899,0.03688522289155081
75902,0.9986250416966778
75904,0.0003205945825388334
75906,0.9999121485473146
75910,0.00018918823322285934
75918,0.0013807386841345405
75920,0.004742344194982499
75924,0.23135907566897307
75925,0.9993073161566206
75926,0.0010510189527774866
75929,0.0013357577876434072
75933,0.9990238657148593
75936,0.00034159249208304076
75939,0.0010498717178804523
75943,0.9449308547777269
75947,0.9999121388938638
75950,0.0039860845882295865
75952,0.00031781306801495046
75965,0.001257200769798171
75967,0.0019004000951476268
75977,0.0008096175117367455
75984,0.9990224943416612
75986,0.00010125357446939015
75997,0.001047370608275451
76001,0.0007184516068437734
76008,0.0012281538656569203
76011,0.00037934712886923997
76013,0.000698492488714771
76019,0.9987441625219312
76020,0.0005046188637575975
76022,0.00014373838782433756
76023,0.01154925077002773
76040,0.9955369474082906
76044,0.00046893827537647565
76046,0.0005687667173774325
76052,0.0004963631286613905
76054,0.9970947342232688
76055,0.22616402368765462
76056,0.0004850513143365472
76062,0.0003432471032740406
76065,0.00048220040159112533
76073,0.23804614431014262
76079,6.808936111750629e-05
76080,0.9986051462284322
76083,0.0006743611296839645
76084,0.9985431885409913
76085,0.0013666557122104528
76087,0.00012654006211676948
76088,0.0006987764805758616
76090,0.0021850075241375546
76091,0.0010255631064626986
76092,0.00047411790832226986
76097,0.0016499403689677829
76103,0.0007490404149710182
76104,0.00013930436001883623
76110,0.016430752802673608
76112,0.0013300029905555474
76113,0.00037408480476963603
76120,0.003555797386796243
76123,0.00017617377084129613
76124,0.0010464430983698882
76127,0.0012210859796748825
76129,0.004641697123288436
76135,0.9433152654324769
76138,0.22657127283688758
76141,0.9647481725311178
76142,0.0007159621908269903
76145,0.0021359370949348795
76151,0.0006363572933844161
76153,0.9986150679886043
76160,0.00026973072143292884
76163,0.001961363078699296
76166,0.0010478153746551816
76171,0.00018663758940045238
76172,0.0013601270322518575
76190,0.00014025428275147748
76191,0.0007574097870313087
76196,0.006630691486957777
76200,0.00045426893152997313
76205,0.9952005034234153
76210,0.9996502192881698
76211,0.2287845880178683
76215,0.0013898662916620585
76220,0.003702642189195833
76222,0.9990554443446802
76223,0.00043893174345192875
76224,0.0019958239291689417
76225,0.0006977610194942836
76227,0.0009539258178052874
76230,0.006425449224846896
76234,0.0011642024643120279
76240,0.00410689826159453
76254,0.9986051462284322
76256,0.01583957086072631
76259,0.0004794146150433534
76260,0.00016002296768265214
76261,0.23419717249782482
76264,0.004969750846789083
76283,0.00048199510948510375
76284,0.0007955608736741856
76287,0.0013032404219631172
76288,0.0011180370803099637
76296,0.0002897805417349686
76299,0.000998319393169664
76301,0.9992035811584142
76302,0.002146044300203583
76303,0.0013641974910802213
76304,0.000508905646556149
76305,0.9992902256689712
76310,0.9765145066850981
76317,0.1782346869744821
76319,0.00014355755288444485
76322,0.0013345187568387712
76324,0.9986509563518393
76325,0.001412828905702191
76328,0.22616074094976135
76329,0.9989206917422284
76333,0.0003205945825388334
76334,0.0009686487137683164
76340,0.9443342759838776
76342,0.9983143356821603
76348,0.0006512834428789461
76350,8.682791748229138e-05
76356,0.2343670686352531
76364,0.000769254937802526
76368,0.003588840734279354
76372,0.0007865737361657133
76373,0.0002997548021689439
76378,0.9992984228991753
76384,0.9992583459400073
76386,0.00204787776806026
76391,0.9976083996484776
76393,0.9987821171421936
76394,0.0010234782071333742
76403,0.9999133413946015
76413,0.002865710854817811
76417,0.002184223608196679
76420,0.01682813787281074
76424,0.0006567364534815171
76429,0.0001385568597567384
76430,0.0004483736638211143
76433,0.9782347502813807
76447,0.0022639904895611577
76455,0.0020299543002091107
76472,0.0013898662916620585
76474,0.22668539031695156
76476,0.00010331116927076422
76483,0.001346427231909562
76484,0.00016830348650789456
76488,0.9984883614884884
76502,0.0011319631303481296
76503,0.03298377016331353
76507,0.0006695279166262776
76511,0.001379561538443566
76513,0.0014422870610253744
76517,0.0004087073019929735
76519,0.0013892050947572373
76522,0.9972882804781288
76527,0.2336795148284603
76533,0.0028429099877698228
76534,0.0010495789483104545
76544,0.0013317733712112448
76545,0.9984826018165908
76548,0.22709659507387725
76549,0.9984586327589439
76553,0.0010692484873941397
76555,0.0036127490788068245
76557,0.0006952652153043761
76558,0.0011112446676658264
76560,0.9986406860325391
76572,0.00041844467235728017
76573,0.9980623288515147
76575,0.0002161837533909433
76580,0.00033414170332179895
76581,0.9988382864317635
76591,0.9984818282644475
76592,0.0025987163038869512
76597,0.0010529344919224094
76598,0.9985304508398936
76609,0.05605966671225516
76612,0.9986044350607051
76615,0.00014221964315981793
76616,0.22657127283688758
76618,0.9992475635506963
76620,0.001066305236631986
76625,0.0003580492533430476
76630,0.0013348698390800106
76634,0.9999111818246753
76635,0.9420131634812947
76638,0.9986229419631962
76639,0.004687466999933122
76640,0.22657127283688758
76641,0.0014237001549568147
76642,0.9812706063462763
76660,0.0003549219386369113
76663,0.03683920300906116
76670,0.9991120228788739
76672,0.00341312655368523
76675,0.0013887035543226588
76682,0.22575401432258457
76684,0.9929302450666349
76687,0.0016794875689115352
76688,0.0008065654736061351
76689,0.0004579999755617664
76691,0.9988156931846384
76692,0.0013891878033095572
76699,0.0014503626397097357
76706,0.9992598195955456
76708,0.9983308519669396
76709,0.0014092045358690577
76713,0.0007494712748985762
76714,0.00034571934634829583
76716,0.03383108308385299
76730,0.9990745882686592
76732,0.999219086661168
76736,0.9969139303715558
76737,0.0001541031512748432
76738,0.9916947992726455
76752,0.9978632434558934
76754,0.0010854865128337406
76758,0.9984899900459424
76766,0.9953385804705376
76768,0.00016027218615653272
76769,0.9996299138010929
76771,0.0006367018568396262
76775,0.9996422774430229
76778,0.0009665571184696214
76783,0.22657127283688758
76790,0.9990277833397894
76791,0.00020183324282521716
76796,0.17563622591284733
76800,0.9981009773074083
76802,0.0001381453070697956
76804,0.9977077775916148
76812,0.9980964570841527
76815,0.0013409213013999054
76816,0.9993110819674208
76818,0.0061381941499345834
76824,0.05102683812811398
76825,0.9985168711896443
76826,0.003627774656689796
76828,0.0004821180927590988
76829,0.9435956353003266
76832,0.0008597392535166452
76836,0.002229842188533346
76838,0.09685715316145761
76847,0.9994323423970283
76857,0.00019040727055430132
76862,0.001338872824365021
76865,0.0015777947677854253
76871,0.0002007752815397839
76872,0.22616402368765462
76873,0.00014345157037726913
76874,0.0007651758749198382
76876,0.9970440667588295
76882,0.9970853037136784
76887,0.0010452471797766732
76888,0.0013550302589579691
76889,0.003540232299377044
76893,0.0007147906882903747
76894,0.003963455161886928
76901,0.9957873594933767
76913,0.23053285568508228
76922,0.010313505935323701
76923,0.998573734809393
76927,0.0013362002191384499
76934,0.006281880624905657
76938,0.9945429321491285
76942,0.9981338711999086
76943,0.0014899246408567577
76945,0.017384420867911872
76949,0.0010176138107057498
76955,0.0014435653822099453
76956,0.00043563591556322135
76972,0.9999129641076838
76976,0.07015286260528406
76978,0.0007895846314943263
76984,0.0004048196584327124
76986,0.0007006818183128849
76992,0.9440671783225519
76998,0.999025280608311
76999,0.0010541692482956564
77009,0.9991415841789576
77010,0.0006512834428789461
77012,0.0010633468030227535
77018,0.001333095347657979
77022,0.0014955631008176957
77023,0.0010234445784633598
77025,0.22657127283688758
77030,0.9965508194443373
77038,0.0003378983783557151
77041,0.9991604776327193
77045,0.00040903379893230616
77053,0.0014106548353336689
77059,0.00024148005336529176
77061,0.00020674076385948043
77065,0.004018053139255773
77066,0.0012456556907575194
77069,0.9946550686781536
77077,0.0014714176376305153
77082,0.001033495803948311
77087,0.0026095289384005797
77092,0.9870738434966192
77095,0.002208676001719574
77101,0.9961359159219946
77108,0.0005046188637575975
77119,0.0017085843703622547
77123,0.00021011410399430035
77124,0.00020767963365700632
77129,0.03827178253627166
77130,0.005162487412768827
77131,0.0010224143182224095
77135,0.00039411887396742675
77139,0.00513421886620637
77141,0.00031233690976133644
77147,0.9439242870090967
77149,0.9978045410144207
77151,0.032936062951399975
77152,0.9988595901798046
77165,0.0021914120222432634
77166,0.9945937262949343
77169,0.9990382207567631
77171,0.9986290021442883
77172,0.00034790771782850665
77175,0.9986141323239783
77177,0.0017168216828399507
77179,0.9743458548929278
77185,0.0002077119689150394
77187,0.00021172187164064104
77190,0.024378024574693503
77197,0.0011151585412308184
77199,0.0009559043695959593
77200,0.9996408322143592
77205,0.0012163892104796836
77206,0.0016846294195160298
77207,0.9742486376745059
77209,0.9990653664691552
77214,0.00048227255550133716
77217,0.000771477130364351
77219,0.9985120255935862
77220,0.000945564169853761
77221,0.24019970819324146
77222,0.00379515572591715
77226,0.0007977873658113732
77229,0.0036005899970483145
77230,0.9990715823566171
77234,9.422380213546979e-05
77242,0.9988955185476442
77244,0.0004841725326352653
77249,0.00016090907286509705
77254,0.9986051462284322
77256,0.22616402368765462
77271,0.0002560196313810827
77272,0.01996809586146814
77276,0.0016673660697857765
77281,0.00020196590684270645
77282,0.00033701909899000237
77285,0.0007192962340010164
77290,0.0011331597889231368
77302,0.0012239554423937057
77304,0.9992599008673915
77306,0.9988607251024715
77310,0.9948699584609202
77315,0.000147237243581376
77326,0.00029770076548473346
77328,0.0021491724268883953
77338,0.0013778278469496908
77339,0.001254123744167288
77367,0.0001349626168368441
77375,0.0003177170241375779
77376,0.07337926535678078
77377,0.00030371671762793694
77379,8.874298384412542e-05
77383,0.00020196615289364326
77388,0.9990997752172485
77390,0.9980505245144158
77393,0.978525240633383
77394,0.2344029589311133
77399,0.9985758113591313
77404,0.00014706637219245527
77406,0.0006827472466054936
77407,0.0008059069586937763
77410,0.0003383832530870203
77415,0.9984883614884884
77423,0.0009480002422298329
77426,0.00016157670752238925
77431,0.00031987292424352906
77433,0.002556893783530278
77445,0.9992011864098008
77453,0.0014349102739675186
77455,0.999206220327405
77459,0.00013733801481160445
77469,0.0003266372158005371
77475,0.0003117922879789838
77476,0.0009982434065859969
77477,0.9961469171693059
77479,0.976151806978573
77483,0.0012372606977058358
77494,0.0003731759512698198
77495,0.02468846782936812
77497,0.998487590868112
77511,0.008434145075916348
77515,0.0006966879998615981
77516,0.0003206249801018777
77518,0.0014240746653871295
77523,0.9988922089684865
77529,0.0005327075738461647
77533,0.0016573795537634143
77534,0.0010438782634250496
77541,0.001096063961421878
77549,0.0004796849746448671
77553,0.0014533353250831733
77559,0.004681276541693405
77563,0.0022595773561175964
77564,0.9988717567631635
77571,0.9426686460525298
77581,0.9993073161566206
77586,0.9992542590567387
77587,0.0019032772738095175
77589,0.0014364511599512738
77595,0.9958858286298258
77600,0.9986511031320976
77601,0.0005503539745042672
77603,0.0014374947574674192
77609,0.00020739335641003104
77610,0.0001724385683325427
77619,0.00034888581654452243
77623,0.00038037258746584195
77625,0.0007876781463297021
77626,0.001074188233469181
77632,0.9889094407244808
77635,0.00031745069515354767
77657,0.0053046855299393875
77668,0.0016656809384397997
77672,0.0006182449349694391
77674,0.0014420333826422845
77682,0.001066492888589411
77697,0.9986150679886043
77699,0.0012694124161710873
77700,0.00018559031494021534
77707,0.9988668556021207
77711,0.9992880452681296
77714,0.3094723144112767
77716,0.0017548029654725435
77717,0.0005005124502946105
77721,0.001326923554743817
77737,0.00033852232568300027
77739,0.03146428836339828
77741,0.005876042064678799
77742,0.22616402368765462
77746,0.005954712612355295
77747,0.00019935864375624984
77749,0.0006952652153043761
77759,0.22121098445352871
77764,0.9986044350607051
77771,0.9986150679886043
77776,0.00033718984151553906
77780,0.9986150679886043
77785,0.004176492331731676
77786,0.00010116778794330734
77789,0.0012633570597341728
77793,0.00184919604501065
77794,0.999308208254802
77801,0.004456068156500306
77807,0.9984391546010148
77817,0.22936141743957172
77823,0.00030316849783232135
77827,0.9942382289229097
77834,0.004051874056761034
77835,0.00018188858170343464
77836,0.0012348614455995163
77838,0.0003021381603871182
77849,0.0013322091665977033
77854,0.9754934267313414
77855,0.002776276938032873
77862,0.0197870187544523
77865,0.0021831010911401443
77870,0.9998875882019265
77871,0.0001624627516753261
77877,0.9965777650953128
77888,0.0004941382321981367
77892,0.00015014768511725066
77895,0.0026996032465396603
77899,0.026307502069806067
77910,0.9433570271471287
77924,4.882368384669565e-05
77926,0.0028718156382301525
77931,0.22657127283688758
77933,0.07542429489952997
77946,0.9782881852655908
77948,0.0006467590112801183
77949,0.00416998534116319
77959,0.9961453054247933
77962,0.00011201939786750997
77965,0.9987816564368438
77976,0.0011151007346656104
77979,0.00036167322064595416
77982,0.9976755213770873
77987,0.0003113561079913736
77996,0.9984102556100106
77998,0.9990224943416612
78001,0.00016803116614686676
78009,0.0026571788252856663
78011,0.9944869200257916
78015,0.9959304576581746
78017,0.9999121505630186
78027,8.449851621344859e-05
78031,0.9989484746493108
78034,0.9988976171265169
78036,0.997389901148875
78039,0.00020183324282521716
78040,0.0048286906801102755
78041,0.9986150679886043
78044,0.0014565635384305717
78045,0.0003588659198368561
78046,0.00016158931809922438
78049,9.263271101337925e-05
78055,0.0007926993612756971
78057,0.0001693812920140152
78061,0.999260013402176
78073,0.0013341933050195392
78079,0.9970312043244436
78080,0.0008143691098170567
78083,0.0012161564334908584
78088,0.9992167608027179
78092,0.005168216994471736
78094,0.9992268171429401
78100,0.9442976846853355
78103,0.03416931758771867
78105,0.0025679886669269917
78116,0.0013322091665977033
78117,0.00012395390569890416
78121,0.00020183125518719229
78128,0.0028821108252515075
78130,0.00015177604011299098
78131,0.033788693614460005
78133,0.0016761091415504689
78138,0.22616402368765462
78140,0.9997792623223791
78142,0.2298534178247721
78145,0.035878357303623584
78147,0.9985758113591313
78150,0.9966264420257094
78151,0.00045293333997350706
78152,0.0002018334887145647
78154,0.0021460561033040675
78161,0.9999029886981683
78163,0.000773789634902593
78167,0.0014566557518902324
78169,0.003362353323956975
78172,0.0014396243761522246
78174,0.0026056135264786316
78176,0.0014374947574674192
78178,0.0010566279329613157
78180,0.998671373456099
78182,0.0003393875434016976
78184,0.0003426222493892808
78196,0.0014170745498796166
78197,0.0008056132486914655
78199,0.000983091873236424
78205,0.0006844668644434621
78220,0.001226647870444444
78223,0.0008468673823808717
78226,0.00020090335454591755
78238,0.0006323006660874456
78240,0.9978131397965162
78244,0.0006253085014603705
78245,0.9972509865579623
78246,0.002257440514458555
78249,0.9977738575043505
78252,0.02532672940982466
78256,0.0008365424512475904
78258,0.09185627848497273
78259,5.0909494534819084e-05
78266,0.9487329462546497
78270,0.9991003316518542
78274,0.22709659507387725
78279,0.0016728704215435083
78289,0.00021509457840531817
78291,0.0006975773853028527
78302,0.9986215084965827
78305,0.0006966879998615981
78306,0.999749619795448
78307,0.948442523252957
78326,0.001326923554743817
78328,0.0011178403691784304
78329,0.9992586646284075
78331,0.9438279693268475
78332,0.9993022410712123
78333,0.1721824263205065
78337,0.0021770786944077447
78338,0.0005518025803595727
78339,0.0003031839663290988
78347,0.0003301567323027706
78348,0.9991352306866538
78355,0.0001497913075100758
78359,0.000723538942861891
78365,0.22986748426052966
78366,0.00048741298778892536
78368,0.9972013215377651
78379,0.00012654006211676948
78385,0.23163315307971089
78388,0.003518854486257728
78399,0.000936584947935211
78400,0.0007853871359528503
78401,0.0016014741751708486
78403,0.0013291188624175454
78405,0.0021927265178624004
78409,0.03209513243403101
78412,0.2324605716649962
78419,0.9435293977437437
78423,9.472081111559562e-05
78425,0.9986051462284322
78427,0.995449280083345
78429,0.0009804425246788095
78432,0.23000195006996277
78435,0.0011088709639738815
78437,0.0001303123899341575
78439,0.036099074882573606
78444,0.9992320640980457
78450,0.9976211990735784
78457,0.0004925124394927949
78459,0.0038622136916349604
78462,0.9986173639076616
78464,0.9988110601806842
78465,0.0003395731711185676
78469,0.9440090207245707
78477,0.00012599608705221487
78480,0.00048575565034416306
78484,0.9993057808215099
78487,0.0002106582526685802
78492,0.9992204912809851
78494,0.01697198397929897
78500,0.22657127283688758
78501,0.9988837675106006
78504,0.0014212364422210746
78505,0.00016801565278558585
78516,0.0010891633546953646
78517,0.0013335404213086354
78521,0.0016484952446671457
78535,0.0001641518613447408
78545,0.00016830348650789456
78547,0.0001430676551169569
78550,0.9992219736260962
78551,0.0011253239734147571
78554,0.00010036933424020142
78566,0.0009432111800427365
78568,0.9904929698190871
78570,0.001206084802838615
78575,0.003752630977109652
78577,0.0011447190988137332
78584,0.9992639122615118
78585,0.0003620540644118206
78590,0.04836001333458076
78591,0.001478380714688263
78602,0.0001394649015208636
78604,0.9984826018165908
78605,0.9999133413946015
78607,0.00013957632022265493
78613,0.005950526955864571
78617,0.0014658266644447843
78619,0.9957296485952623
78626,0.001382159831341408
78629,0.001049268343530753
78636,0.0008597392535166452
78637,0.0011100244030365215
78638,0.23750327661741386
78648,0.003805303297300644
78657,0.024353367909996055
78660,0.003322766995786966
78661,0.9964467917427638
78669,0.0006952652153043761
78671,0.00157872138524774
78679,0.0007669559750051303
78681,0.2343670686352531
78682,0.9992583459400073
78686,0.008156923464044695
78687,0.00012745042984094255
78694,0.002184775132243612
78705,0.9971210013547652
78706,0.00010144925508390866
78707,0.0006966879998615981
78711,0.0002556922639112806
78719,0.998858241333915
78723,0.0001703394260730974
78729,0.0003097596575447666
78735,0.9980439730647033
78743,0.9985921748732034
78745,0.9955887905578863
78746,0.0010024085676579365
78747,0.9988922089684865
78755,0.0010319944315043462
78756,0.9970312043244436
78762,0.9985921748732034
78764,0.0007696865447883307
78775,0.00039578804741151276
78776,0.00027537336406704087
78777,0.002823012617629917
78778,0.001333095347657979
78790,0.0011326950023623427
78792,0.0008064250243304009
78794,0.00030408944724876126
78795,0.0016664627052101948
78798,0.00037586272732973596
78801,0.0021781062336981684
78804,0.0017985385084270363
78808,0.9992639122615118
78809,0.9992515299322076
78812,0.00020130636908239502
78813,0.9873195830619276
78814,0.0026050830017682654
78816,0.00012200859571645478
78831,0.002146044300203583
78832,0.0005000862267784396
78840,0.999025280608311
78841,0.0010501479945533093
78855,0.9984350541171512
78862,0.0002019631330634154
78865,0.0002334690260969032
78867,0.9990342018609808
78871,0.0009485054481752085
78885,0.0014433445364244286
78890,0.0007849484559893233
78891,0.9992368127938984
78893,0.9738951358174198
78898,0.00045624403902305016
78902,0.003775315038068172
78909,0.0007423001469446537
78915,0.024353483643930304
78916,0.9431060980744044
78922,0.0010366381184817317
78923,0.00015008572539239562
78929,0.9990511609650443
78936,0.00026590072366695
78937,0.07977386696729172
78940,0.001523895108533873
78942,0.0008469652325238427
78945,0.9991947952257436
78946,0.000651339095681242
78948,0.000319819839926125
78952,0.0006975773853028527
78954,0.0004887791524399095
78957,0.00020722321569436287
78962,0.8635548968919504
78964,0.0016452368773261811
78970,0.9989206917422284
78971,0.001650199034111762
78974,0.0021498309175487884
78975,0.9999137529937028
78979,0.0003145564371018866
78982,0.22601724241695728
78988,0.9999133413946015
78995,0.0006976019373648895
78998,0.00010269540465212354
79007,0.0006721248189029171
79010,0.9997896694068856
79012,0.9993110819674208
79015,0.9998940132481355
79016,0.016820351767326214
79018,0.9992011864098008
79019,0.0010284037487216617
79025,0.0015489698244693579
79027,0.9978451758502379
79031,0.0013045881172156282
79047,0.0005877768261573288
79048,0.0015197919508889708
79051,0.9988955185476442
79057,0.005070085770799277
79058,0.9985730076494048
79065,0.17060110299599043
79069,0.0018884076349837198
79071,0.0015660561402042522
79076,0.9974710637656241
79083,0.0004966248334176906
79086,0.9992906041436467
79091,0.9997766787022498
79092,0.9973703084531608
79093,0.0015916316756080823
79104,0.0003083451479278297
79107,0.001049668052132826
79113,9.144308134641594e-05
79116,0.001369132903984626
79120,0.00016841205601238554
79125,0.9984856286383681
79135,0.0014044097464156204
79136,0.009269612377786778
79138,0.0007099050089858942
79147,0.0012207098418509873
79154,0.00012851172924348964
79164,0.9987821171421936
79169,0.0020188081733885956
79175,0.0027579041539255076
79179,0.9997052130344897
79180,0.0010606187495240916
79182,0.00021040179942607282
79183,0.9990247626493131
79184,0.0014027669815895017
79186,0.0004757383201915372
79187,0.9971845609282977
79190,0.0010971464488911953
79194,0.03702968427078716
79195,0.990461800694218
79196,0.0004540148083507719
79202,0.001342868987206841
79203,0.0033844250768647766
79204,0.9987750873971171
79206,0.00015570194418482517
79212,0.0012498608670077546
79221,0.0005155767276983439
79222,0.000997549690404338
79236,0.0017493458056861107
79239,0.002041802289829068
79240,0.9833983256998861
79244,0.001463646586070264
79245,0.00048388111018702793
79247,0.0004796849746448671
79249,0.00038283572560878426
79252,0.9992669325840287
79254,0.799309008563967
79263,0.0016507760559993701
79265,0.0004903742471910426
79266,0.9928119274244581
79270,0.000318507190246497
79271,0.00034560990700335727
79274,0.0009559043695959593
79276,0.0004248798522576894
79280,0.0014838455200156238
79283,0.000274876295305915
79292,0.00031987292424352906
79294,0.9986173639076616
79299,0.0010699594398916768
79300,0.0007052726480390809
79301,0.0004896929928224783
79302,0.00033757372566151685
79306,0.008671246689427122
79307,4.802074297825048e-05
79309,0.9452711611758983
79311,0.0004715605456856648
79314,0.9983677645469377
79316,0.0009426732725577017
79317,0.00017922948969084168
79318,0.998490562148364
79320,0.0014278126277986506
79321,0.0002018334887145647
79324,0.0007957071873488449
79325,0.9973884462394101
79330,0.0009056046390755085
79334,0.0014240746653871295
79335,0.0013397594569352074
79338,0.0362920747539464
79339,0.9976356323253428
79342,0.001343140019131108
79345,0.9986146802480945
79349,0.9961689660824372
79350,0.005171323163314689
79364,0.9999112660339301
79375,0.000771058971623664
79378,0.2361036309532166
79379,0.0012525518752678128
79390,0.0006264344539753565
79401,0.0002178926835662093
79403,0.00105095533253554
79405,0.00013345770924639387
79409,0.0060486200254443725
79417,0.9993489776452047
79419,0.9991517143777228
79430,0.0035906050558625413
79431,0.001364816634400198
79436,0.0002010354074752237
79441,0.001380726756030256
79442,0.10347315671141054
79443,0.943139027381046
79449,0.0001430723520792187
79450,0.0009410803520150599
79451,0.9998814391659551
79458,0.0008882563986260888
79465,0.0014142502583930172
79467,0.00030392273570044244
79477,0.0004184484823565201
79478,0.9990585825034782
79481,0.0008064163451910709
79486,0.9991522296186082
79489,0.001128068214592131
79495,0.0003440307373630462
79508,0.0011033841723988866
79514,0.00034252292118025165
79515,0.0010478153746551816
79521,0.001041031936854315
79522,0.998573734809393
79523,0.22657127283688758
79527,0.0013317733712112448
79535,0.001582314253647784
79536,0.998608212536573
79538,0.002010708957793023
79540,0.0003016565190444547
79543,0.00014211374313719035
79550,0.0013498376417784075
79551,0.998805247068001
79553,0.001203873878820683
79556,0.0014787454367608157
79557,0.000487171311444987
79564,0.0009973740104466543
79569,0.0007813396227112132
79574,0.9984936134943148
79575,0.001530626670898587
79576,0.9985758113591313
79583,0.9993009267757315
79584,0.0002885301710482798
79587,0.9980880803884361
79589,0.0010498717178804523
79594,0.7956189729735376
79595,5.141623179600198e-05
79596,0.999342150085035
79599,0.9979088792549686
79601,0.000445496519162359
79604,0.0006952652153043761
79607,0.00123782864851638
79609,0.9991467782782067
79611,0.9928623387360601
79616,0.9970261303529389
79619,0.9954389772012497
79620,0.0013345187568387712
79622,0.00599904016072455
79624,0.9988976171265169
79626,0.00039102314932699353
79637,0.0013441129193372458
79639,0.0003313258852251149
79640,0.0010495789483104545
79642,0.9970312043244436
79655,0.00016668275377589473
79663,0.0004780690825955235
79667,0.0010891633546953646
79671,0.0010469376754918191
79680,0.9990379666785656
79687,0.0007020592249695567
79692,0.00019024451067369832
79695,0.9991279542756274
79697,0.0004642554157577296
79702,0.0016060071334885807
79705,0.943412999492978
79707,0.00020196615289364326
79711,0.9993107304733755
79712,0.0033819730020103523
79713,0.9954965155709099
79715,0.033332279498312925
79716,0.0006008505397625387
79717,0.9986148385569192
79722,0.0010483764125740124
79725,0.003465740522196423
79731,0.00020183125518719229
79733,0.9440090207245707
79735,0.0004175380918556482
79751,0.00020863607927698753
79755,0.004013449093562469
79756,0.0007374753911356625
79757,0.0006977610194942836
79764,0.9986143618724783
79769,0.0021808496131776886
79770,0.0016360119005789252
79773,0.9981338862465758
79779,0.00012361872664753339
79780,0.02030131718232573
79793,0.9986290021442883
79794,0.0006952652153043761
79795,0.00020196615289364326
79799,0.22657127283688758
79800,0.0060835918262197005
79805,0.0003205945825388334
79808,0.00037119864704454424
79810,0.9992440178512225
79815,0.0002682636028709548
79819,0.0015285473912343241
79823,0.0007417266599352397
79825,0.00014432279448263976
79828,0.0002009011313095166
79835,0.9986146802480945
79840,0.00046729517366648414
79843,0.024322216555151467
79847,0.0023750428046773056
79850,0.03734479413748423
79855,0.00020877851752411618
79863,0.0010515251242219138
79867,0.9997105544940743
79871,0.0003826108252405766
79876,0.001134516528418649
79880,0.0003009367494534754
79884,0.0012560734837934984
79889,0.00012881491399222787
79897,0.0012318013055546428
79898,0.0014212364422210746
79901,0.0013420655829999662
79907,0.00045262414218656693
79909,0.9990247626493131
79918,0.07036886232522775
79919,0.0007067158972347171
79925,0.9971380073191511
79931,0.0004837976674381752
79934,0.9971577879089288
79936,0.0016657806060522162
79947,0.0014106548353336689
79952,0.9989099350806226
79954,0.0003060436739026612
79959,0.0022450262840669056
79965,0.9971100966076322
79970,0.9990226016463437
79974,0.9455936641990684
79978,0.9445960595585096
79979,0.0012575674175146262
79980,0.9438279693268475
79987,0.0014278798390164765
79996,0.9965867587689304
80000,0.9987823664500701
80002,0.00020557241991122575
80007,0.00012786869500750915
80013,0.9953322397970595
80014,0.0001455570865738788
80028,0.004792964427247046
80031,0.001112425472097291
80036,0.0027112415224791755
80041,0.0004335556362991903
80044,0.00012737732586870065
80048,0.0009517006817364701
80067,0.9983629758714969
80075,0.024424395841178455
80076,0.0014572559225161036
80078,0.0027242856850723
80079,0.00020149688078578747
80081,0.988822813200048
80083,0.019903039652495402
80086,0.0015621831922909943
80088,0.0004533058040741912
80091,0.0013322091665977033
80095,9.371673249367843e-05
80097,0.22934678262645636
80106,0.998573734809393
80113,0.002162527379644933
80117,0.0013999039444806672
80119,0.07710188714170976
80120,0.0006012173002771721
80125,0.2336795148284603
80126,0.001425131473868082
80127,0.9428798594141724
80134,0.99921181063249
80137,0.0003189178113029457
80139,0.01760142039143241
80143,0.00015758218224222603
80146,0.0014070551595431054
80151,9.976187698537478e-05
80154,0.9977658819556159
80160,0.0016737960294924937
80162,0.0014605543738573329
80164,0.0013845558987120139
80165,0.0007799488914920622
80170,0.0009550629485828014
80171,0.9983802812989184
80172,0.00013808076923798443
80173,0.998573734809393
80175,0.0010530646948881787
80176,0.9978045410144207
80177,0.0003028663615893787
80179,0.0007067158972347171
80180,0.0051545633541743
80186,0.0006991751857918094
80188,0.0013356627932642037
80191,9.124493345114697e-05
80193,0.00048639979399375767
80199,0.001459965864082233
80200,0.0013495474805235014
80204,0.9946488333430988
80207,0.0014307939600936874
80209,0.0006952652153043761
80213,0.0033690122677427037
80214,0.0027784966722827274
80215,0.001431604384736476
80217,0.00020090335454591755
80218,0.0014394227576558962
80219,0.0014375144757478773
80224,0.00030904061876852037
80225,0.9970440667588295
80227,0.9991947952257436
80229,0.00043004307961615396
80230,0.9992616253557479
80232,0.0014594576416300917
80233,0.00214199978821949
80245,0.0010529344919224094
80254,0.00043632342160104245
80260,0.00013562821527801492
80265,0.9986148385569192
80268,0.9990771687421502
80271,0.0004367965283215562
80276,0.0007154138793939134
80283,0.0005449519526833123
80286,0.00016235453262533657
80287,0.9986051462284322
80290,0.0036063437221573675
80292,0.0010577411117647499
80297,0.0008341315681914699
80298,0.9999041138719997
80302,0.0008384360496021792
80305,0.0008301472457115168
80309,0.00043266854427773387
80318,0.9975721214620104
80324,0.0011218024549936852
80326,0.9999120449711044
80332,0.9986167252952735
80333,0.00031438646308599104
80336,0.0006381099169064072
80337,0.0010540381612981424
80346,0.0004678730321813663
80350,0.9992601683497175
80362,0.0012374750117488688
80369,0.0010780417705563879
80370,0.00020953747510576586
80376,0.0007056161310173369
80378,0.0007415961089447381
80379,0.9981123742078375
80381,0.0007000677441272146
80382,0.00030296927395396687
80384,0.0033389810587657423
80386,0.9984936134943148
80388,0.00015241426871068713
80390,0.0010501479945533093
80398,0.0006996931558963481
80402,0.00047350090949910284
80403,0.998036487120302
80407,0.002200841898887399
80414,0.0004850513143365472
80423,0.9999187690626427
80425,0.9977852271388288
80426,0.9999219334794681
80430,0.0013384161859994084
80433,0.0033391032839436875
80439,0.0014482713171809483
80440,0.0002007752815397839
80443,0.001357842269926454
80446,0.0003050260908371051
80454,0.0033124961524132602
80455,0.9440994292152037
80465,0.0031916688918015544
80467,0.0010504669690740438
80468,0.000998319393169664
80480,0.00020183125518719229
80482,0.0014148805636524547
80487,0.17343289530469239
80493,9.943035268538047e-05
80499,0.0028491434446213373
80505,0.9947781450566476
80507,0.002252036234350267
80508,0.0003294762641287434
80511,0.0010563427126064231
80513,0.9970297508822306
80518,0.0011116586804076928
80523,0.0004917827705779435
80525,0.00014043621175999598
80531,0.0014049048332229331
80535,0.22657127283688758
80540,0.09611836959819636
80545,0.0011536792938274707
80559,0.0001784772356088338
80565,0.0033550519012087773
80566,0.00015354985383808444
80567,0.00034576512761998375
80572,0.9434841976691026
80574,0.017155077774277477
80578,0.0004315762518586263
80579,0.001096838710863733
80580,0.0013583316184072403
80581,0.001230201594905182
80584,0.0011178403691784304
80587,0.00020090947360826077
80588,0.03206884651645442
80589,0.0016159313263321134
80594,8.532649197384654e-05
80596,0.9992599008673915
80597,0.0003379360758582019
80599,0.0004371122249227656
80601,0.9737375401547337
80609,0.0020454604861700355
80614,0.943822545609877
80625,0.00105095533253554
80631,0.9997905354080578
80633,0.0013345187568387712
80634,0.0013370890514789763
80640,0.9986150679886043
80641,0.002759702094206293
80648,0.003980463923507313
80652,9.32165237961927e-05
80654,0.9942789522327318
80663,0.0004519485459710342
80665,9.197695633917045e-05
80667,0.0013991563933489159
80669,0.000944911730911539
80670,0.0014240746653871295
80671,0.9965515552751504
80672,0.002688144402923721
80674,0.9977835102378662
80677,0.9989130885363336
80683,0.00043011187550839354
80692,0.0014223497245456802
80694,0.9999060167282148
80695,0.999206220327405
80703,0.22709659507387725
80704,0.0006973494338747249
80710,0.9977835928529094
80713,0.0004874495314618591
80716,0.0017505966823018102
80724,0.16893555293143384
80725,0.00047917183331364793
80727,0.9992113061253615
80731,0.0014933004247799913
80735,0.9990247626493131
80742,0.0009432111800427365
80743,0.0003152017914960326
80746,0.0013393693096304276
80748,0.0010464430983698882
80750,0.020141543437980174
80755,0.0003952659949716472
80760,0.0004641850815933537
80764,0.9915199874125837
80766,0.017513420380680978
80772,0.00012660498295970373
80773,0.0017170789872409994
80784,0.0015719083130624535
80788,0.9988849800754379
80793,0.04982628128618965
80794,0.001097112097031262
80796,0.0009451713948833419
80798,0.001334939554163633
80805,0.03683920300906116
80812,0.0003038741138741712
80821,0.0004013582265567481
80825,0.0006109667566290296
80826,0.008400093789209898
80827,0.0013345187568387712
80829,4.692836423017095e-05
80834,0.0008305988466419692
80840,0.9951049090244167
80841,0.0005234285230831684
80842,0.000771477130364351
80844,0.0056921818317757075
80847,0.0014659901358286469
80848,0.0007495366118885642
80850,0.0021179775701726
80852,0.9982046479105137
80854,0.00018784304937192488
80858,0.002853233824310577
80860,0.0003327312140464381
80861,0.000486340388218161
80862,0.0015418364775558083
80863,0.0016801090694459138
80865,0.0020243414972559073
80875,0.001521796728569493
80878,0.9988691423416872
80879,0.055506775969299524
80885,0.0013773736653274532
80889,0.00038721555627457593
80892,0.23419717249782482
80901,0.0009504286822709338
80917,0.0010881346367925932
80918,0.000995663509079374
80922,0.0014375144757478773
80925,0.0011885491473872553
80926,0.0013889207357647738
80930,0.0005669821292999784
80931,0.006425449224846896
80936,0.0013583316184072403
80940,0.00020183125518719229
80942,0.00048660885322786534
80944,0.9888628508053521
80948,0.0040216054459443484
80953,0.9992542590567387
80969,0.9992641251832379
80970,0.0004477483832174275
80971,0.0015119662127262385
80972,0.0013612890132245772
80975,0.9970863546155908
80976,0.9990344099468911
80984,0.9431021164465473
80989,0.0003154705722400023
80999,0.0008417657655953986
81002,0.24090041554296615
81006,0.03637620842422638
81014,0.0001378747043273144
81016,0.0031509448533840233
81020,0.00015997065784450557
81022,0.03661573335075158
81023,0.0010645251539008096
81027,0.00038436753779033287
81032,0.9998827533107725
81033,0.00021898603804713755
81036,0.001540155990389874
81039,0.0014106548353336689
81041,0.9977746147249473
81044,0.9986150679886043
81046,0.23707900843612423
81052,0.00015991864259944495
81059,0.00016576762550152217
81060,0.9973211684506922
81061,0.0016784859905681286
81063,0.000847188159072244
81070,0.0010891633546953646
81071,0.0001482592491013171
81077,0.04854035522377272
81083,0.9984103576320027
81085,0.9993065987566017
81091,0.0007084319402046391
81095,0.001350774929935324
81096,0.0011340052284598862
81100,0.00031823880194634715
81101,0.23419717249782482
81102,0.0033505447500510282
81103,0.0004884793737434285
81107,0.00041057804494991855
81108,0.0016661142209504188
81115,0.0012347467267628935
81125,0.0007812474847697636
81126,0.00040672363040425907
81132,0.9990856671459152
81134,0.9972934434926746
81140,0.0013991563933489159
81141,0.9959598308393104
81144,0.0001715994030949719
81149,0.001523895108533873
81155,0.057188041978238596
81162,0.00015367721182539914
81168,0.9990805611309325
81169,0.16467281293753697
81173,0.00015314181357798626
81174,0.9980553950986516
81175,0.9988649187476923
81186,0.0006032809553952383
81187,0.0007306606456103839
81189,0.0014817174733332405
81198,0.00016264783208913759
81204,0.0014409403441463127
81212,0.00041609374221015713
81213,0.0013300029905555474
81217,0.0008669104222985553
81221,8.631806919520585e-05
81225,0.9975587498833659
81227,0.0011025989652740508
81229,0.03637620842422638
81230,0.00031987292424352906
81232,0.9871224347635993
81233,0.9965955109393836
81236,0.0013348698390800106
81244,0.0010286602959906962
81248,0.9492260901390694
81254,0.0006207754372195976
81257,0.0008318945983025126
81261,0.0014253418085878598
81262,0.0010739056390038435
81266,0.9988581160053916
81267,0.00046446259781252226
81268,0.0011474766773980414
81269,0.002654828669620763
81275,0.00018960888940959702
81281,0.04740088250048394
81286,0.0004916104864111479
81289,0.0008263773080546704
81292,0.00014237076675609943
81296,0.001333095347657979
81305,6.213196752892137e-05
81309,0.9981728636646849
81314,0.0003026113754153957
81317,0.0023445333348239244
81319,0.00030873524317253206
81320,0.00031238168214354746
81324,0.98740658950645
81325,0.003395238228206195
81326,0.00012696967564261385
81330,0.0007669703499864773
81336,0.0014394742387603859
81347,0.00030387674187477994
81348,0.00045330882597618364
81350,0.00041495775042550833
81352,0.0012771017897744482
81353,0.001047006435444386
81357,0.0007712741108100739
81358,0.0001740963260442043
81361,0.00014601557414353392
81365,0.005993929624163879
81383,0.0001372692789494538
81385,0.0013345443017560494
81393,0.009329468459572067
81394,0.0013314231022819125
81402,0.0013314231022819125
81408,0.0018920393352845322
81409,0.0019304944014526288
81410,0.0006975773853028527
81411,0.0007808180507374354
81416,0.0029197461650362763
81423,0.00012503722988993452
81430,0.0013594303738674537
81432,0.998573734809393
81433,0.00021172187164064104
81435,0.9968806269151441
81441,0.000985626723361708
81445,0.0011977832153208425
81451,0.0013238454952592227
81452,0.001000751787421952
81461,0.998490562148364
81465,0.9986258229211815
81467,0.9440994292152037
81473,0.0013165493106373069
81474,0.0005831360616091784
81479,0.2348738359961771
81481,0.9982465043064608
81496,0.9999129494847196
81501,0.9980698327278137
81508,0.0022242734441073127
81523,0.9990933063487913
81526,0.2343670686352531
81547,0.23256578420239737
81554,0.0010959779995959134
81555,0.22657127283688758
81564,0.0014952385249992631
81567,0.998573734809393
81571,0.032807738326873864
81575,0.0013345187568387712
81576,0.0014639297474340772
81579,0.9997216790637512
81581,0.00020462781804832017
81588,0.0005500230866423473
81591,0.0027490884836033685
81602,0.0006288278793883904
81612,0.9944588274529721
81617,0.00048152834823984945
81622,0.9984883614884884
81624,0.0015222210178569996
81625,0.0006750376846898492
81626,0.002032322228276973
81628,0.0016725124566282612
81637,0.0011444001738483752
81638,0.0011093335485275319
81640,0.00026590302334887584
81649,0.0013583762856712632
81650,0.9451171487500531
81656,0.0003453725035636227
81658,0.031190895652257557
81666,0.998480389568744
81667,0.0008133417208866525
81671,0.9984936134943148
81672,0.0011090432487847013
81676,0.0013322091665977033
81684,0.0033136730677655792
81690,0.0026862558904317516
81692,0.01996809586146814
81693,0.0021827729330937077
81694,0.03273402795082887
81698,0.0013348698390800106
81699,0.0021644320626935617
81701,0.003618522163506229
81713,0.9985758113591313
81714,0.0016034463832568964
81721,0.006294221352814243
81725,0.00019091149500726542
81726,0.001287130529104924
81727,0.23256578420239737
81729,0.18093442491040213
81731,0.0015104315634564757
81732,0.0005190288375714153
81746,0.0014050584239404232
81755,0.001694878242235818
81760,0.00048356398961534725
81762,0.0004878419647168481
81765,0.0007002520334353098
81769,0.00048472608558583545
81770,0.036323778754121065
81788,0.001116346560778397
81789,0.9872963449411436
81792,0.9988830090976109
81797,8.622778170981453e-05
81799,0.09200786674642966
81807,0.0005439026237852049
81809,0.0010478153746551816
81812,0.0025987163038869512
81817,0.0004891510057557451
81819,0.0003406426148891385
81820,0.9800600695704117
81822,0.001000603486526294
81823,0.9985304508398936
81831,0.16996626473725737
81835,9.977791069534648e-05
81838,0.00012883182936012248
81840,0.0007770994151593346
81846,0.00013843026780378608
81852,0.0012726377408837169
81853,0.9914504750061947
81856,0.0006966879998615981
81861,0.23157203953511424
81864,0.0007235542492369382
81866,0.9771514925813881
81871,0.00032419193175574584
81875,0.0006975773853028527
81877,0.00015919571210871317
81881,0.0010833037614378677
81883,0.0012451758718487731
81884,0.0028827006866724543
81889,0.00014433040107335803
81890,0.0013317841042374855
81893,0.9990248697052374
81895,0.01693755164863025
81897,0.0010010437098740403
81898,0.00012700718434710862
81900,0.005562317124197842
81902,0.008248105744789206
81903,0.0007490404149710182
81904,0.0011353549647674052
81908,0.00016009810774991
81910,0.9981135282994741
81918,0.9986150679886043
81919,0.0006977473254203455
81929,0.9986511031320976
81934,0.20175908357629171
81936,0.22575401432258457
81946,0.00041823573265711774
81947,0.9988779228790873
81949,0.0014667610237057164
81950,0.0014079210772971577
81952,0.01682813787281074
81957,0.0016734244069232043
81962,0.24019970819324146
81967,0.03170988708375672
81969,0.9985874775387464
81971,0.0011257738577357917
81976,0.0005486977086422332
81977,0.0010985578692179643
81981,0.0007056323380555845
81984,0.0013354064721763487
81989,0.999263726970021
81994,0.00046055645338471805
81997,0.0017093554846927736
81998,0.9743583296175085
81999,0.0003016565190444547
82001,0.0013861524781698191
82002,0.9440090207245707
82004,0.002050809648260638
82005,0.00013639672636389788
82010,0.0010000292664806092
82018,0.00022668197530300926
82019,0.9981468202313418
82021,0.9951720684460563
82026,0.0001731015061395223
82027,0.0010971953861536252
82031,0.0007006254789228897
82033,0.0010493890105599452
82040,0.9973786785978613
82041,0.23214765083129657
82045,0.01996809586146814
82050,0.9978599203318865
82065,0.016781628111524845
82067,0.0011481635622746147
82070,0.0006975773853028527
82078,0.9992032588260402
82079,0.9983925119841042
82082,0.0013362002191384499
82088,0.0013844794871597068
82096,0.0003486052991013724
82105,0.99990401111929
82107,0.0005986437482632894
82109,0.9947850677746527
82115,0.9978032244679116
82120,0.9965458704121072
82126,0.9915299008847334
82133,0.0004912881277192334
82134,0.9974985074119823
82140,0.0015750446627418465
82147,0.9945867643858063
82148,0.0021413733959757403
82151,0.001650780040285953
82154,0.0003317881851988074
82156,0.053559573993850106
82160,0.0010580933618531375
82162,0.9992143696253366
82167,0.0022020929253979593
82168,0.0010599581121529277
82171,0.0014561008515759988
82173,0.999910481728298
82175,0.004679852818172374
82183,0.0010501479945533093
82189,0.011731039154230493
82191,0.0004523145365478097
82192,0.0004809308257158144
82193,0.001051248485630149
82198,0.9967408195238759
82202,0.0010546761872639548
82207,0.9993035568844356
82212,0.0010882510582612187
82216,0.28982222431655325
82217,0.0007146474758582877
82227,0.0002077119689150394
82229,0.9990247626493131
82230,0.004896030439034194
82231,0.0014511020675689352
82239,0.002002118797703388
82241,0.0002185278101598138
82243,0.0014420333826422845
82245,0.0004189113238219655
82252,0.22657127283688758
82254,0.9992143696253366
82257,0.001345375376533795
82258,9.973245875730074e-05
82262,0.9997109302938214
82268,0.0007186407321308786
82271,0.0006163186866533256
82275,0.0014264583021325458
82276,0.9985758113591313
82302,0.9440994292152037
82308,0.22678385924336528
82309,0.0016642482199055125
82310,0.0004835540256906633
82311,0.0014587469771817035
82322,0.9986143905357386
82324,0.9955128918499773
82329,0.9989009105663195
82330,0.00031823880194634715
82331,0.00038297492954202116
82336,0.9986051462284322
82339,0.0004357104434812397
82344,0.22709659507387725
82347,0.0019367043822134293
82348,0.9986704638261309
82351,0.00021780014580929745
82353,0.0013345187568387712
82356,0.0003126418257480316
82357,0.01996809586146814
82371,0.9954469672299601
82372,0.0010464430983698882
82374,0.0012110855715533725
82376,0.9999041482203418
82377,0.002851099350745096
82378,0.0009980567381267038
82380,0.0006599866075532276
82383,0.0013322091665977033
82384,0.0009535007019019639
82385,0.024604203915867314
82392,0.0014057419799761374
82398,0.9986148385569192
82400,0.0013750289781292021
82405,0.0008079979096002897
82419,0.0014740866353949496
82420,0.0004964428348726705
82425,0.0003838528009656727
82430,0.9797490157120106
82432,0.9988914597134387
82434,0.9996429465226739
82436,0.0011317639717975667
82439,0.9995772244608667
82441,0.016046264830030552
82442,0.004573334123091911
82443,0.23750327661741386
82449,0.9929331812322626
82455,0.00043022974214750997
82456,0.0012475508349856015
82457,0.00026560698052109963
82461,0.0007483840311752833
82462,0.009957662768491908
82466,0.9992753045230975
82467,0.00115355749618499
82468,0.0012471898071843648
82478,0.0002007752815397839
82484,0.00014811489440005635
82493,0.0007813396227112132
82495,0.00021836989760604605
82496,0.22668539031695156
82502,0.0007184516068437734
82505,0.0006986763636347407
82510,0.9972783691915258
82513,0.0012006571663302262
82517,0.001132061774223842
82522,0.0006966879998615981
82527,0.0003439836583897534
82532,0.0006675548165559736
82537,0.0003199799935514791
82539,0.0012346656186269318
82540,0.0007963690783117516
82543,0.0014017651614658601
82546,0.0006987764805758616
82549,0.001051248485630149
82550,0.22657127283688758
82553,0.019041905857258765
82555,0.0004892572198408847
82557,0.05154208442657091
82562,0.0004504148926143769
82567,0.0003210523043889219
82581,0.0006488420617280318
82587,0.0010478153746551816
82591,0.0014815045174385436
82594,0.0001602205820780964
82597,0.0016157433705814564
82599,0.0003327312140464381
82600,0.001104164090389858
82604,0.0006322464508280682
82609,0.0016468841427516416
82610,0.0005682640690755478
82613,0.003734532107609659
82616,0.9986511031320976
82622,0.0003259436149736472
82624,0.002149489430738325
82627,0.0011249133087315357
82634,0.0036442351020260924
82636,0.0016806740156812563
82641,0.9945507123730564
82643,0.000450740825875394
82652,0.0019673371400708056
82655,0.01643445135120519
82663,0.0010676511619415491
82665,0.001324202226094446
82667,0.9988702493179328
82675,0.00379515572591715
82704,0.001419380218637948
82706,0.9918468014081996
82708,0.0007485157762202784
82709,0.0010478153746551816
82710,0.00012908467631289242
82717,0.0006982642384619177
82718,0.0005900010118176743
82726,0.9992127283048787
82733,0.00010144042151883449
82734,0.0034415857470041548
82745,0.0010668307475455
82747,6.15598575657966e-05
82750,0.00016512169619584114
82753,0.9986283031228186
82757,0.978400840126094
82767,0.9737375401547337
82770,0.9994532759014609
82772,0.0014880079471544262
82775,0.002206234607404498
82781,0.003467793493645889
82786,0.0006966879998615981
82791,0.00017743447908517094
82794,0.002645018828606032
82795,0.24989769627650454
82796,0.00031823880194634715
82799,0.0007734765806952107
82800,0.23473480971734587
82801,0.0007241290173244732
82802,0.999262838233632
82804,0.9984878332707315
82805,0.9984045796887182
82810,0.998902372000513
82814,0.23750327661741386
82816,0.9433416288599907
82823,0.001354009537005236
82824,0.9989239980066557
82828,0.9985758113591313
82829,0.0015078112217166992
82832,0.0014077257190140348
82835,0.003322766995786966
82836,0.0010464430983698882
82838,0.00010479686924138196
82841,0.9991015935470868
82843,0.0002905239914574481
82846,0.9988087024603701
82848,0.05202791244877017
82852,0.0010498717178804523
82855,0.001030407956404172
82861,0.0002018334887145647
82866,0.9977188946541535
82867,0.0007030566532787917
82871,0.02486472755845973
82875,0.0007875549972998
82876,0.9998665050737168
82878,0.00030884592966469037
82888,0.0010050403439290122
82891,0.9985921748732034
82892,0.0013345187568387712
82895,0.9954957257601585
82900,0.9988426012593347
82905,0.0011616915282805737
82907,0.9992586646284075
82909,0.001389191157109471
82910,0.9988922089684865
82913,0.9435956353003266
82917,0.9985750852563301
82921,0.000481951146026003
82924,0.001378455189589461
82927,0.00020880441831395155
82934,0.00013970757871241814
82945,0.0033944155347128977
82948,0.00048711192694554726
82949,0.9986225556061034
82956,0.0019399615168057495
82967,0.22657127283688758
82972,0.0021410702031420172
82977,0.02597048168700549
82978,0.0013238461797779922
82980,0.9973052269150993
82981,0.0001342740523838293
82983,0.00031913016975200286
82988,0.0010495789483104545
82989,0.00020031123660698268
82990,0.0013520431480391118
82993,0.8802043622286947
82995,0.001657361731488851
82996,0.0012261506120789705
82998,0.9973353866890032
83009,0.0013915778856574473
83010,0.0010600100039462816
83013,0.9988554390939568
83015,0.9990342018609808
83016,0.0017185431839932667
83020,0.0006977610194942836
83021,0.00031987292424352906
83029,0.9986051462284322
83043,0.0037926233881754746
83048,0.9985874775387464
83050,0.9764501039865809
83052,0.00012588384737054282
83055,0.9986290021442883
83056,0.001048194444320064
83057,0.22657127283688758
83060,0.00031309188063475976
83061,0.22616402368765462
83066,0.0003615057980142667
83077,0.002747534485169001
83081,0.0012920701222159743
83083,0.23421632713657342
83094,0.00482875583474528
83097,0.9988621417128462
83098,0.000417406735760217
83103,0.001215324842185109
83104,0.00031781306801495046
83114,0.000580939618687682
83117,0.002789697838372654
83122,0.002576942207374911
83127,0.000965474573209046
83135,0.0010501479945533093
83138,0.23750327661741386
83142,0.0010275296907451751
83144,0.0009329302356959056
83149,0.0001682932972000302
83165,0.9979622886996778
83167,0.02444399861477298
83171,0.9986150679886043
83174,0.9985887348027616
83178,0.0006402645455256477
83184,0.00020958157638690852
83191,0.0021914120222432634
83198,0.9976626674218508
83203,0.22657127283688758
83204,0.998218789229309
83205,0.998898296714759
83213,0.0011050724572942664
83218,0.0016417225323838284
83223,0.99275657873698
83230,0.00020516266644465868
83239,0.04673248721880238
83240,0.003423818411857128
83243,0.0038283975159042055
83244,0.9991120228788739
83249,0.0011912271263463726
83252,0.00044670883077177427
83265,0.9977188946541535
83266,0.03702968427078716
83270,0.00016283458632766816
83272,0.0015197919508889708
83276,0.00020734326908477806
83279,0.2312822821505752
83286,0.07104030602102272
83289,0.0005712147415265806
83291,0.019884375768796588
83294,0.9984949093687883
83301,0.9993194885757051
83303,0.0006975773853028527
83304,0.0014379229175321819
83306,0.00013569558560364893
83309,0.000262574391541385
83311,0.9984815592730417
83317,0.0013093196664125013
83333,0.00021269604792399763
83337,0.0022029226125831044
83352,0.230073678156334
83356,0.0014848102144628048
83358,0.9993135417821257
83366,0.9914436062946099
83370,0.0005468893033406476
83373,0.00010188906553776102
83375,0.0026722234453129194
83376,0.00021283514711754612
83379,0.9988554390939568
83385,0.0004893873358887431
83399,0.003832750004293867
83400,0.0022391243041798097
83403,0.0010498717178804523
83411,0.0006987753780246237
83423,0.06711750622492332
83425,0.052213353460391757
83430,0.00037461766639269113
83432,0.17298757182652016
83445,0.0013589875099386827
83452,0.0015748077035188537
83453,0.020217381621404303
83462,0.003977828862468697
83465,0.9928125910789724
83467,0.000382759900188301
83469,0.0006935387459743345
83471,0.9988581160053916
83474,0.9948687511627878
83475,0.0016963623332610827
83479,0.001465824880917727
83484,0.23707900843612423
83499,0.036944097137180165
83500,0.003993917230476934
83507,0.0007117262221147445
83518,0.0013861524781698191
83523,0.016621133063700742
83525,0.23214765083129657
83531,0.00017016931504168362
83536,0.00031781306801495046
83538,0.000364916975385082
83551,0.9436281418497879
83562,0.0014511020675689352
83563,0.0007423001469446537
83564,0.0005786075585879613
83565,0.998854479646305
83570,0.03367551503156907
83579,0.0010555145089567424
83580,0.9999106855911004
83581,0.0007137818098151203
83586,0.9989213934966491
83589,0.0009414398289509145
83592,0.0003189178113029457
83596,0.000740235258563987
83597,0.9970664261720048
83602,0.9988613851219579
83608,0.978184224400551
83609,0.00033549882461901954
83610,0.00035401906211717844
83612,0.08932301712779048
83615,0.22616074094976135
83617,0.0016972029312386997
83620,0.0005656040010041591
83624,0.0006977473254203455
83629,0.9988110601806842
83631,0.0003177170241375779
83633,0.0014762940220958704
83634,0.000733572281263444
83636,0.0011696518118190337
83648,0.0007669559750051303
83650,0.00020243184794869657
83651,0.2302794176613532
83655,0.0008054158409269903
83657,0.9962025246691951
83666,0.0004143180696657351
83667,0.0003855757635431926
83669,0.9984949093687883
83673,0.00020183100930056523
83675,8.629692723981519e-05
83694,0.0011118269757817336
83701,0.0033735720673942634
83704,0.00048031580781089097
83708,0.00036819488648256944
83715,0.0002018334887145647
83719,0.0001672730204250343
83723,0.001045566547486201
83724,0.22657127283688758
83728,0.0007712741108100739
83735,0.0026031495208375024
83737,0.9984921883385266
83740,0.9991429478636841
83746,0.008158717481808953
83751,0.0007770908205789111
83761,0.0013326592627687333
83762,0.9988110601806842
83768,0.0003031839663290988
83771,0.00078151522947751
83777,0.0014327624625759252
83783,0.003407082602333083
83794,0.002575792071412896
83796,0.9984826018165908
83799,0.9985914571013449
83805,0.00012696793172315744
83808,0.0014641427908781428
83814,0.002715226721308609
83820,0.0013505588601834886
83827,0.0032042224676202924
83828,0.0009139888658724482
83831,0.0014529531307316851
83833,0.9978487916139736
83834,0.0010438782634250496
83837,0.003989210082873675
83838,0.0033447631689644585
83839,0.01996809586146814
83840,0.0036503318935165656
83848,0.056905884777327845
83849,0.9992831697592863
83850,0.0005629407357159178
83855,0.0003731430175561683
83857,0.9435930523597257
83858,0.9992243107507128
83871,0.001170440774553353
83883,0.0027380846902826466
83885,0.17251751481751648
83890,0.000408209363991363
83899,0.0030852191631482416
83906,0.032372602411515405
83908,0.0014310415152617903
83909,0.0002018334887145647
83910,7.170647605180116e-05
83911,0.0013768119089440983
83915,0.00017039402784802928
83918,0.004696113435475034
83927,0.0014670466941965506
83929,0.00043161240704766164
83936,0.9992121292028981
83946,0.9986250416966778
83954,0.0006975773853028527
83955,0.9999183520401032
83958,0.002178733134904394
83961,0.0001722294767237138
83963,0.0015394868346356567
83965,0.00012282454336954456
83967,0.9988976171265169
83972,0.005239927975801989
83973,0.0012227699260043093
83975,0.0013865917649970635
83982,0.0008111064388331324
83983,0.0010478153746551816
83984,0.0014793946010595747
83992,0.0001430624229333108
83995,0.0001522580365362151
83998,0.0013291188624175454
84002,0.9979170307756857
84012,0.0004281287228901502
84014,0.0010464430983698882
84017,0.0001238433759725346
84023,0.9992542590567387
84026,0.9991466999377698
84027,0.0010501479945533093
84028,0.9992601683497175
84029,0.0006740242383137331
84037,0.0013610891475897802
84041,0.22616402368765462
84046,0.000785546848008726
84049,0.9959236051657904
84052,0.0013357577876434072
84058,0.9999211392984055
84060,0.9437212592281552
84068,0.00034424489576232164
84071,0.9985921748732034
84079,0.0014353282257162426
84081,0.0033193402967868135
84083,0.00012678820810436102
84084,0.0008447466214360336
84090,0.0010501479945533093
84095,0.0015462896682854122
84100,0.0009442714362303326
84105,0.0001498058258109233
84108,0.9988922089684865
84114,0.0021491171764421555
84115,0.0004912500157823508
84118,0.03275097260875363
84120,0.001756330849185971
84130,0.0003385193981603424
84131,0.0016166944522887393
84135,0.9984897926481685
84146,0.9986143618724783
84148,0.0003176608492177372
84153,0.0005998733477509378
84154,0.03298377016331353
84155,0.0006181979225765247
84162,0.004815537262889686
84165,0.0430326230926609
84168,0.001406603897474574
84169,0.23707900843612423
84172,0.0016276601084856065
84178,0.01682813787281074
84182,0.9746265035671831
84184,0.000714306614927057
84186,0.9990674644071869
84191,0.0014527328340141375
84200,0.0010619733898436486
84201,0.0005977891211375699
84202,0.09684342548806177
84212,0.0012071371751108072
84215,0.00013583777826604968
84216,0.00018236188699098234
84223,0.00033924735168830525
84225,0.998573734809393
84232,0.9987821171421936
84233,0.9999113113111305
84234,0.0008723928207068281
84249,0.008260273859240875
84251,0.05136619119870577
84253,0.0014503626397097357
84265,0.00010446002858813534
84268,0.00018469266511359468
84275,0.0012215249670486882
84280,0.0010739056390038435
84290,0.9985921748732034
84291,0.0010697988637722617
84293,0.00048747212373084157
84303,0.0024455716173134223
84308,0.0013618189727910145
84309,0.0013291188624175454
84315,0.002168506237114933
84316,0.9973524397869298
84330,0.04745565952601919
84331,0.0016650039505653228
84334,6.873062317610919e-05
84343,0.00044652518570391863
84347,0.0009544463315581522
84349,0.00499338428541978
84350,0.0007865737361657133
84354,0.0007937730172337381
84355,0.0016794875689115352
84360,0.002718198893133294
84370,0.0004925482321677527
84374,0.9952340646126984
84378,0.23224230686603664
84380,0.998070654347411
84384,0.9442976846853355
84386,0.0022630119486883576
84392,0.00026814106679080363
84397,0.00215687809090465
84402,0.9999112000081234
84416,0.0014002250497501464
84423,0.000388890795480902
84424,0.0026674685085904147
84425,0.0007810042603928674
84429,0.001058948825855329
84430,0.998573734809393
84432,0.996553107351721
84434,0.00048111269827669185
84435,0.00047564591699834506
84438,0.0471904716334343
84442,0.0033447631689644585
84452,0.23330593284286774
84453,0.003556421588134141
84463,0.001395562512094954
84467,0.0009905850445355844
84468,0.003328988748547192
84470,0.0005588811890375445
84477,0.0008120522770563904
84478,0.9986511031320976
84484,0.002811037420475604
84486,0.9987910535285909
84487,0.001931044236714323
84495,0.0011178403691784304
84496,0.23163315307971089
84499,0.9986145097923802
84509,0.0016732779654654885
84510,0.00105095533253554
84521,0.23256578420239737
84525,0.003980463923507313
84528,0.00031913016975200286
84535,0.00030408944724876126
84537,0.17964167317512855
84542,0.0016741311587751637
84544,0.002649150393825286
84552,0.9986337008585621
84554,0.0001673429501049184
84555,0.9954598223269099
84556,0.00033913925675035597
84559,0.0014667363305494456
84562,0.03419609774494028
84570,0.9969651059721208
84571,0.0022372415997187717
84572,0.00017479017789460378
84581,0.00031987292424352906
84582,0.9975645720550111
84583,0.0003469906023180581
84605,0.9970119248852719
84608,0.001333095347657979
84620,0.0001498087066651414
84621,0.0010979219626449904
84624,0.001056384357674219
84628,0.0004160608318192221
84629,0.9993011212345869
84632,0.0015831566811097177
84635,0.0007971284024127815
84638,0.0011830709335535945
84639,8.620270073444879e-05
84644,0.004170310110738133
84647,0.004798862583999281
84650,0.0011317639717975667
84652,0.0012730911830052696
84654,0.0001684964725317918
84665,0.9973694284357792
84667,0.8826987823675327
84668,0.9879456001507174
84670,0.0001668689170937507
84672,0.00010108704345458677
84674,0.0001426477843415408
84681,0.0013388688518177576
84682,0.0014888863691041611
84685,0.0033761915250871137
84688,0.9984195045177646
84693,0.03347062303401683
84710,0.0004571409195086661
84711,0.9974499528270434
84713,0.0001534262074544931
84714,0.0017394109204569611
84717,0.0002058016492177184
84718,0.9975008491630707
84730,0.0011033841723988866
84731,0.0003294762641287434
84734,0.00016001297446359747
84736,0.0010957851653541344
84739,0.00013580180498936394
84742,0.9955391009330304
84743,0.001695853642193971
84744,0.22657127283688758
84749,0.8754999790050713
84751,0.0007712741108100739
84755,0.22890387907949092
84767,0.00031913016975200286
84772,0.22625904865575544
84774,0.00033726674603962826
84778,0.9441979512915524
84781,0.00043705921281421005
84782,0.9988968871186003
84785,0.9986225556061034
84792,0.01681969486051125
84793,0.0006698926337583524
84803,0.0002082016192740154
84809,0.0008068067836812525
84810,0.0004892228013198208
84812,0.9984009889956805
84813,0.9984134850560888
84815,0.999292517702698
84825,0.00020243184794869657
84828,0.001136804833590147
84830,0.0015117002972958485
84833,0.0003301347344343769
84834,0.01996464889652046
84835,0.001526514277383503
84839,0.00032241813616103014
84840,0.0013562883077550864
84843,0.22657127283688758
84845,0.010322991963822298
84846,0.999707539599716
84850,0.0014191442878599752
84851,0.0017023450673099157
84854,0.0006623212302176999
84857,0.9793026835132564
84858,0.997595969234544
84859,0.005028742715535896
84861,0.00014287867475163858
84862,0.00029425093791429595
84864,0.0007896858603208444
84876,0.0004625271590376441
84877,0.9991317441739019
84880,0.0030432797441336547
84882,0.0013384161859994084
84883,0.9986051462284322
84885,0.0006977610194942836
84898,0.00047790919748386666
84903,0.01678939659801079
84911,0.032777234884345065
84912,0.0013322091665977033
84913,0.002715155896545657
84916,0.9981277402970299
84918,0.011216420361777828
84933,0.9999169171919176
84937,0.0001886882722882471
84941,0.9973059144680778
84945,0.0006750550772324287
84946,0.00030318819159411907
84947,0.0009817812428014217
84948,0.0004543380362734337
84951,0.9984842994556329
84953,0.0011965906257714242
84955,0.0002009011313095166
84957,0.001160435316241851
84958,0.0009924487721671756
84987,0.0011112648202508892
84991,0.00048376037127084205
84996,0.9991521365331878
85006,0.0013461074866044816
85013,8.580161904903141e-05
85019,0.00048660381505823147
85020,0.9971353556856135
85022,0.0002278738960348014
85024,0.003173977458094193
85025,0.9986511031320976
85028,0.00047935184936575203
85030,0.0009467074482172901
85033,0.010444284283277917
85034,0.00013823478944814517
85038,0.0008221705632570829
85039,0.0025764019560882206
85040,0.0016652618819679127
85042,0.9425343088701104
85043,0.0007169421067451456
85044,0.00021790956978164704
85047,0.0001558442119166928
85048,0.9992616253557479
85051,0.9915274386111571
85052,0.00191719019716182
85053,0.00037039322684236645
85055,0.001534201731708133
85056,0.22709659507387725
85070,0.9981426489977232
85072,0.0014251901677744534
85074,0.0007687546215149313
85077,0.001379006304219005
85081,0.001484256757453063
85084,0.00047176090232908357
85096,0.942041392483701
85099,0.9988581160053916
85104,0.997572834966995
85120,0.0002718297866316702
85124,0.00012630128003342743
85129,0.0013999039444806672
85133,0.0007058794776847808
85142,0.22616074094976135
85143,0.22616074094976135
85144,0.9770215651483467
85145,0.00595606547893612
85148,9.407547760730066e-05
85149,0.9999065459797659
85150,0.0013384161859994084
85156,0.0021783558271618176
85159,0.03770754645876895
85168,0.0006966879998615981
85176,0.0010515251242219138
85177,0.00012767384521931532
85183,0.00027415721430811756
85193,0.998781983467862
85197,0.0006233032596175648
85211,0.00141134644385425
85214,0.0011055703820070416
85215,0.0016661890018826542
85216,0.9985325903156814
85219,0.9994040373945381
85220,0.002054486343878129
85224,0.00031987292424352906
85225,0.0014188479127957723
85227,0.09451943631918051
85228,0.006427147027294271
85229,0.9941332605595371
85232,0.9991501774356741
85236,0.0010096345900412853
85241,0.0004561920533303272
85242,0.005297483706681772
85243,0.0016623875153925058
85248,0.22657127283688758
85250,0.09451717534872014
85254,0.0010498717178804523
85256,0.04838714887531967
85266,0.00031781306801495046
85273,0.9986250416966778
85274,0.9988896118921218
85280,0.9986321315300382
85283,0.009678740176739706
85290,0.0006977610194942836
85291,0.00046055645338471805
85299,0.002581752509673669
85300,0.0010176138107057498
85314,0.9988554390939568
85316,0.0014240746653871295
85318,0.0016178154086441154
85320,0.0004461363004057886
85324,0.22657127283688758
85332,0.000140249154675139
85336,0.00010247257954597854
85341,0.011925311043993955
85343,0.001383229417564613
85344,0.001056414096114893
85347,0.9999121505630186
85351,0.0006976019373648895
85356,0.0004297391170741644
85358,0.0014412151934515894
85362,0.001128068214592131
85375,0.0027518684320280104
85381,0.0004519485459710342
85383,0.9985325903156814
85388,0.9992158438534247
85389,0.0004625862414240397
85390,0.0014433114793127879
85391,0.00031254465076710654
85392,0.9997097484603615
85397,0.0017160090325607123
85402,0.9436689552719975
85403,0.0013522171908849877
85404,9.172990026417109e-05
85405,0.00030683258951950373
85410,0.9927721422148598
85412,0.0010501479945533093
85415,0.00034744121938155257
85417,0.0035971102069753892
85421,0.0006174319304575312
85434,0.9450597259539749
85435,0.0010532949351575692
85439,0.9992924529628233
85440,5.204700656863348e-05
85444,0.0004157642163893609
85447,0.0006516582426375297
85450,0.0013307988318624966
85456,0.001203903027634219
85462,0.00021172187164064104
85465,0.013664514735780536
85467,0.9970261303529389
85472,0.046001275715890064
85473,0.9970312043244436
85479,0.0021937061451044156
85481,0.0008341315681914699
85482,0.0040081450182846215
85484,0.0003952468209301849
85488,0.001135155210132811
85497,0.03607025028877854
85507,0.0013322091665977033
85510,0.007845536495927228
85514,0.9984949093687883
85517,0.001438671822780756
85523,0.0020195194237842243
85525,0.06911596816514284
85533,0.00013614515602007433
85541,0.0036155651882929765
85542,0.9993043226025378
85544,0.002882259365235885
85549,0.0003031908136644514
85551,0.22657127283688758
85553,0.017066072124960256
85556,0.0010464430983698882
85560,0.9990364424545474
85561,0.9946488333430988
85564,0.0014106548353336689
85565,0.0006513463003613183
85566,0.0010464430983698882
85571,0.9942878210187037
85575,0.0019771082418202066
85586,0.0001019993955857553
85609,0.9992009293177337
85616,0.9440064555909081
85617,0.001086481945300549
85618,0.003492032518718633
85619,0.9992565033241326
85622,0.035798003395946014
85630,0.0003846202043850587
85635,0.0010495789483104545
85639,0.9992383230192604
85643,0.0010495789483104545
85646,0.0001537368581414586
85648,0.22657127283688758
85649,0.000799947418213968
85650,0.00016687281467699444
85657,0.9991003316518542
85658,0.0375263848797206
85659,0.00045832076947172344
85664,0.9988594649991724
85671,0.22657127283688758
85672,0.0015514212667466709
85673,0.0003294182492328209
85680,0.9962587721730052
85682,0.9991022928049309
85705,0.0004956781245679132
85706,0.0012535453553264497
85707,0.9992566904321838
85716,0.9992204912809851
85717,0.0010815840308523045
85723,0.002705051162779213
85726,0.0059410732174818804
85727,0.0007304683593448643
85728,0.00015167027567758137
85736,0.0010272053983032988
85738,0.9764734990957431
85744,0.9989206917422284
85747,0.00013903580228927532
85748,0.005564409967914019
85751,0.0004841512819274362
85752,0.003627774656689796
85757,0.9970312043244436
85761,0.0015627139292538337
85762,0.0011151007346656104
85768,0.9984914172763768
85770,0.0001420516850866383
85771,0.9992021274805474
85775,0.024532033202541458
85780,0.9438808853843167
85783,0.00015407648320673442
85789,0.001594218033113451
85792,0.0013470029003107055
85793,0.9986511031320976
85800,8.595736823199651e-05
85801,0.9992179810030387
85806,0.9966056450823454
85819,0.00025444130333331967
85820,0.0014881203407814503
85821,0.0007157031669046038
85823,0.0028693794383795185
85834,0.001128266723528221
85839,0.0022250052007826843
85840,0.002579549892916626
85843,0.0006991224621477163
85846,0.0004991326980648551
85848,0.999913297153706
85853,0.000943882454943388
85856,0.9974842343214556
85857,0.00020044290041768757
85868,0.046628765634372404
85878,0.0016358132412245666
85879,0.001000120117373368
85901,0.0013810906856352727
85902,0.0013300029905555474
85904,0.0013354064721763487
85905,0.9988676060943663
85911,0.000771477130364351
85919,0.0013388688518177576
85923,0.0001441800819128485
85929,0.00862241821441511
85930,0.016320788998666506
85933,0.9986148639539733
85943,0.99901584106386
85946,9.241902064688737e-05
85949,0.0006025067377778647
85950,0.0010568227369276986
85951,0.0012625166007264631
85953,0.9999117882675672
85954,0.00027555689619604304
85960,0.0002907732994534848
85961,0.0016875335878078488
85963,0.00029500410430474656
85964,0.00017891469632628202
85969,0.99926454923244
85971,0.9992240385719914
85972,0.001173277189298042
85973,0.001164080190021039
85975,0.0003118912932198511
85976,0.00019238098742006948
85977,0.9436281418497879
85982,0.0010402798610513455
85983,0.9988922089684865
85984,0.00011124360602006207
85986,0.0010625242311773982
85987,0.22668867843933074
85988,0.00016529788610596547
85989,0.0013782292069382037
85996,0.9986321315300382
85999,0.0037152927079818487
86002,0.001426708495795115
86013,0.00048419982464472056
86018,0.9981076401100849
86019,0.00014136808127775016
86021,0.00048721885344288286
86022,7.189902788640155e-05
86032,0.01844047344204146
86035,0.00015459544415846518
86036,0.0001500305804998611
86040,0.0007438191117241584
86041,0.00045786198088709117
86046,0.9992010882740018
86054,0.0010971867442748633
86056,0.0012228839911134486
86064,0.00022381574540173034
86065,0.0009299349810862944
86067,0.00015339257969065515
86074,0.001333095347657979
86075,0.00045291476917140133
86076,0.0011694713753960537
86079,0.0007810042603928674
86081,0.001458616770619916
86093,0.00020183125518719229
86120,0.0006287020655525739
86121,0.9971472335429987
86148,0.0039521190229330734
86151,0.000947521572688017
86152,0.0013345187568387712
86163,0.9984936134943148
86164,0.2336795148284603
86166,0.00013968983216299728
86169,0.9992289865082814
86170,0.001380726756030256
86178,0.9997755889075862
86183,0.0005102769325047919
86184,0.0013221284352344367
86195,0.001257303842845143
86196,0.0014070551595431054
86203,0.001384090476003584
86207,0.0014548577165559163
86213,0.998858241333915
86215,0.0014511020675689352
86217,0.22657127283688758
86224,0.0028304376584172017
86236,0.9968730697680046
86237,0.0013923888576397583
86238,0.001722942030216101
86240,0.999056432151701
86243,0.0009444469422217596
86245,0.000483166152577229
86246,0.9992312893243199
86249,0.9986283031228186
86253,0.998805247068001
86254,0.0006502480382171026
86257,0.0004887073360153801
86260,0.999913317101172
86262,0.9999065459797659
86263,0.000771477130364351
86266,0.000490066069858083
86271,0.0001734937374961266
86277,0.9986250416966778
86278,0.00020183324282521716
86281,0.0020699133269054984
86285,0.00030739008661237834
86289,0.0007815250050899329
86293,0.0013681383211619103
86297,0.0013931084996000318
86307,0.001059708976149655
86309,0.0017985313997819525
86311,0.0012280468589490568
86319,0.0014041035403399064
86323,0.9990671851380403
86325,0.9995408414030909
86326,0.0006966879998615981
86327,0.003322766995786966
86330,0.0017371197698502654
86335,0.0009259645048355833
86336,0.0007494712748985762
86340,0.00020729532720404665
86344,0.0010452471797766732
86349,0.00046186701820394695
86359,0.0014264583021325458
86370,0.9999112469140946
86374,0.0015678170169221575
86376,0.22657127283688758
86385,0.024322216555151467
86397,0.0014131002308162984
86403,0.9436281418497879
86408,0.05552210378184385
86410,0.0002731233941356568
86413,0.0013829974534926572
86421,0.0010146488817240292
86426,0.0001758169550392657
86427,0.00030149857365007317
86428,0.0027055864326965013
86429,0.0001654276247160802
86441,0.00013774969055961464
86443,0.001031722925802893
86444,0.00894311112307425
86446,0.0013306581323871323
86448,0.00116260493079709
86462,0.2344029589311133
86464,0.001327806224507608
86467,0.0007135485067091779
86468,0.0003189178113029457
86470,0.0019812236295589604
86471,0.9986051462284322
86481,0.00084950382045781
86484,0.0004919916765589767
86485,0.024322216555151467
86490,0.00021215386618538608
86498,0.03748802351305655
86499,0.9986666248298933
86503,0.9944533399520556
86504,0.9988914597134387
86506,0.0006301678890260955
86509,0.024322216555151467
86511,0.0014872256342108267
86519,0.019693597283978573
86520,0.0010464430983698882
86523,0.0009600649540249565
86530,0.0013362002191384499
86535,0.0006961772876538676
86541,0.9986148385569192
86545,0.003530919567759258
86551,0.0013291188624175454
86552,0.0010469376754918191
86554,0.00010036795563786593
86555,0.004141781643777614
86557,0.9871141554896692
86559,0.9988637144124641
86561,0.01760142039143241
86566,0.0014960867856897771
86567,0.0009507473196985674
86570,0.9991642729522945
86571,0.0027236230868448513
86576,0.0007000792367780542
86578,0.0013701719058413758
86587,0.00033924735168830525
86588,0.9968636865234087
86590,0.0016543697481239286
86591,0.0003322110522207432
86593,0.9986215084965827
86596,0.0007937730172337381
86599,0.9976832512832696
86604,0.9986225556061034
86605,0.0001731268863636156
86615,0.9993073922169563
86617,0.22657127283688758
86622,0.9888219464967972
86623,0.0004490708357091139
86626,0.054183772719386396
86627,0.0007934031307011653
86630,0.9962183944672641
86631,0.9436281418497879
86632,0.0007000677441272146
86636,0.23492172791525795
86637,0.0013618189727910145
86640,0.00020196590684270645
86641,0.9991339464008434
86642,0.00034768819038008965
86647,0.998513803486078
86651,0.9986504153638817
86652,0.003989652228160069
86660,0.0008104197964753322
86663,0.23336796766343915
86665,0.001159673612251899
86667,0.9999176541259729
86668,0.9990423020588092
86671,0.0014380965529969514
86672,0.0013348698390800106
86689,0.9985325903156814
86690,0.9990491106029934
86696,0.9441766104303856
86698,0.9992491452811519
86699,0.22657127283688758
86702,0.003525682370464787
86705,0.9989360308721156
86710,5.238971318500344e-05
86713,0.002589571994615276
86721,0.9502917019494556
86722,0.0010864939261666432
86723,0.00013478139665966653
86726,0.016547521134172582
86727,0.23707900843612423
86729,0.001421308721918443
86733,0.0006977610194942836
86738,0.0003222748977097545
86743,0.001327806224507608
86746,0.9992167608027179
86747,0.001223634127456709
86751,0.00022934965605867776
86758,0.001420996554517489
86759,0.000587370600972252
86763,0.0006986763636347407
86766,0.0007964594235652429
86770,0.00033757372566151685
86772,0.001349387136224455
86778,0.0014125315386637428
86785,0.9985125555460598
86787,0.00016184854792637658
86788,0.9444661646887993
86789,0.0003307064165227528
86796,0.9454027966159992
86799,0.00031913016975200286
86800,0.004113962589315274
86805,0.0021491171764421555
86826,0.0004662021157148164
86828,0.23299543517510582
86832,0.8671068013018601
86834,0.9954480100548456
86838,0.0006952652153043761
86845,0.0014779315627743259
86850,0.001490378186423328
86857,0.9989206917422284
86861,0.0014633153781299921
86862,0.0007148144160310098
86864,0.9991450530638639
86873,0.00015228308185824077
86875,0.0013336879114765148
86876,0.991847231024559
86879,0.0009989259181272991
86880,0.9988554390939568
86882,0.00013548945628793647
86884,0.001661233950522237
86890,0.9795753932662274
86896,0.00020183324282521716
86897,0.0007136205926790002
86901,0.9767438740816334
86902,0.0008018421107253135
86903,7.240901965808814e-05
86904,0.0023054910701600173
86907,0.9440671783225519
86910,0.9954965155709099
86911,0.00031987292424352906
86922,0.00047077258959773673
86929,0.0001527367458710715
86932,0.0009473468496253798
86938,0.9431471444446446
86939,0.00021783238609141112
86940,0.00029062554990687864
86941,0.000847188159072244
86946,0.0010501479945533093
86954,0.0016507760559993701
86955,0.0010464430983698882
86959,0.0025104918023985436
86966,0.9970312043244436
86971,0.000630371733948951
86973,0.0033540839621167173
86993,0.22657127283688758
86996,0.0013314231022819125
87000,0.23163315307971089
87006,0.0006977610194942836
87007,0.0011087710330509196
87009,0.0006976019373648895
87010,0.998490562148364
87017,0.00047967642265628953
87020,0.0013735352775576715
87031,0.9767160060259117
87033,0.9441979512915524
87041,0.0010703986147962705
87042,0.00038638808878188884
87045,0.00040180864242225144
87047,0.9986615075859822
